est_origen,var_origen,est_destino,var_destino,lag,correlacion
T1_E1_Alicante,NO,T1_E2_Elda,NO,-72,0.13728907513373634
T1_E1_Alicante,NO,T1_E2_Elda,NO,-71,0.15839686025137276
T1_E1_Alicante,NO,T1_E2_Elda,NO,-70,0.12874912350098264
T1_E1_Alicante,NO,T1_E2_Elda,NO,-69,0.07445059990806589
T1_E1_Alicante,NO,T1_E2_Elda,NO,-68,0.025686815526289573
T1_E1_Alicante,NO,T1_E2_Elda,NO,-67,-0.0032028660450385557
T1_E1_Alicante,NO,T1_E2_Elda,NO,-66,-0.01692394232417555
T1_E1_Alicante,NO,T1_E2_Elda,NO,-65,-0.020067366609465207
T1_E1_Alicante,NO,T1_E2_Elda,NO,-64,-0.015642371597506855
T1_E1_Alicante,NO,T1_E2_Elda,NO,-63,-0.003036658318635757
T1_E1_Alicante,NO,T1_E2_Elda,NO,-62,0.02100491882964095
T1_E1_Alicante,NO,T1_E2_Elda,NO,-61,0.05885845454201157
T1_E1_Alicante,NO,T1_E2_Elda,NO,-60,0.10976899530437977
T1_E1_Alicante,NO,T1_E2_Elda,NO,-59,0.14442258054161264
T1_E1_Alicante,NO,T1_E2_Elda,NO,-58,0.12933768428811415
T1_E1_Alicante,NO,T1_E2_Elda,NO,-57,0.07933196788937917
T1_E1_Alicante,NO,T1_E2_Elda,NO,-56,0.021986807508981437
T1_E1_Alicante,NO,T1_E2_Elda,NO,-55,-0.012935725028092265
T1_E1_Alicante,NO,T1_E2_Elda,NO,-54,-0.027457936257512177
T1_E1_Alicante,NO,T1_E2_Elda,NO,-53,-0.03056719490652653
T1_E1_Alicante,NO,T1_E2_Elda,NO,-52,-0.02359375809717559
T1_E1_Alicante,NO,T1_E2_Elda,NO,-51,-0.006384431790487206
T1_E1_Alicante,NO,T1_E2_Elda,NO,-50,0.03557318590793614
T1_E1_Alicante,NO,T1_E2_Elda,NO,-49,0.09972171142221735
T1_E1_Alicante,NO,T1_E2_Elda,NO,-48,0.1775112806281452
T1_E1_Alicante,NO,T1_E2_Elda,NO,-47,0.2051086811880708
T1_E1_Alicante,NO,T1_E2_Elda,NO,-46,0.16789079990069466
T1_E1_Alicante,NO,T1_E2_Elda,NO,-45,0.1028425582078101
T1_E1_Alicante,NO,T1_E2_Elda,NO,-44,0.04471020351605995
T1_E1_Alicante,NO,T1_E2_Elda,NO,-43,0.009411038411198515
T1_E1_Alicante,NO,T1_E2_Elda,NO,-42,-0.006294501781842023
T1_E1_Alicante,NO,T1_E2_Elda,NO,-41,-0.011010862869547559
T1_E1_Alicante,NO,T1_E2_Elda,NO,-40,-0.0075786513338845524
T1_E1_Alicante,NO,T1_E2_Elda,NO,-39,0.005805732908834813
T1_E1_Alicante,NO,T1_E2_Elda,NO,-38,0.03568155364995574
T1_E1_Alicante,NO,T1_E2_Elda,NO,-37,0.07914632599839845
T1_E1_Alicante,NO,T1_E2_Elda,NO,-36,0.12578788175146063
T1_E1_Alicante,NO,T1_E2_Elda,NO,-35,0.15244751480964394
T1_E1_Alicante,NO,T1_E2_Elda,NO,-34,0.12880907662984634
T1_E1_Alicante,NO,T1_E2_Elda,NO,-33,0.07196502845704311
T1_E1_Alicante,NO,T1_E2_Elda,NO,-32,0.02366709064019932
T1_E1_Alicante,NO,T1_E2_Elda,NO,-31,-0.007275860660055956
T1_E1_Alicante,NO,T1_E2_Elda,NO,-30,-0.02088866352077842
T1_E1_Alicante,NO,T1_E2_Elda,NO,-29,-0.02373243992550129
T1_E1_Alicante,NO,T1_E2_Elda,NO,-28,-0.01680986867140128
T1_E1_Alicante,NO,T1_E2_Elda,NO,-27,0.008997522808815115
T1_E1_Alicante,NO,T1_E2_Elda,NO,-26,0.06399764365577779
T1_E1_Alicante,NO,T1_E2_Elda,NO,-25,0.15068837322063883
T1_E1_Alicante,NO,T1_E2_Elda,NO,-24,0.24176626308570154
T1_E1_Alicante,NO,T1_E2_Elda,NO,-23,0.2771576008686412
T1_E1_Alicante,NO,T1_E2_Elda,NO,-22,0.22684870959995898
T1_E1_Alicante,NO,T1_E2_Elda,NO,-21,0.1311753819775139
T1_E1_Alicante,NO,T1_E2_Elda,NO,-20,0.05740778004678014
T1_E1_Alicante,NO,T1_E2_Elda,NO,-19,0.013503964725421544
T1_E1_Alicante,NO,T1_E2_Elda,NO,-18,-0.00556820861088036
T1_E1_Alicante,NO,T1_E2_Elda,NO,-17,-0.008904367321947047
T1_E1_Alicante,NO,T1_E2_Elda,NO,-16,-0.002989147365578746
T1_E1_Alicante,NO,T1_E2_Elda,NO,-15,0.013607104859568507
T1_E1_Alicante,NO,T1_E2_Elda,NO,-14,0.05139049463702113
T1_E1_Alicante,NO,T1_E2_Elda,NO,-13,0.10742749301239427
T1_E1_Alicante,NO,T1_E2_Elda,NO,-12,0.17114393222880894
T1_E1_Alicante,NO,T1_E2_Elda,NO,-11,0.20956737378820733
T1_E1_Alicante,NO,T1_E2_Elda,NO,-10,0.18754319816412854
T1_E1_Alicante,NO,T1_E2_Elda,NO,-9,0.11907685498646947
T1_E1_Alicante,NO,T1_E2_Elda,NO,-8,0.05007993461482453
T1_E1_Alicante,NO,T1_E2_Elda,NO,-7,0.007160915563455431
T1_E1_Alicante,NO,T1_E2_Elda,NO,-6,-0.011187168744426186
T1_E1_Alicante,NO,T1_E2_Elda,NO,-5,-0.010925586418880426
T1_E1_Alicante,NO,T1_E2_Elda,NO,-4,0.008935447736280832
T1_E1_Alicante,NO,T1_E2_Elda,NO,-3,0.05262392490834498
T1_E1_Alicante,NO,T1_E2_Elda,NO,-2,0.13192826052328932
T1_E1_Alicante,NO,T1_E2_Elda,NO,-1,0.25319358738920705
T1_E1_Alicante,NO,T1_E2_Elda,NO,0,0.37219330617300395
T1_E1_Alicante,NO,T1_E2_Elda,NO,1,0.40304128742827783
T1_E1_Alicante,NO,T1_E2_Elda,NO,2,0.31375893263223575
T1_E1_Alicante,NO,T1_E2_Elda,NO,3,0.18761075859655713
T1_E1_Alicante,NO,T1_E2_Elda,NO,4,0.09027743431521426
T1_E1_Alicante,NO,T1_E2_Elda,NO,5,0.03175109928108179
T1_E1_Alicante,NO,T1_E2_Elda,NO,6,0.0034660669171769497
T1_E1_Alicante,NO,T1_E2_Elda,NO,7,-0.0056710851363683205
T1_E1_Alicante,NO,T1_E2_Elda,NO,8,-0.0036932949514710176
T1_E1_Alicante,NO,T1_E2_Elda,NO,9,0.013753915485460027
T1_E1_Alicante,NO,T1_E2_Elda,NO,10,0.04623537440067181
T1_E1_Alicante,NO,T1_E2_Elda,NO,11,0.1038014318193658
T1_E1_Alicante,NO,T1_E2_Elda,NO,12,0.15995678544693476
T1_E1_Alicante,NO,T1_E2_Elda,NO,13,0.19069190526741472
T1_E1_Alicante,NO,T1_E2_Elda,NO,14,0.17533329537934905
T1_E1_Alicante,NO,T1_E2_Elda,NO,15,0.11649036308754998
T1_E1_Alicante,NO,T1_E2_Elda,NO,16,0.05252166070024289
T1_E1_Alicante,NO,T1_E2_Elda,NO,17,0.005437942864051874
T1_E1_Alicante,NO,T1_E2_Elda,NO,18,-0.0190666440646989
T1_E1_Alicante,NO,T1_E2_Elda,NO,19,-0.02737179118571983
T1_E1_Alicante,NO,T1_E2_Elda,NO,20,-0.024615279566466555
T1_E1_Alicante,NO,T1_E2_Elda,NO,21,-0.007448317168628513
T1_E1_Alicante,NO,T1_E2_Elda,NO,22,0.03487741772383556
T1_E1_Alicante,NO,T1_E2_Elda,NO,23,0.10994124110184685
T1_E1_Alicante,NO,T1_E2_Elda,NO,24,0.19756094707814595
T1_E1_Alicante,NO,T1_E2_Elda,NO,25,0.23039900775451688
T1_E1_Alicante,NO,T1_E2_Elda,NO,26,0.18487113189114893
T1_E1_Alicante,NO,T1_E2_Elda,NO,27,0.10659539258248077
T1_E1_Alicante,NO,T1_E2_Elda,NO,28,0.04432775306259882
T1_E1_Alicante,NO,T1_E2_Elda,NO,29,0.005297949801170185
T1_E1_Alicante,NO,T1_E2_Elda,NO,30,-0.013005612368558777
T1_E1_Alicante,NO,T1_E2_Elda,NO,31,-0.01942663802845547
T1_E1_Alicante,NO,T1_E2_Elda,NO,32,-0.020589085939277444
T1_E1_Alicante,NO,T1_E2_Elda,NO,33,-0.013290719034203029
T1_E1_Alicante,NO,T1_E2_Elda,NO,34,0.005843851411607972
T1_E1_Alicante,NO,T1_E2_Elda,NO,35,0.038945291983196136
T1_E1_Alicante,NO,T1_E2_Elda,NO,36,0.08049200872834059
T1_E1_Alicante,NO,T1_E2_Elda,NO,37,0.11329729043376531
T1_E1_Alicante,NO,T1_E2_Elda,NO,38,0.10348515135278699
T1_E1_Alicante,NO,T1_E2_Elda,NO,39,0.06066509174826292
T1_E1_Alicante,NO,T1_E2_Elda,NO,40,0.017389612410668324
T1_E1_Alicante,NO,T1_E2_Elda,NO,41,-0.012043479891121535
T1_E1_Alicante,NO,T1_E2_Elda,NO,42,-0.02764538767263742
T1_E1_Alicante,NO,T1_E2_Elda,NO,43,-0.03289658319898913
T1_E1_Alicante,NO,T1_E2_Elda,NO,44,-0.02848872706813554
T1_E1_Alicante,NO,T1_E2_Elda,NO,45,-0.014238491527087924
T1_E1_Alicante,NO,T1_E2_Elda,NO,46,0.020997325548160965
T1_E1_Alicante,NO,T1_E2_Elda,NO,47,0.08433895252080922
T1_E1_Alicante,NO,T1_E2_Elda,NO,48,0.15134917711502674
T1_E1_Alicante,NO,T1_E2_Elda,NO,49,0.1786875923348601
T1_E1_Alicante,NO,T1_E2_Elda,NO,50,0.14150869330306506
T1_E1_Alicante,NO,T1_E2_Elda,NO,51,0.0780386842075357
T1_E1_Alicante,NO,T1_E2_Elda,NO,52,0.02665894248210872
T1_E1_Alicante,NO,T1_E2_Elda,NO,53,-0.007429022809413526
T1_E1_Alicante,NO,T1_E2_Elda,NO,54,-0.0222743112331505
T1_E1_Alicante,NO,T1_E2_Elda,NO,55,-0.026393634953963636
T1_E1_Alicante,NO,T1_E2_Elda,NO,56,-0.02197379953936806
T1_E1_Alicante,NO,T1_E2_Elda,NO,57,-0.007402471543084791
T1_E1_Alicante,NO,T1_E2_Elda,NO,58,0.020316793672085845
T1_E1_Alicante,NO,T1_E2_Elda,NO,59,0.05474041385067635
T1_E1_Alicante,NO,T1_E2_Elda,NO,60,0.10097263375217432
T1_E1_Alicante,NO,T1_E2_Elda,NO,61,0.13121203317948685
T1_E1_Alicante,NO,T1_E2_Elda,NO,62,0.10460629088568442
T1_E1_Alicante,NO,T1_E2_Elda,NO,63,0.04978887481409518
T1_E1_Alicante,NO,T1_E2_Elda,NO,64,0.008319790529322522
T1_E1_Alicante,NO,T1_E2_Elda,NO,65,-0.017738053064293033
T1_E1_Alicante,NO,T1_E2_Elda,NO,66,-0.030183176415636434
T1_E1_Alicante,NO,T1_E2_Elda,NO,67,-0.033664480208022575
T1_E1_Alicante,NO,T1_E2_Elda,NO,68,-0.02831347834884234
T1_E1_Alicante,NO,T1_E2_Elda,NO,69,-0.011929398327196574
T1_E1_Alicante,NO,T1_E2_Elda,NO,70,0.019032343036159423
T1_E1_Alicante,NO,T1_E2_Elda,NO,71,0.06887712088679908
T1_E1_Alicante,NO,T1_E2_Elda,NO,72,0.12532615619226709
T1_E1_Alicante,NO,T1_E2_Elda,NO2,-72,0.1608403167064072
T1_E1_Alicante,NO,T1_E2_Elda,NO2,-71,0.15002882984904456
T1_E1_Alicante,NO,T1_E2_Elda,NO2,-70,0.09988041035073783
T1_E1_Alicante,NO,T1_E2_Elda,NO2,-69,0.038320350524251486
T1_E1_Alicante,NO,T1_E2_Elda,NO2,-68,-0.012552970579899004
T1_E1_Alicante,NO,T1_E2_Elda,NO2,-67,-0.04369673337152314
T1_E1_Alicante,NO,T1_E2_Elda,NO2,-66,-0.0539101866559879
T1_E1_Alicante,NO,T1_E2_Elda,NO2,-65,-0.04555679730087486
T1_E1_Alicante,NO,T1_E2_Elda,NO2,-64,-0.02002080009603513
T1_E1_Alicante,NO,T1_E2_Elda,NO2,-63,0.014695801528125534
T1_E1_Alicante,NO,T1_E2_Elda,NO2,-62,0.05856627246089171
T1_E1_Alicante,NO,T1_E2_Elda,NO2,-61,0.10344511684891257
T1_E1_Alicante,NO,T1_E2_Elda,NO2,-60,0.1381958343364077
T1_E1_Alicante,NO,T1_E2_Elda,NO2,-59,0.15042841105202803
T1_E1_Alicante,NO,T1_E2_Elda,NO2,-58,0.1255218779582898
T1_E1_Alicante,NO,T1_E2_Elda,NO2,-57,0.0791415432888256
T1_E1_Alicante,NO,T1_E2_Elda,NO2,-56,0.027545103412551418
T1_E1_Alicante,NO,T1_E2_Elda,NO2,-55,-0.013495207396960716
T1_E1_Alicante,NO,T1_E2_Elda,NO2,-54,-0.03671364904119576
T1_E1_Alicante,NO,T1_E2_Elda,NO2,-53,-0.0397035569721276
T1_E1_Alicante,NO,T1_E2_Elda,NO2,-52,-0.02138428716164734
T1_E1_Alicante,NO,T1_E2_Elda,NO2,-51,0.018955280876824222
T1_E1_Alicante,NO,T1_E2_Elda,NO2,-50,0.08568027266876763
T1_E1_Alicante,NO,T1_E2_Elda,NO2,-49,0.1612328869041106
T1_E1_Alicante,NO,T1_E2_Elda,NO2,-48,0.20714587747489854
T1_E1_Alicante,NO,T1_E2_Elda,NO2,-47,0.1897481354174737
T1_E1_Alicante,NO,T1_E2_Elda,NO2,-46,0.12558101006905698
T1_E1_Alicante,NO,T1_E2_Elda,NO2,-45,0.05497368356510961
T1_E1_Alicante,NO,T1_E2_Elda,NO2,-44,-0.0017052856185681494
T1_E1_Alicante,NO,T1_E2_Elda,NO2,-43,-0.036566715422414256
T1_E1_Alicante,NO,T1_E2_Elda,NO2,-42,-0.050515334583429924
T1_E1_Alicante,NO,T1_E2_Elda,NO2,-41,-0.04328958232312831
T1_E1_Alicante,NO,T1_E2_Elda,NO2,-40,-0.015719262919808165
T1_E1_Alicante,NO,T1_E2_Elda,NO2,-39,0.02545249051802143
T1_E1_Alicante,NO,T1_E2_Elda,NO2,-38,0.07901697040971695
T1_E1_Alicante,NO,T1_E2_Elda,NO2,-37,0.13434878716632986
T1_E1_Alicante,NO,T1_E2_Elda,NO2,-36,0.1740803172723119
T1_E1_Alicante,NO,T1_E2_Elda,NO2,-35,0.1797469021627921
T1_E1_Alicante,NO,T1_E2_Elda,NO2,-34,0.14392131981648032
T1_E1_Alicante,NO,T1_E2_Elda,NO2,-33,0.08496717511258281
T1_E1_Alicante,NO,T1_E2_Elda,NO2,-32,0.028245007971193063
T1_E1_Alicante,NO,T1_E2_Elda,NO2,-31,-0.014422416618062602
T1_E1_Alicante,NO,T1_E2_Elda,NO2,-30,-0.03523951421596314
T1_E1_Alicante,NO,T1_E2_Elda,NO2,-29,-0.032192543291712554
T1_E1_Alicante,NO,T1_E2_Elda,NO2,-28,-0.0062512388320887105
T1_E1_Alicante,NO,T1_E2_Elda,NO2,-27,0.048528453402355176
T1_E1_Alicante,NO,T1_E2_Elda,NO2,-26,0.1330431272719991
T1_E1_Alicante,NO,T1_E2_Elda,NO2,-25,0.22764773309404654
T1_E1_Alicante,NO,T1_E2_Elda,NO2,-24,0.2785654678604732
T1_E1_Alicante,NO,T1_E2_Elda,NO2,-23,0.25288146296583053
T1_E1_Alicante,NO,T1_E2_Elda,NO2,-22,0.17789465550030992
T1_E1_Alicante,NO,T1_E2_Elda,NO2,-21,0.09400249638868718
T1_E1_Alicante,NO,T1_E2_Elda,NO2,-20,0.028176748525872326
T1_E1_Alicante,NO,T1_E2_Elda,NO2,-19,-0.011731823244256673
T1_E1_Alicante,NO,T1_E2_Elda,NO2,-18,-0.02561755424798822
T1_E1_Alicante,NO,T1_E2_Elda,NO2,-17,-0.012613839553042268
T1_E1_Alicante,NO,T1_E2_Elda,NO2,-16,0.022679500478682633
T1_E1_Alicante,NO,T1_E2_Elda,NO2,-15,0.07731121848446855
T1_E1_Alicante,NO,T1_E2_Elda,NO2,-14,0.14530393034618197
T1_E1_Alicante,NO,T1_E2_Elda,NO2,-13,0.21679999159034452
T1_E1_Alicante,NO,T1_E2_Elda,NO2,-12,0.2684090798175397
T1_E1_Alicante,NO,T1_E2_Elda,NO2,-11,0.27626665720258714
T1_E1_Alicante,NO,T1_E2_Elda,NO2,-10,0.23135626394396597
T1_E1_Alicante,NO,T1_E2_Elda,NO2,-9,0.1618156030194959
T1_E1_Alicante,NO,T1_E2_Elda,NO2,-8,0.09369135986077007
T1_E1_Alicante,NO,T1_E2_Elda,NO2,-7,0.04074498425771327
T1_E1_Alicante,NO,T1_E2_Elda,NO2,-6,0.017875933658390596
T1_E1_Alicante,NO,T1_E2_Elda,NO2,-5,0.027203118201022718
T1_E1_Alicante,NO,T1_E2_Elda,NO2,-4,0.06928032501455028
T1_E1_Alicante,NO,T1_E2_Elda,NO2,-3,0.14871002936890873
T1_E1_Alicante,NO,T1_E2_Elda,NO2,-2,0.2615369272718445
T1_E1_Alicante,NO,T1_E2_Elda,NO2,-1,0.3845525533452568
T1_E1_Alicante,NO,T1_E2_Elda,NO2,0,0.448097644216495
T1_E1_Alicante,NO,T1_E2_Elda,NO2,1,0.40786810641768634
T1_E1_Alicante,NO,T1_E2_Elda,NO2,2,0.29551477104292906
T1_E1_Alicante,NO,T1_E2_Elda,NO2,3,0.17897192874855963
T1_E1_Alicante,NO,T1_E2_Elda,NO2,4,0.09018793859154368
T1_E1_Alicante,NO,T1_E2_Elda,NO2,5,0.03355922721520848
T1_E1_Alicante,NO,T1_E2_Elda,NO2,6,0.008301598997947733
T1_E1_Alicante,NO,T1_E2_Elda,NO2,7,0.014809994079655798
T1_E1_Alicante,NO,T1_E2_Elda,NO2,8,0.045679186600560175
T1_E1_Alicante,NO,T1_E2_Elda,NO2,9,0.09324745518833147
T1_E1_Alicante,NO,T1_E2_Elda,NO2,10,0.15396947246778786
T1_E1_Alicante,NO,T1_E2_Elda,NO2,11,0.21668632059274873
T1_E1_Alicante,NO,T1_E2_Elda,NO2,12,0.2575241808125215
T1_E1_Alicante,NO,T1_E2_Elda,NO2,13,0.25906962769914343
T1_E1_Alicante,NO,T1_E2_Elda,NO2,14,0.2144504877934482
T1_E1_Alicante,NO,T1_E2_Elda,NO2,15,0.14939977072361035
T1_E1_Alicante,NO,T1_E2_Elda,NO2,16,0.08167810944149329
T1_E1_Alicante,NO,T1_E2_Elda,NO2,17,0.0274835776748564
T1_E1_Alicante,NO,T1_E2_Elda,NO2,18,-0.00368524377046616
T1_E1_Alicante,NO,T1_E2_Elda,NO2,19,-0.0092202306953154
T1_E1_Alicante,NO,T1_E2_Elda,NO2,20,0.009993762865717994
T1_E1_Alicante,NO,T1_E2_Elda,NO2,21,0.05543261684110239
T1_E1_Alicante,NO,T1_E2_Elda,NO2,22,0.13497120626551576
T1_E1_Alicante,NO,T1_E2_Elda,NO2,23,0.22800437082592548
T1_E1_Alicante,NO,T1_E2_Elda,NO2,24,0.28566349198536456
T1_E1_Alicante,NO,T1_E2_Elda,NO2,25,0.26455498057206817
T1_E1_Alicante,NO,T1_E2_Elda,NO2,26,0.18618971619109442
T1_E1_Alicante,NO,T1_E2_Elda,NO2,27,0.09925120130555827
T1_E1_Alicante,NO,T1_E2_Elda,NO2,28,0.032102090179823184
T1_E1_Alicante,NO,T1_E2_Elda,NO2,29,-0.010516129550043243
T1_E1_Alicante,NO,T1_E2_Elda,NO2,30,-0.030510980855643643
T1_E1_Alicante,NO,T1_E2_Elda,NO2,31,-0.0298918637351395
T1_E1_Alicante,NO,T1_E2_Elda,NO2,32,-0.009081324902155134
T1_E1_Alicante,NO,T1_E2_Elda,NO2,33,0.02667210273626205
T1_E1_Alicante,NO,T1_E2_Elda,NO2,34,0.07654119410048651
T1_E1_Alicante,NO,T1_E2_Elda,NO2,35,0.1287755041003016
T1_E1_Alicante,NO,T1_E2_Elda,NO2,36,0.17023042769674798
T1_E1_Alicante,NO,T1_E2_Elda,NO2,37,0.17685267255727774
T1_E1_Alicante,NO,T1_E2_Elda,NO2,38,0.14324542469986912
T1_E1_Alicante,NO,T1_E2_Elda,NO2,39,0.09173180459328495
T1_E1_Alicante,NO,T1_E2_Elda,NO2,40,0.03722564945504152
T1_E1_Alicante,NO,T1_E2_Elda,NO2,41,-0.007132847762784426
T1_E1_Alicante,NO,T1_E2_Elda,NO2,42,-0.032015687338709714
T1_E1_Alicante,NO,T1_E2_Elda,NO2,43,-0.036311654483178545
T1_E1_Alicante,NO,T1_E2_Elda,NO2,44,-0.019587808805158525
T1_E1_Alicante,NO,T1_E2_Elda,NO2,45,0.019942463492482323
T1_E1_Alicante,NO,T1_E2_Elda,NO2,46,0.08788140858987266
T1_E1_Alicante,NO,T1_E2_Elda,NO2,47,0.16766035092300116
T1_E1_Alicante,NO,T1_E2_Elda,NO2,48,0.21794991052769924
T1_E1_Alicante,NO,T1_E2_Elda,NO2,49,0.21013767353735618
T1_E1_Alicante,NO,T1_E2_Elda,NO2,50,0.14843943036755786
T1_E1_Alicante,NO,T1_E2_Elda,NO2,51,0.07492565154486844
T1_E1_Alicante,NO,T1_E2_Elda,NO2,52,0.01795362711153158
T1_E1_Alicante,NO,T1_E2_Elda,NO2,53,-0.022416293653137093
T1_E1_Alicante,NO,T1_E2_Elda,NO2,54,-0.04250793706241793
T1_E1_Alicante,NO,T1_E2_Elda,NO2,55,-0.041173027533513845
T1_E1_Alicante,NO,T1_E2_Elda,NO2,56,-0.019748568001561356
T1_E1_Alicante,NO,T1_E2_Elda,NO2,57,0.01846405907887999
T1_E1_Alicante,NO,T1_E2_Elda,NO2,58,0.0717697531515396
T1_E1_Alicante,NO,T1_E2_Elda,NO2,59,0.1313476414774796
T1_E1_Alicante,NO,T1_E2_Elda,NO2,60,0.1761816546210054
T1_E1_Alicante,NO,T1_E2_Elda,NO2,61,0.1879438897490731
T1_E1_Alicante,NO,T1_E2_Elda,NO2,62,0.15671613597176076
T1_E1_Alicante,NO,T1_E2_Elda,NO2,63,0.09963215963360585
T1_E1_Alicante,NO,T1_E2_Elda,NO2,64,0.04001255037498907
T1_E1_Alicante,NO,T1_E2_Elda,NO2,65,-0.00431830017729931
T1_E1_Alicante,NO,T1_E2_Elda,NO2,66,-0.02892780749831161
T1_E1_Alicante,NO,T1_E2_Elda,NO2,67,-0.03514300337246082
T1_E1_Alicante,NO,T1_E2_Elda,NO2,68,-0.020267953589963788
T1_E1_Alicante,NO,T1_E2_Elda,NO2,69,0.015470048510346446
T1_E1_Alicante,NO,T1_E2_Elda,NO2,70,0.07281005381666276
T1_E1_Alicante,NO,T1_E2_Elda,NO2,71,0.1368190819282487
T1_E1_Alicante,NO,T1_E2_Elda,NO2,72,0.17653439194614165
T1_E1_Alicante,NO,T1_E2_Elda,O3,-72,-0.14090372339390958
T1_E1_Alicante,NO,T1_E2_Elda,O3,-71,-0.11028709108844488
T1_E1_Alicante,NO,T1_E2_Elda,O3,-70,-0.06782336881668213
T1_E1_Alicante,NO,T1_E2_Elda,O3,-69,-0.03058631229391931
T1_E1_Alicante,NO,T1_E2_Elda,O3,-68,-0.0029997462396213143
T1_E1_Alicante,NO,T1_E2_Elda,O3,-67,0.014367176194233906
T1_E1_Alicante,NO,T1_E2_Elda,O3,-66,0.022063532006389632
T1_E1_Alicante,NO,T1_E2_Elda,O3,-65,0.019914879942884482
T1_E1_Alicante,NO,T1_E2_Elda,O3,-64,0.006482691495316249
T1_E1_Alicante,NO,T1_E2_Elda,O3,-63,-0.017987637033537923
T1_E1_Alicante,NO,T1_E2_Elda,O3,-62,-0.05020280035046178
T1_E1_Alicante,NO,T1_E2_Elda,O3,-61,-0.08456817805453586
T1_E1_Alicante,NO,T1_E2_Elda,O3,-60,-0.11341166549021842
T1_E1_Alicante,NO,T1_E2_Elda,O3,-59,-0.13104614595635466
T1_E1_Alicante,NO,T1_E2_Elda,O3,-58,-0.13520952728061628
T1_E1_Alicante,NO,T1_E2_Elda,O3,-57,-0.1300028872029971
T1_E1_Alicante,NO,T1_E2_Elda,O3,-56,-0.12111775942504441
T1_E1_Alicante,NO,T1_E2_Elda,O3,-55,-0.11408171469588053
T1_E1_Alicante,NO,T1_E2_Elda,O3,-54,-0.10999389970473092
T1_E1_Alicante,NO,T1_E2_Elda,O3,-53,-0.1098708651220476
T1_E1_Alicante,NO,T1_E2_Elda,O3,-52,-0.11704977274252086
T1_E1_Alicante,NO,T1_E2_Elda,O3,-51,-0.1316013092682026
T1_E1_Alicante,NO,T1_E2_Elda,O3,-50,-0.14965706481464633
T1_E1_Alicante,NO,T1_E2_Elda,O3,-49,-0.16249307329094947
T1_E1_Alicante,NO,T1_E2_Elda,O3,-48,-0.1548146896699563
T1_E1_Alicante,NO,T1_E2_Elda,O3,-47,-0.12066854485013417
T1_E1_Alicante,NO,T1_E2_Elda,O3,-46,-0.07425723336379851
T1_E1_Alicante,NO,T1_E2_Elda,O3,-45,-0.033633174838252775
T1_E1_Alicante,NO,T1_E2_Elda,O3,-44,-0.004171046622792072
T1_E1_Alicante,NO,T1_E2_Elda,O3,-43,0.014100973909275847
T1_E1_Alicante,NO,T1_E2_Elda,O3,-42,0.022531406578272448
T1_E1_Alicante,NO,T1_E2_Elda,O3,-41,0.021398103028826356
T1_E1_Alicante,NO,T1_E2_Elda,O3,-40,0.008369811670705083
T1_E1_Alicante,NO,T1_E2_Elda,O3,-39,-0.017002070037693197
T1_E1_Alicante,NO,T1_E2_Elda,O3,-38,-0.05214775328271008
T1_E1_Alicante,NO,T1_E2_Elda,O3,-37,-0.08900850349528451
T1_E1_Alicante,NO,T1_E2_Elda,O3,-36,-0.1190638872704865
T1_E1_Alicante,NO,T1_E2_Elda,O3,-35,-0.13594533639281767
T1_E1_Alicante,NO,T1_E2_Elda,O3,-34,-0.13842297387464592
T1_E1_Alicante,NO,T1_E2_Elda,O3,-33,-0.13049013234139095
T1_E1_Alicante,NO,T1_E2_Elda,O3,-32,-0.12028527001022098
T1_E1_Alicante,NO,T1_E2_Elda,O3,-31,-0.11248848430905471
T1_E1_Alicante,NO,T1_E2_Elda,O3,-30,-0.10871286492241462
T1_E1_Alicante,NO,T1_E2_Elda,O3,-29,-0.1123776697588282
T1_E1_Alicante,NO,T1_E2_Elda,O3,-28,-0.12362839018934935
T1_E1_Alicante,NO,T1_E2_Elda,O3,-27,-0.14343372073041183
T1_E1_Alicante,NO,T1_E2_Elda,O3,-26,-0.16792022740037854
T1_E1_Alicante,NO,T1_E2_Elda,O3,-25,-0.18714186620897086
T1_E1_Alicante,NO,T1_E2_Elda,O3,-24,-0.18271106034270743
T1_E1_Alicante,NO,T1_E2_Elda,O3,-23,-0.1471329734575717
T1_E1_Alicante,NO,T1_E2_Elda,O3,-22,-0.09523360792978221
T1_E1_Alicante,NO,T1_E2_Elda,O3,-21,-0.04690418985712354
T1_E1_Alicante,NO,T1_E2_Elda,O3,-20,-0.011429346126779791
T1_E1_Alicante,NO,T1_E2_Elda,O3,-19,0.011106121968822985
T1_E1_Alicante,NO,T1_E2_Elda,O3,-18,0.02062340226262326
T1_E1_Alicante,NO,T1_E2_Elda,O3,-17,0.01849572145500423
T1_E1_Alicante,NO,T1_E2_Elda,O3,-16,0.002321964692485657
T1_E1_Alicante,NO,T1_E2_Elda,O3,-15,-0.028985713907210917
T1_E1_Alicante,NO,T1_E2_Elda,O3,-14,-0.07141770702050527
T1_E1_Alicante,NO,T1_E2_Elda,O3,-13,-0.11617624862264156
T1_E1_Alicante,NO,T1_E2_Elda,O3,-12,-0.15087017474894338
T1_E1_Alicante,NO,T1_E2_Elda,O3,-11,-0.1696158947732437
T1_E1_Alicante,NO,T1_E2_Elda,O3,-10,-0.1714782853188816
T1_E1_Alicante,NO,T1_E2_Elda,O3,-9,-0.16201027522700806
T1_E1_Alicante,NO,T1_E2_Elda,O3,-8,-0.1470201314826889
T1_E1_Alicante,NO,T1_E2_Elda,O3,-7,-0.13609474140232988
T1_E1_Alicante,NO,T1_E2_Elda,O3,-6,-0.13160684639765077
T1_E1_Alicante,NO,T1_E2_Elda,O3,-5,-0.13409861100302214
T1_E1_Alicante,NO,T1_E2_Elda,O3,-4,-0.14568917216984717
T1_E1_Alicante,NO,T1_E2_Elda,O3,-3,-0.16708324910948086
T1_E1_Alicante,NO,T1_E2_Elda,O3,-2,-0.19522405360917167
T1_E1_Alicante,NO,T1_E2_Elda,O3,-1,-0.2187514705940161
T1_E1_Alicante,NO,T1_E2_Elda,O3,0,-0.21487508396166444
T1_E1_Alicante,NO,T1_E2_Elda,O3,1,-0.17333827223116952
T1_E1_Alicante,NO,T1_E2_Elda,O3,2,-0.1134979863235589
T1_E1_Alicante,NO,T1_E2_Elda,O3,3,-0.05858957872261002
T1_E1_Alicante,NO,T1_E2_Elda,O3,4,-0.01783533500400372
T1_E1_Alicante,NO,T1_E2_Elda,O3,5,0.008163375117406448
T1_E1_Alicante,NO,T1_E2_Elda,O3,6,0.020740525561588848
T1_E1_Alicante,NO,T1_E2_Elda,O3,7,0.02049366084293973
T1_E1_Alicante,NO,T1_E2_Elda,O3,8,0.005916639594895452
T1_E1_Alicante,NO,T1_E2_Elda,O3,9,-0.02266600539418631
T1_E1_Alicante,NO,T1_E2_Elda,O3,10,-0.06040012721041515
T1_E1_Alicante,NO,T1_E2_Elda,O3,11,-0.09859406405333382
T1_E1_Alicante,NO,T1_E2_Elda,O3,12,-0.1287179172885899
T1_E1_Alicante,NO,T1_E2_Elda,O3,13,-0.1443288408119513
T1_E1_Alicante,NO,T1_E2_Elda,O3,14,-0.14394658285147852
T1_E1_Alicante,NO,T1_E2_Elda,O3,15,-0.13351896029626412
T1_E1_Alicante,NO,T1_E2_Elda,O3,16,-0.11861333552425585
T1_E1_Alicante,NO,T1_E2_Elda,O3,17,-0.10545034697319457
T1_E1_Alicante,NO,T1_E2_Elda,O3,18,-0.09831933094966754
T1_E1_Alicante,NO,T1_E2_Elda,O3,19,-0.09740461247103989
T1_E1_Alicante,NO,T1_E2_Elda,O3,20,-0.10389153146166535
T1_E1_Alicante,NO,T1_E2_Elda,O3,21,-0.11884301880146841
T1_E1_Alicante,NO,T1_E2_Elda,O3,22,-0.13944682780168585
T1_E1_Alicante,NO,T1_E2_Elda,O3,23,-0.15539393013663355
T1_E1_Alicante,NO,T1_E2_Elda,O3,24,-0.14896884509611438
T1_E1_Alicante,NO,T1_E2_Elda,O3,25,-0.11563886979264533
T1_E1_Alicante,NO,T1_E2_Elda,O3,26,-0.0689897664099211
T1_E1_Alicante,NO,T1_E2_Elda,O3,27,-0.023811518217176177
T1_E1_Alicante,NO,T1_E2_Elda,O3,28,0.009757013627109989
T1_E1_Alicante,NO,T1_E2_Elda,O3,29,0.03154828743440819
T1_E1_Alicante,NO,T1_E2_Elda,O3,30,0.042543125598568085
T1_E1_Alicante,NO,T1_E2_Elda,O3,31,0.04161127241445042
T1_E1_Alicante,NO,T1_E2_Elda,O3,32,0.02814026412723348
T1_E1_Alicante,NO,T1_E2_Elda,O3,33,0.0027262419629837976
T1_E1_Alicante,NO,T1_E2_Elda,O3,34,-0.03182575284729009
T1_E1_Alicante,NO,T1_E2_Elda,O3,35,-0.06939039086551647
T1_E1_Alicante,NO,T1_E2_Elda,O3,36,-0.10049022854181588
T1_E1_Alicante,NO,T1_E2_Elda,O3,37,-0.11771620279569511
T1_E1_Alicante,NO,T1_E2_Elda,O3,38,-0.11943304348336704
T1_E1_Alicante,NO,T1_E2_Elda,O3,39,-0.11093736771776849
T1_E1_Alicante,NO,T1_E2_Elda,O3,40,-0.09876911746771581
T1_E1_Alicante,NO,T1_E2_Elda,O3,41,-0.08898098611240536
T1_E1_Alicante,NO,T1_E2_Elda,O3,42,-0.08435122125860844
T1_E1_Alicante,NO,T1_E2_Elda,O3,43,-0.0853158373877826
T1_E1_Alicante,NO,T1_E2_Elda,O3,44,-0.09360859191745216
T1_E1_Alicante,NO,T1_E2_Elda,O3,45,-0.11072060781580745
T1_E1_Alicante,NO,T1_E2_Elda,O3,46,-0.13258788173251573
T1_E1_Alicante,NO,T1_E2_Elda,O3,47,-0.14955383022927377
T1_E1_Alicante,NO,T1_E2_Elda,O3,48,-0.14548664392332936
T1_E1_Alicante,NO,T1_E2_Elda,O3,49,-0.11415811683447659
T1_E1_Alicante,NO,T1_E2_Elda,O3,50,-0.06794608600457981
T1_E1_Alicante,NO,T1_E2_Elda,O3,51,-0.024953228145177773
T1_E1_Alicante,NO,T1_E2_Elda,O3,52,0.007144314605872464
T1_E1_Alicante,NO,T1_E2_Elda,O3,53,0.02815199301618961
T1_E1_Alicante,NO,T1_E2_Elda,O3,54,0.0377543628138404
T1_E1_Alicante,NO,T1_E2_Elda,O3,55,0.035650177370687285
T1_E1_Alicante,NO,T1_E2_Elda,O3,56,0.021685162049194323
T1_E1_Alicante,NO,T1_E2_Elda,O3,57,-0.004552787373864747
T1_E1_Alicante,NO,T1_E2_Elda,O3,58,-0.04117268166924357
T1_E1_Alicante,NO,T1_E2_Elda,O3,59,-0.079998405288303
T1_E1_Alicante,NO,T1_E2_Elda,O3,60,-0.11136102498819231
T1_E1_Alicante,NO,T1_E2_Elda,O3,61,-0.1266934201201413
T1_E1_Alicante,NO,T1_E2_Elda,O3,62,-0.12585577570456594
T1_E1_Alicante,NO,T1_E2_Elda,O3,63,-0.11600008212530419
T1_E1_Alicante,NO,T1_E2_Elda,O3,64,-0.10381642458319756
T1_E1_Alicante,NO,T1_E2_Elda,O3,65,-0.09405800149044875
T1_E1_Alicante,NO,T1_E2_Elda,O3,66,-0.08881398277939909
T1_E1_Alicante,NO,T1_E2_Elda,O3,67,-0.08787016455044695
T1_E1_Alicante,NO,T1_E2_Elda,O3,68,-0.09294131260575023
T1_E1_Alicante,NO,T1_E2_Elda,O3,69,-0.10558907081816613
T1_E1_Alicante,NO,T1_E2_Elda,O3,70,-0.12192389431479579
T1_E1_Alicante,NO,T1_E2_Elda,O3,71,-0.13340984048771767
T1_E1_Alicante,NO,T1_E2_Elda,O3,72,-0.12787228172742726
T1_E1_Alicante,NO,T2_E1_Elche,NO,-72,0.21444023766576822
T1_E1_Alicante,NO,T2_E1_Elche,NO,-71,0.17723873235494
T1_E1_Alicante,NO,T2_E1_Elche,NO,-70,0.08785218600645944
T1_E1_Alicante,NO,T2_E1_Elche,NO,-69,0.01963555877667925
T1_E1_Alicante,NO,T2_E1_Elche,NO,-68,-0.013476275905850476
T1_E1_Alicante,NO,T2_E1_Elche,NO,-67,-0.0306599830429793
T1_E1_Alicante,NO,T2_E1_Elche,NO,-66,-0.0367033590545309
T1_E1_Alicante,NO,T2_E1_Elche,NO,-65,-0.029294216912948437
T1_E1_Alicante,NO,T2_E1_Elche,NO,-64,-0.004872323474246468
T1_E1_Alicante,NO,T2_E1_Elche,NO,-63,0.04557994365918931
T1_E1_Alicante,NO,T2_E1_Elche,NO,-62,0.11399506474099837
T1_E1_Alicante,NO,T2_E1_Elche,NO,-61,0.16736978977288758
T1_E1_Alicante,NO,T2_E1_Elche,NO,-60,0.1722071121667806
T1_E1_Alicante,NO,T2_E1_Elche,NO,-59,0.1342802129998974
T1_E1_Alicante,NO,T2_E1_Elche,NO,-58,0.06529549209452333
T1_E1_Alicante,NO,T2_E1_Elche,NO,-57,0.010248335615157759
T1_E1_Alicante,NO,T2_E1_Elche,NO,-56,-0.01920548650952691
T1_E1_Alicante,NO,T2_E1_Elche,NO,-55,-0.03172903246700343
T1_E1_Alicante,NO,T2_E1_Elche,NO,-54,-0.03271910932918237
T1_E1_Alicante,NO,T2_E1_Elche,NO,-53,-0.020843611768809864
T1_E1_Alicante,NO,T2_E1_Elche,NO,-52,0.0132453174145536
T1_E1_Alicante,NO,T2_E1_Elche,NO,-51,0.06669812353722762
T1_E1_Alicante,NO,T2_E1_Elche,NO,-50,0.1403630078929731
T1_E1_Alicante,NO,T2_E1_Elche,NO,-49,0.22554558349761786
T1_E1_Alicante,NO,T2_E1_Elche,NO,-48,0.26073637168986846
T1_E1_Alicante,NO,T2_E1_Elche,NO,-47,0.2177909364391528
T1_E1_Alicante,NO,T2_E1_Elche,NO,-46,0.1216116922477208
T1_E1_Alicante,NO,T2_E1_Elche,NO,-45,0.03475964584028789
T1_E1_Alicante,NO,T2_E1_Elche,NO,-44,-0.010772811231002885
T1_E1_Alicante,NO,T2_E1_Elche,NO,-43,-0.030628707105513908
T1_E1_Alicante,NO,T2_E1_Elche,NO,-42,-0.03491922228014589
T1_E1_Alicante,NO,T2_E1_Elche,NO,-41,-0.023514130184560323
T1_E1_Alicante,NO,T2_E1_Elche,NO,-40,0.006293562182394068
T1_E1_Alicante,NO,T2_E1_Elche,NO,-39,0.06139287356052848
T1_E1_Alicante,NO,T2_E1_Elche,NO,-38,0.1370712658842525
T1_E1_Alicante,NO,T2_E1_Elche,NO,-37,0.20123297396825485
T1_E1_Alicante,NO,T2_E1_Elche,NO,-36,0.208972551362228
T1_E1_Alicante,NO,T2_E1_Elche,NO,-35,0.16617660974434809
T1_E1_Alicante,NO,T2_E1_Elche,NO,-34,0.08653595212964833
T1_E1_Alicante,NO,T2_E1_Elche,NO,-33,0.017698998596160156
T1_E1_Alicante,NO,T2_E1_Elche,NO,-32,-0.013590020840953579
T1_E1_Alicante,NO,T2_E1_Elche,NO,-31,-0.027117690749611883
T1_E1_Alicante,NO,T2_E1_Elche,NO,-30,-0.026897000416296547
T1_E1_Alicante,NO,T2_E1_Elche,NO,-29,-0.008868185729809219
T1_E1_Alicante,NO,T2_E1_Elche,NO,-28,0.03451540418098603
T1_E1_Alicante,NO,T2_E1_Elche,NO,-27,0.09604518567587025
T1_E1_Alicante,NO,T2_E1_Elche,NO,-26,0.1743537381034947
T1_E1_Alicante,NO,T2_E1_Elche,NO,-25,0.27759106421397495
T1_E1_Alicante,NO,T2_E1_Elche,NO,-24,0.317737263931631
T1_E1_Alicante,NO,T2_E1_Elche,NO,-23,0.23317502410482926
T1_E1_Alicante,NO,T2_E1_Elche,NO,-22,0.11724989328923222
T1_E1_Alicante,NO,T2_E1_Elche,NO,-21,0.04002412032959263
T1_E1_Alicante,NO,T2_E1_Elche,NO,-20,-0.005977150294225318
T1_E1_Alicante,NO,T2_E1_Elche,NO,-19,-0.0268474206167147
T1_E1_Alicante,NO,T2_E1_Elche,NO,-18,-0.030563788437759077
T1_E1_Alicante,NO,T2_E1_Elche,NO,-17,-0.01368700897247652
T1_E1_Alicante,NO,T2_E1_Elche,NO,-16,0.02883615908909749
T1_E1_Alicante,NO,T2_E1_Elche,NO,-15,0.11390877137105158
T1_E1_Alicante,NO,T2_E1_Elche,NO,-14,0.22646296275179706
T1_E1_Alicante,NO,T2_E1_Elche,NO,-13,0.32070752257034624
T1_E1_Alicante,NO,T2_E1_Elche,NO,-12,0.3352386983161653
T1_E1_Alicante,NO,T2_E1_Elche,NO,-11,0.24964086621814904
T1_E1_Alicante,NO,T2_E1_Elche,NO,-10,0.13026636279968665
T1_E1_Alicante,NO,T2_E1_Elche,NO,-9,0.04436340390582667
T1_E1_Alicante,NO,T2_E1_Elche,NO,-8,0.001009288917242721
T1_E1_Alicante,NO,T2_E1_Elche,NO,-7,-0.014756500902307767
T1_E1_Alicante,NO,T2_E1_Elche,NO,-6,-0.0038051965913146264
T1_E1_Alicante,NO,T2_E1_Elche,NO,-5,0.030682983109173338
T1_E1_Alicante,NO,T2_E1_Elche,NO,-4,0.0944053315362132
T1_E1_Alicante,NO,T2_E1_Elche,NO,-3,0.21028176802098592
T1_E1_Alicante,NO,T2_E1_Elche,NO,-2,0.3569584762443295
T1_E1_Alicante,NO,T2_E1_Elche,NO,-1,0.5211070716801747
T1_E1_Alicante,NO,T2_E1_Elche,NO,0,0.5989976160044106
T1_E1_Alicante,NO,T2_E1_Elche,NO,1,0.4628566479226496
T1_E1_Alicante,NO,T2_E1_Elche,NO,2,0.24209200786832882
T1_E1_Alicante,NO,T2_E1_Elche,NO,3,0.08817690366015041
T1_E1_Alicante,NO,T2_E1_Elche,NO,4,0.016121188726429998
T1_E1_Alicante,NO,T2_E1_Elche,NO,5,-0.01342233495743871
T1_E1_Alicante,NO,T2_E1_Elche,NO,6,-0.01902643593940783
T1_E1_Alicante,NO,T2_E1_Elche,NO,7,-0.0007106820618717748
T1_E1_Alicante,NO,T2_E1_Elche,NO,8,0.04645020882647007
T1_E1_Alicante,NO,T2_E1_Elche,NO,9,0.13466037224538008
T1_E1_Alicante,NO,T2_E1_Elche,NO,10,0.25146407282755845
T1_E1_Alicante,NO,T2_E1_Elche,NO,11,0.3553124277900001
T1_E1_Alicante,NO,T2_E1_Elche,NO,12,0.37244150745468085
T1_E1_Alicante,NO,T2_E1_Elche,NO,13,0.28324331499993116
T1_E1_Alicante,NO,T2_E1_Elche,NO,14,0.14923477758171413
T1_E1_Alicante,NO,T2_E1_Elche,NO,15,0.04953370053079875
T1_E1_Alicante,NO,T2_E1_Elche,NO,16,-0.006271446595919067
T1_E1_Alicante,NO,T2_E1_Elche,NO,17,-0.029536647885734738
T1_E1_Alicante,NO,T2_E1_Elche,NO,18,-0.029223385544977762
T1_E1_Alicante,NO,T2_E1_Elche,NO,19,-0.017018319946718208
T1_E1_Alicante,NO,T2_E1_Elche,NO,20,0.016916252469248768
T1_E1_Alicante,NO,T2_E1_Elche,NO,21,0.07874123926252648
T1_E1_Alicante,NO,T2_E1_Elche,NO,22,0.15827699411531815
T1_E1_Alicante,NO,T2_E1_Elche,NO,23,0.23654666093856466
T1_E1_Alicante,NO,T2_E1_Elche,NO,24,0.2678108657040542
T1_E1_Alicante,NO,T2_E1_Elche,NO,25,0.2209078995070589
T1_E1_Alicante,NO,T2_E1_Elche,NO,26,0.12141802493444401
T1_E1_Alicante,NO,T2_E1_Elche,NO,27,0.03696701696236394
T1_E1_Alicante,NO,T2_E1_Elche,NO,28,-0.009939992780042217
T1_E1_Alicante,NO,T2_E1_Elche,NO,29,-0.0294389577625705
T1_E1_Alicante,NO,T2_E1_Elche,NO,30,-0.03344776479658604
T1_E1_Alicante,NO,T2_E1_Elche,NO,31,-0.019579213383533692
T1_E1_Alicante,NO,T2_E1_Elche,NO,32,0.0097893910760995
T1_E1_Alicante,NO,T2_E1_Elche,NO,33,0.06508318084308444
T1_E1_Alicante,NO,T2_E1_Elche,NO,34,0.14047754126426196
T1_E1_Alicante,NO,T2_E1_Elche,NO,35,0.2215793684420035
T1_E1_Alicante,NO,T2_E1_Elche,NO,36,0.23467242935135965
T1_E1_Alicante,NO,T2_E1_Elche,NO,37,0.16075971511250692
T1_E1_Alicante,NO,T2_E1_Elche,NO,38,0.07375569316519542
T1_E1_Alicante,NO,T2_E1_Elche,NO,39,0.011581388406500748
T1_E1_Alicante,NO,T2_E1_Elche,NO,40,-0.02400735260565793
T1_E1_Alicante,NO,T2_E1_Elche,NO,41,-0.036110266879500176
T1_E1_Alicante,NO,T2_E1_Elche,NO,42,-0.03593476907955942
T1_E1_Alicante,NO,T2_E1_Elche,NO,43,-0.020397378807177846
T1_E1_Alicante,NO,T2_E1_Elche,NO,44,0.01442186918804808
T1_E1_Alicante,NO,T2_E1_Elche,NO,45,0.06225226229930955
T1_E1_Alicante,NO,T2_E1_Elche,NO,46,0.13205060350233003
T1_E1_Alicante,NO,T2_E1_Elche,NO,47,0.21501770339554285
T1_E1_Alicante,NO,T2_E1_Elche,NO,48,0.2526267667749248
T1_E1_Alicante,NO,T2_E1_Elche,NO,49,0.2058804322724137
T1_E1_Alicante,NO,T2_E1_Elche,NO,50,0.10627309174704752
T1_E1_Alicante,NO,T2_E1_Elche,NO,51,0.02388528416376984
T1_E1_Alicante,NO,T2_E1_Elche,NO,52,-0.013926060236344037
T1_E1_Alicante,NO,T2_E1_Elche,NO,53,-0.03192186574252861
T1_E1_Alicante,NO,T2_E1_Elche,NO,54,-0.03571703554404409
T1_E1_Alicante,NO,T2_E1_Elche,NO,55,-0.024883752036380203
T1_E1_Alicante,NO,T2_E1_Elche,NO,56,0.006720021847799255
T1_E1_Alicante,NO,T2_E1_Elche,NO,57,0.06369703965022967
T1_E1_Alicante,NO,T2_E1_Elche,NO,58,0.13967682874693685
T1_E1_Alicante,NO,T2_E1_Elche,NO,59,0.2187478645671005
T1_E1_Alicante,NO,T2_E1_Elche,NO,60,0.23305028377565026
T1_E1_Alicante,NO,T2_E1_Elche,NO,61,0.17585076570637806
T1_E1_Alicante,NO,T2_E1_Elche,NO,62,0.1022491901972241
T1_E1_Alicante,NO,T2_E1_Elche,NO,63,0.029144274546951957
T1_E1_Alicante,NO,T2_E1_Elche,NO,64,-0.016506419206691377
T1_E1_Alicante,NO,T2_E1_Elche,NO,65,-0.03439605617974678
T1_E1_Alicante,NO,T2_E1_Elche,NO,66,-0.03358895439803519
T1_E1_Alicante,NO,T2_E1_Elche,NO,67,-0.015426364483540627
T1_E1_Alicante,NO,T2_E1_Elche,NO,68,0.01596783368430757
T1_E1_Alicante,NO,T2_E1_Elche,NO,69,0.052366591261186604
T1_E1_Alicante,NO,T2_E1_Elche,NO,70,0.10380863369086785
T1_E1_Alicante,NO,T2_E1_Elche,NO,71,0.16703150425758645
T1_E1_Alicante,NO,T2_E1_Elche,NO,72,0.20628232979059752
T1_E1_Alicante,NO,T2_E1_Elche,NO2,-72,0.26070820061538086
T1_E1_Alicante,NO,T2_E1_Elche,NO2,-71,0.20723096757725873
T1_E1_Alicante,NO,T2_E1_Elche,NO2,-70,0.11192297710833318
T1_E1_Alicante,NO,T2_E1_Elche,NO2,-69,0.02830142048275962
T1_E1_Alicante,NO,T2_E1_Elche,NO2,-68,-0.025050233718727843
T1_E1_Alicante,NO,T2_E1_Elche,NO2,-67,-0.054139349214822476
T1_E1_Alicante,NO,T2_E1_Elche,NO2,-66,-0.06444398956895118
T1_E1_Alicante,NO,T2_E1_Elche,NO2,-65,-0.05119162997829852
T1_E1_Alicante,NO,T2_E1_Elche,NO2,-64,-0.009892616406753903
T1_E1_Alicante,NO,T2_E1_Elche,NO2,-63,0.06108400314087103
T1_E1_Alicante,NO,T2_E1_Elche,NO2,-62,0.14816419923769242
T1_E1_Alicante,NO,T2_E1_Elche,NO2,-61,0.21746779181214834
T1_E1_Alicante,NO,T2_E1_Elche,NO2,-60,0.2446668851535495
T1_E1_Alicante,NO,T2_E1_Elche,NO2,-59,0.21712135496780674
T1_E1_Alicante,NO,T2_E1_Elche,NO2,-58,0.1422537107593193
T1_E1_Alicante,NO,T2_E1_Elche,NO2,-57,0.06405808967590695
T1_E1_Alicante,NO,T2_E1_Elche,NO2,-56,0.0050241902264216536
T1_E1_Alicante,NO,T2_E1_Elche,NO2,-55,-0.03156916593006024
T1_E1_Alicante,NO,T2_E1_Elche,NO2,-54,-0.04650547529831973
T1_E1_Alicante,NO,T2_E1_Elche,NO2,-53,-0.037464765550384374
T1_E1_Alicante,NO,T2_E1_Elche,NO2,-52,0.0018984746336622763
T1_E1_Alicante,NO,T2_E1_Elche,NO2,-51,0.07318057614508726
T1_E1_Alicante,NO,T2_E1_Elche,NO2,-50,0.16952721959400915
T1_E1_Alicante,NO,T2_E1_Elche,NO2,-49,0.2587005357293618
T1_E1_Alicante,NO,T2_E1_Elche,NO2,-48,0.2850948393863526
T1_E1_Alicante,NO,T2_E1_Elche,NO2,-47,0.2312859836231772
T1_E1_Alicante,NO,T2_E1_Elche,NO2,-46,0.13589223396714084
T1_E1_Alicante,NO,T2_E1_Elche,NO2,-45,0.0466184517897666
T1_E1_Alicante,NO,T2_E1_Elche,NO2,-44,-0.013896590000066156
T1_E1_Alicante,NO,T2_E1_Elche,NO2,-43,-0.048503367729838175
T1_E1_Alicante,NO,T2_E1_Elche,NO2,-42,-0.06098532569461066
T1_E1_Alicante,NO,T2_E1_Elche,NO2,-41,-0.04710649188269818
T1_E1_Alicante,NO,T2_E1_Elche,NO2,-40,-0.003981475902032269
T1_E1_Alicante,NO,T2_E1_Elche,NO2,-39,0.07017400861883542
T1_E1_Alicante,NO,T2_E1_Elche,NO2,-38,0.16438798018267695
T1_E1_Alicante,NO,T2_E1_Elche,NO2,-37,0.24632319154691812
T1_E1_Alicante,NO,T2_E1_Elche,NO2,-36,0.2764039689306346
T1_E1_Alicante,NO,T2_E1_Elche,NO2,-35,0.24061449796874096
T1_E1_Alicante,NO,T2_E1_Elche,NO2,-34,0.156667986012656
T1_E1_Alicante,NO,T2_E1_Elche,NO2,-33,0.06968290907412582
T1_E1_Alicante,NO,T2_E1_Elche,NO2,-32,0.009595976123109782
T1_E1_Alicante,NO,T2_E1_Elche,NO2,-31,-0.0269622256115883
T1_E1_Alicante,NO,T2_E1_Elche,NO2,-30,-0.03961866802416745
T1_E1_Alicante,NO,T2_E1_Elche,NO2,-29,-0.02404642834383041
T1_E1_Alicante,NO,T2_E1_Elche,NO2,-28,0.024557525204031223
T1_E1_Alicante,NO,T2_E1_Elche,NO2,-27,0.10565440825156654
T1_E1_Alicante,NO,T2_E1_Elche,NO2,-26,0.2170024673355139
T1_E1_Alicante,NO,T2_E1_Elche,NO2,-25,0.3243807471417425
T1_E1_Alicante,NO,T2_E1_Elche,NO2,-24,0.3545855454518176
T1_E1_Alicante,NO,T2_E1_Elche,NO2,-23,0.2804198675672803
T1_E1_Alicante,NO,T2_E1_Elche,NO2,-22,0.16038751775007912
T1_E1_Alicante,NO,T2_E1_Elche,NO2,-21,0.06047124539452077
T1_E1_Alicante,NO,T2_E1_Elche,NO2,-20,-0.0051534721722324706
T1_E1_Alicante,NO,T2_E1_Elche,NO2,-19,-0.039382061330265936
T1_E1_Alicante,NO,T2_E1_Elche,NO2,-18,-0.048681908781339656
T1_E1_Alicante,NO,T2_E1_Elche,NO2,-17,-0.027293215116368043
T1_E1_Alicante,NO,T2_E1_Elche,NO2,-16,0.030885366279409087
T1_E1_Alicante,NO,T2_E1_Elche,NO2,-15,0.13196436025183
T1_E1_Alicante,NO,T2_E1_Elche,NO2,-14,0.25934054800440454
T1_E1_Alicante,NO,T2_E1_Elche,NO2,-13,0.3614968454541902
T1_E1_Alicante,NO,T2_E1_Elche,NO2,-12,0.3963769466442067
T1_E1_Alicante,NO,T2_E1_Elche,NO2,-11,0.3484775213081656
T1_E1_Alicante,NO,T2_E1_Elche,NO2,-10,0.2401072527795835
T1_E1_Alicante,NO,T2_E1_Elche,NO2,-9,0.13109555442251175
T1_E1_Alicante,NO,T2_E1_Elche,NO2,-8,0.05384627989398704
T1_E1_Alicante,NO,T2_E1_Elche,NO2,-7,0.010108999997140888
T1_E1_Alicante,NO,T2_E1_Elche,NO2,-6,-0.0018730784586726754
T1_E1_Alicante,NO,T2_E1_Elche,NO2,-5,0.02109924816308862
T1_E1_Alicante,NO,T2_E1_Elche,NO2,-4,0.08488430845470767
T1_E1_Alicante,NO,T2_E1_Elche,NO2,-3,0.1956060937557411
T1_E1_Alicante,NO,T2_E1_Elche,NO2,-2,0.3470885634332344
T1_E1_Alicante,NO,T2_E1_Elche,NO2,-1,0.49735472299454664
T1_E1_Alicante,NO,T2_E1_Elche,NO2,0,0.5509210146415476
T1_E1_Alicante,NO,T2_E1_Elche,NO2,1,0.4531163162318809
T1_E1_Alicante,NO,T2_E1_Elche,NO2,2,0.29116883535654353
T1_E1_Alicante,NO,T2_E1_Elche,NO2,3,0.15149421224545992
T1_E1_Alicante,NO,T2_E1_Elche,NO2,4,0.06244837221411477
T1_E1_Alicante,NO,T2_E1_Elche,NO2,5,0.01108916065466738
T1_E1_Alicante,NO,T2_E1_Elche,NO2,6,-0.008808808207897263
T1_E1_Alicante,NO,T2_E1_Elche,NO2,7,0.007872259745055564
T1_E1_Alicante,NO,T2_E1_Elche,NO2,8,0.0660926399083177
T1_E1_Alicante,NO,T2_E1_Elche,NO2,9,0.166142246342938
T1_E1_Alicante,NO,T2_E1_Elche,NO2,10,0.2876965504772662
T1_E1_Alicante,NO,T2_E1_Elche,NO2,11,0.3835954126600163
T1_E1_Alicante,NO,T2_E1_Elche,NO2,12,0.4126347911374273
T1_E1_Alicante,NO,T2_E1_Elche,NO2,13,0.3622710873831967
T1_E1_Alicante,NO,T2_E1_Elche,NO2,14,0.25408691643242903
T1_E1_Alicante,NO,T2_E1_Elche,NO2,15,0.14236369417243544
T1_E1_Alicante,NO,T2_E1_Elche,NO2,16,0.061313766994328514
T1_E1_Alicante,NO,T2_E1_Elche,NO2,17,0.009429173706349785
T1_E1_Alicante,NO,T2_E1_Elche,NO2,18,-0.015324959661976476
T1_E1_Alicante,NO,T2_E1_Elche,NO2,19,-0.013036742631727808
T1_E1_Alicante,NO,T2_E1_Elche,NO2,20,0.02855285885919091
T1_E1_Alicante,NO,T2_E1_Elche,NO2,21,0.11016341143479963
T1_E1_Alicante,NO,T2_E1_Elche,NO2,22,0.22236709095343116
T1_E1_Alicante,NO,T2_E1_Elche,NO2,23,0.32969016830023057
T1_E1_Alicante,NO,T2_E1_Elche,NO2,24,0.3646624836556115
T1_E1_Alicante,NO,T2_E1_Elche,NO2,25,0.30007001255250537
T1_E1_Alicante,NO,T2_E1_Elche,NO2,26,0.18629399109726477
T1_E1_Alicante,NO,T2_E1_Elche,NO2,27,0.08222919812832752
T1_E1_Alicante,NO,T2_E1_Elche,NO2,28,0.010332314503101604
T1_E1_Alicante,NO,T2_E1_Elche,NO2,29,-0.03157328974453106
T1_E1_Alicante,NO,T2_E1_Elche,NO2,30,-0.04522426249737813
T1_E1_Alicante,NO,T2_E1_Elche,NO2,31,-0.030765039968968493
T1_E1_Alicante,NO,T2_E1_Elche,NO2,32,0.013371206576995946
T1_E1_Alicante,NO,T2_E1_Elche,NO2,33,0.08767195817356539
T1_E1_Alicante,NO,T2_E1_Elche,NO2,34,0.1838825001194437
T1_E1_Alicante,NO,T2_E1_Elche,NO2,35,0.26803033869056553
T1_E1_Alicante,NO,T2_E1_Elche,NO2,36,0.30029435915329306
T1_E1_Alicante,NO,T2_E1_Elche,NO2,37,0.26465868974445445
T1_E1_Alicante,NO,T2_E1_Elche,NO2,38,0.1827099516335777
T1_E1_Alicante,NO,T2_E1_Elche,NO2,39,0.09445523926642554
T1_E1_Alicante,NO,T2_E1_Elche,NO2,40,0.024659028067127376
T1_E1_Alicante,NO,T2_E1_Elche,NO2,41,-0.018147539815308318
T1_E1_Alicante,NO,T2_E1_Elche,NO2,42,-0.036866157694363993
T1_E1_Alicante,NO,T2_E1_Elche,NO2,43,-0.029537536751935083
T1_E1_Alicante,NO,T2_E1_Elche,NO2,44,0.010545744902394997
T1_E1_Alicante,NO,T2_E1_Elche,NO2,45,0.084529351901435
T1_E1_Alicante,NO,T2_E1_Elche,NO2,46,0.184608889727244
T1_E1_Alicante,NO,T2_E1_Elche,NO2,47,0.2793000287346996
T1_E1_Alicante,NO,T2_E1_Elche,NO2,48,0.3072046174452962
T1_E1_Alicante,NO,T2_E1_Elche,NO2,49,0.24892326314935498
T1_E1_Alicante,NO,T2_E1_Elche,NO2,50,0.15004599294644083
T1_E1_Alicante,NO,T2_E1_Elche,NO2,51,0.058523759486788444
T1_E1_Alicante,NO,T2_E1_Elche,NO2,52,-0.0016162431200592302
T1_E1_Alicante,NO,T2_E1_Elche,NO2,53,-0.036157544570299446
T1_E1_Alicante,NO,T2_E1_Elche,NO2,54,-0.0484236261459503
T1_E1_Alicante,NO,T2_E1_Elche,NO2,55,-0.03234499061877896
T1_E1_Alicante,NO,T2_E1_Elche,NO2,56,0.013188372056882856
T1_E1_Alicante,NO,T2_E1_Elche,NO2,57,0.08728971204292263
T1_E1_Alicante,NO,T2_E1_Elche,NO2,58,0.18054182092646068
T1_E1_Alicante,NO,T2_E1_Elche,NO2,59,0.2613815006487961
T1_E1_Alicante,NO,T2_E1_Elche,NO2,60,0.2957659637872688
T1_E1_Alicante,NO,T2_E1_Elche,NO2,61,0.26351812412145265
T1_E1_Alicante,NO,T2_E1_Elche,NO2,62,0.18532222753102454
T1_E1_Alicante,NO,T2_E1_Elche,NO2,63,0.09679041186430819
T1_E1_Alicante,NO,T2_E1_Elche,NO2,64,0.027485839278659434
T1_E1_Alicante,NO,T2_E1_Elche,NO2,65,-0.016650976437466797
T1_E1_Alicante,NO,T2_E1_Elche,NO2,66,-0.035274774168119506
T1_E1_Alicante,NO,T2_E1_Elche,NO2,67,-0.02722750258780582
T1_E1_Alicante,NO,T2_E1_Elche,NO2,68,0.008643128825754711
T1_E1_Alicante,NO,T2_E1_Elche,NO2,69,0.0698039283972876
T1_E1_Alicante,NO,T2_E1_Elche,NO2,70,0.15678101698481303
T1_E1_Alicante,NO,T2_E1_Elche,NO2,71,0.236440322686631
T1_E1_Alicante,NO,T2_E1_Elche,NO2,72,0.2611607850784756
T1_E1_Alicante,NO,T2_E1_Elche,O3,-72,-0.2268402749242363
T1_E1_Alicante,NO,T2_E1_Elche,O3,-71,-0.1886677279243431
T1_E1_Alicante,NO,T2_E1_Elche,O3,-70,-0.12631234154677504
T1_E1_Alicante,NO,T2_E1_Elche,O3,-69,-0.06429538326062512
T1_E1_Alicante,NO,T2_E1_Elche,O3,-68,-0.01927341616601235
T1_E1_Alicante,NO,T2_E1_Elche,O3,-67,0.007362956293302834
T1_E1_Alicante,NO,T2_E1_Elche,O3,-66,0.019315798604818697
T1_E1_Alicante,NO,T2_E1_Elche,O3,-65,0.014095083794324014
T1_E1_Alicante,NO,T2_E1_Elche,O3,-64,-0.010501166879594587
T1_E1_Alicante,NO,T2_E1_Elche,O3,-63,-0.052910388634492315
T1_E1_Alicante,NO,T2_E1_Elche,O3,-62,-0.1043168849434033
T1_E1_Alicante,NO,T2_E1_Elche,O3,-61,-0.1483867259746502
T1_E1_Alicante,NO,T2_E1_Elche,O3,-60,-0.17627395217630548
T1_E1_Alicante,NO,T2_E1_Elche,O3,-59,-0.17983442060480462
T1_E1_Alicante,NO,T2_E1_Elche,O3,-58,-0.1608317646165983
T1_E1_Alicante,NO,T2_E1_Elche,O3,-57,-0.13318491322559825
T1_E1_Alicante,NO,T2_E1_Elche,O3,-56,-0.10845245480725312
T1_E1_Alicante,NO,T2_E1_Elche,O3,-55,-0.09111242795733478
T1_E1_Alicante,NO,T2_E1_Elche,O3,-54,-0.08378912767883083
T1_E1_Alicante,NO,T2_E1_Elche,O3,-53,-0.08962339138639748
T1_E1_Alicante,NO,T2_E1_Elche,O3,-52,-0.11106204472583443
T1_E1_Alicante,NO,T2_E1_Elche,O3,-51,-0.1471832363333122
T1_E1_Alicante,NO,T2_E1_Elche,O3,-50,-0.19424016146233086
T1_E1_Alicante,NO,T2_E1_Elche,O3,-49,-0.23412663814695453
T1_E1_Alicante,NO,T2_E1_Elche,O3,-48,-0.23937841592137105
T1_E1_Alicante,NO,T2_E1_Elche,O3,-47,-0.20128238270897808
T1_E1_Alicante,NO,T2_E1_Elche,O3,-46,-0.13841347451388475
T1_E1_Alicante,NO,T2_E1_Elche,O3,-45,-0.07318480299213856
T1_E1_Alicante,NO,T2_E1_Elche,O3,-44,-0.02331764641209442
T1_E1_Alicante,NO,T2_E1_Elche,O3,-43,0.007107625934121021
T1_E1_Alicante,NO,T2_E1_Elche,O3,-42,0.019878115470543984
T1_E1_Alicante,NO,T2_E1_Elche,O3,-41,0.014387940839248431
T1_E1_Alicante,NO,T2_E1_Elche,O3,-40,-0.00898293957647352
T1_E1_Alicante,NO,T2_E1_Elche,O3,-39,-0.05036988553063486
T1_E1_Alicante,NO,T2_E1_Elche,O3,-38,-0.10393748696060057
T1_E1_Alicante,NO,T2_E1_Elche,O3,-37,-0.15488033862440917
T1_E1_Alicante,NO,T2_E1_Elche,O3,-36,-0.18633436135636647
T1_E1_Alicante,NO,T2_E1_Elche,O3,-35,-0.19023346236299743
T1_E1_Alicante,NO,T2_E1_Elche,O3,-34,-0.16924251235549
T1_E1_Alicante,NO,T2_E1_Elche,O3,-33,-0.13925433109673585
T1_E1_Alicante,NO,T2_E1_Elche,O3,-32,-0.1144961701287502
T1_E1_Alicante,NO,T2_E1_Elche,O3,-31,-0.09741183671978798
T1_E1_Alicante,NO,T2_E1_Elche,O3,-30,-0.09007142345486191
T1_E1_Alicante,NO,T2_E1_Elche,O3,-29,-0.09774830005279929
T1_E1_Alicante,NO,T2_E1_Elche,O3,-28,-0.12254928040538719
T1_E1_Alicante,NO,T2_E1_Elche,O3,-27,-0.1634232554614666
T1_E1_Alicante,NO,T2_E1_Elche,O3,-26,-0.2151438904352883
T1_E1_Alicante,NO,T2_E1_Elche,O3,-25,-0.25965311284752485
T1_E1_Alicante,NO,T2_E1_Elche,O3,-24,-0.268719071478354
T1_E1_Alicante,NO,T2_E1_Elche,O3,-23,-0.22913135569231619
T1_E1_Alicante,NO,T2_E1_Elche,O3,-22,-0.15939384967044098
T1_E1_Alicante,NO,T2_E1_Elche,O3,-21,-0.08859445112608795
T1_E1_Alicante,NO,T2_E1_Elche,O3,-20,-0.0338600712469354
T1_E1_Alicante,NO,T2_E1_Elche,O3,-19,-0.001343443186533371
T1_E1_Alicante,NO,T2_E1_Elche,O3,-18,0.011088976445784311
T1_E1_Alicante,NO,T2_E1_Elche,O3,-17,0.0034374644697798386
T1_E1_Alicante,NO,T2_E1_Elche,O3,-16,-0.026460507248788623
T1_E1_Alicante,NO,T2_E1_Elche,O3,-15,-0.07974108721186128
T1_E1_Alicante,NO,T2_E1_Elche,O3,-14,-0.14758181075109184
T1_E1_Alicante,NO,T2_E1_Elche,O3,-13,-0.20616942884053369
T1_E1_Alicante,NO,T2_E1_Elche,O3,-12,-0.2408900310718869
T1_E1_Alicante,NO,T2_E1_Elche,O3,-11,-0.24468955701093867
T1_E1_Alicante,NO,T2_E1_Elche,O3,-10,-0.22015089672279214
T1_E1_Alicante,NO,T2_E1_Elche,O3,-9,-0.18320976487033297
T1_E1_Alicante,NO,T2_E1_Elche,O3,-8,-0.15295210563221623
T1_E1_Alicante,NO,T2_E1_Elche,O3,-7,-0.13418817316774212
T1_E1_Alicante,NO,T2_E1_Elche,O3,-6,-0.12999601320496837
T1_E1_Alicante,NO,T2_E1_Elche,O3,-5,-0.1426346972323069
T1_E1_Alicante,NO,T2_E1_Elche,O3,-4,-0.17524716252610847
T1_E1_Alicante,NO,T2_E1_Elche,O3,-3,-0.22624788680693006
T1_E1_Alicante,NO,T2_E1_Elche,O3,-2,-0.2907871148350041
T1_E1_Alicante,NO,T2_E1_Elche,O3,-1,-0.3482824867150857
T1_E1_Alicante,NO,T2_E1_Elche,O3,0,-0.3610414001653561
T1_E1_Alicante,NO,T2_E1_Elche,O3,1,-0.31099275471021726
T1_E1_Alicante,NO,T2_E1_Elche,O3,2,-0.22403468449943684
T1_E1_Alicante,NO,T2_E1_Elche,O3,3,-0.13722295781924942
T1_E1_Alicante,NO,T2_E1_Elche,O3,4,-0.0709363313652609
T1_E1_Alicante,NO,T2_E1_Elche,O3,5,-0.029012541932838167
T1_E1_Alicante,NO,T2_E1_Elche,O3,6,-0.009321172904264062
T1_E1_Alicante,NO,T2_E1_Elche,O3,7,-0.012700537869314825
T1_E1_Alicante,NO,T2_E1_Elche,O3,8,-0.04026860960758011
T1_E1_Alicante,NO,T2_E1_Elche,O3,9,-0.09143465211982629
T1_E1_Alicante,NO,T2_E1_Elche,O3,10,-0.15416542181876333
T1_E1_Alicante,NO,T2_E1_Elche,O3,11,-0.20714315613760156
T1_E1_Alicante,NO,T2_E1_Elche,O3,12,-0.23476244024269668
T1_E1_Alicante,NO,T2_E1_Elche,O3,13,-0.23305978867358274
T1_E1_Alicante,NO,T2_E1_Elche,O3,14,-0.20410537723010838
T1_E1_Alicante,NO,T2_E1_Elche,O3,15,-0.16403340730750043
T1_E1_Alicante,NO,T2_E1_Elche,O3,16,-0.13051246189386154
T1_E1_Alicante,NO,T2_E1_Elche,O3,17,-0.10645685301041019
T1_E1_Alicante,NO,T2_E1_Elche,O3,18,-0.0940992282179122
T1_E1_Alicante,NO,T2_E1_Elche,O3,19,-0.09556298343372088
T1_E1_Alicante,NO,T2_E1_Elche,O3,20,-0.1163218758853486
T1_E1_Alicante,NO,T2_E1_Elche,O3,21,-0.15537067444264466
T1_E1_Alicante,NO,T2_E1_Elche,O3,22,-0.20521302853901827
T1_E1_Alicante,NO,T2_E1_Elche,O3,23,-0.24794747951591564
T1_E1_Alicante,NO,T2_E1_Elche,O3,24,-0.2526616342796539
T1_E1_Alicante,NO,T2_E1_Elche,O3,25,-0.21113215906144223
T1_E1_Alicante,NO,T2_E1_Elche,O3,26,-0.14050232162777782
T1_E1_Alicante,NO,T2_E1_Elche,O3,27,-0.06872899480578952
T1_E1_Alicante,NO,T2_E1_Elche,O3,28,-0.015027916752600689
T1_E1_Alicante,NO,T2_E1_Elche,O3,29,0.01803482957472606
T1_E1_Alicante,NO,T2_E1_Elche,O3,30,0.030823601951244554
T1_E1_Alicante,NO,T2_E1_Elche,O3,31,0.025083902451480757
T1_E1_Alicante,NO,T2_E1_Elche,O3,32,0.000973647651677666
T1_E1_Alicante,NO,T2_E1_Elche,O3,33,-0.04063313147066741
T1_E1_Alicante,NO,T2_E1_Elche,O3,34,-0.09410689583722884
T1_E1_Alicante,NO,T2_E1_Elche,O3,35,-0.14269670145833008
T1_E1_Alicante,NO,T2_E1_Elche,O3,36,-0.17182292061735258
T1_E1_Alicante,NO,T2_E1_Elche,O3,37,-0.17473738296952165
T1_E1_Alicante,NO,T2_E1_Elche,O3,38,-0.15405983969212717
T1_E1_Alicante,NO,T2_E1_Elche,O3,39,-0.12277629539935644
T1_E1_Alicante,NO,T2_E1_Elche,O3,40,-0.09566562247602044
T1_E1_Alicante,NO,T2_E1_Elche,O3,41,-0.07772192295436942
T1_E1_Alicante,NO,T2_E1_Elche,O3,42,-0.0707068600404108
T1_E1_Alicante,NO,T2_E1_Elche,O3,43,-0.0777384610012848
T1_E1_Alicante,NO,T2_E1_Elche,O3,44,-0.10080151037952244
T1_E1_Alicante,NO,T2_E1_Elche,O3,45,-0.13865832636710376
T1_E1_Alicante,NO,T2_E1_Elche,O3,46,-0.18616375468229407
T1_E1_Alicante,NO,T2_E1_Elche,O3,47,-0.22575549810040138
T1_E1_Alicante,NO,T2_E1_Elche,O3,48,-0.22957108197892526
T1_E1_Alicante,NO,T2_E1_Elche,O3,49,-0.19050498631678073
T1_E1_Alicante,NO,T2_E1_Elche,O3,50,-0.12844158900793462
T1_E1_Alicante,NO,T2_E1_Elche,O3,51,-0.06612627569312761
T1_E1_Alicante,NO,T2_E1_Elche,O3,52,-0.017442310989603325
T1_E1_Alicante,NO,T2_E1_Elche,O3,53,0.011459150073011503
T1_E1_Alicante,NO,T2_E1_Elche,O3,54,0.024116157918140584
T1_E1_Alicante,NO,T2_E1_Elche,O3,55,0.017440433395137712
T1_E1_Alicante,NO,T2_E1_Elche,O3,56,-0.008929831738586044
T1_E1_Alicante,NO,T2_E1_Elche,O3,57,-0.051005965512961556
T1_E1_Alicante,NO,T2_E1_Elche,O3,58,-0.10327279437412712
T1_E1_Alicante,NO,T2_E1_Elche,O3,59,-0.15121460480149992
T1_E1_Alicante,NO,T2_E1_Elche,O3,60,-0.18126495227726475
T1_E1_Alicante,NO,T2_E1_Elche,O3,61,-0.1846153679551547
T1_E1_Alicante,NO,T2_E1_Elche,O3,62,-0.16299192175785737
T1_E1_Alicante,NO,T2_E1_Elche,O3,63,-0.130639067324326
T1_E1_Alicante,NO,T2_E1_Elche,O3,64,-0.10175841116238883
T1_E1_Alicante,NO,T2_E1_Elche,O3,65,-0.08332581666380705
T1_E1_Alicante,NO,T2_E1_Elche,O3,66,-0.07703416251615415
T1_E1_Alicante,NO,T2_E1_Elche,O3,67,-0.0838273414406758
T1_E1_Alicante,NO,T2_E1_Elche,O3,68,-0.1033440898138178
T1_E1_Alicante,NO,T2_E1_Elche,O3,69,-0.1351633730565532
T1_E1_Alicante,NO,T2_E1_Elche,O3,70,-0.1762579225298096
T1_E1_Alicante,NO,T2_E1_Elche,O3,71,-0.20954002608769667
T1_E1_Alicante,NO,T2_E1_Elche,O3,72,-0.21114075833952778
T1_E1_Alicante,NO,T2_E2_Elda,NO,-72,0.137704296133849
T1_E1_Alicante,NO,T2_E2_Elda,NO,-71,0.15890149277174262
T1_E1_Alicante,NO,T2_E2_Elda,NO,-70,0.12922131951760363
T1_E1_Alicante,NO,T2_E2_Elda,NO,-69,0.07483528938500658
T1_E1_Alicante,NO,T2_E2_Elda,NO,-68,0.02600343324395578
T1_E1_Alicante,NO,T2_E2_Elda,NO,-67,-0.0030033196330099955
T1_E1_Alicante,NO,T2_E2_Elda,NO,-66,-0.016830615117377382
T1_E1_Alicante,NO,T2_E2_Elda,NO,-65,-0.020058300734586094
T1_E1_Alicante,NO,T2_E2_Elda,NO,-64,-0.015801061847231217
T1_E1_Alicante,NO,T2_E2_Elda,NO,-63,-0.0033995012680990352
T1_E1_Alicante,NO,T2_E2_Elda,NO,-62,0.020639168562997558
T1_E1_Alicante,NO,T2_E2_Elda,NO,-61,0.05856434487124696
T1_E1_Alicante,NO,T2_E2_Elda,NO,-60,0.1094356801951613
T1_E1_Alicante,NO,T2_E2_Elda,NO,-59,0.14404812412572823
T1_E1_Alicante,NO,T2_E2_Elda,NO,-58,0.12913535323728195
T1_E1_Alicante,NO,T2_E2_Elda,NO,-57,0.07933478167920936
T1_E1_Alicante,NO,T2_E2_Elda,NO,-56,0.02208601576317872
T1_E1_Alicante,NO,T2_E2_Elda,NO,-55,-0.012787270997346084
T1_E1_Alicante,NO,T2_E2_Elda,NO,-54,-0.02729895957697523
T1_E1_Alicante,NO,T2_E2_Elda,NO,-53,-0.030403514797732616
T1_E1_Alicante,NO,T2_E2_Elda,NO,-52,-0.023428097979594754
T1_E1_Alicante,NO,T2_E2_Elda,NO,-51,-0.006375468795440667
T1_E1_Alicante,NO,T2_E2_Elda,NO,-50,0.035242262449626346
T1_E1_Alicante,NO,T2_E2_Elda,NO,-49,0.09937751076049071
T1_E1_Alicante,NO,T2_E2_Elda,NO,-48,0.17732041474136576
T1_E1_Alicante,NO,T2_E2_Elda,NO,-47,0.20511988217322694
T1_E1_Alicante,NO,T2_E2_Elda,NO,-46,0.16800442593821344
T1_E1_Alicante,NO,T2_E2_Elda,NO,-45,0.10291851469577262
T1_E1_Alicante,NO,T2_E2_Elda,NO,-44,0.04468880970979096
T1_E1_Alicante,NO,T2_E2_Elda,NO,-43,0.009357641078292794
T1_E1_Alicante,NO,T2_E2_Elda,NO,-42,-0.006347219426650532
T1_E1_Alicante,NO,T2_E2_Elda,NO,-41,-0.011059828954710561
T1_E1_Alicante,NO,T2_E2_Elda,NO,-40,-0.007538289893709071
T1_E1_Alicante,NO,T2_E2_Elda,NO,-39,0.005838805578644689
T1_E1_Alicante,NO,T2_E2_Elda,NO,-38,0.03553217417195346
T1_E1_Alicante,NO,T2_E2_Elda,NO,-37,0.0784030940885324
T1_E1_Alicante,NO,T2_E2_Elda,NO,-36,0.12471430665305264
T1_E1_Alicante,NO,T2_E2_Elda,NO,-35,0.1517536553655014
T1_E1_Alicante,NO,T2_E2_Elda,NO,-34,0.12842680984977026
T1_E1_Alicante,NO,T2_E2_Elda,NO,-33,0.07182935008000974
T1_E1_Alicante,NO,T2_E2_Elda,NO,-32,0.023681507019486552
T1_E1_Alicante,NO,T2_E2_Elda,NO,-31,-0.00718915005064324
T1_E1_Alicante,NO,T2_E2_Elda,NO,-30,-0.02078609807303129
T1_E1_Alicante,NO,T2_E2_Elda,NO,-29,-0.02360503432636726
T1_E1_Alicante,NO,T2_E2_Elda,NO,-28,-0.016675634658876663
T1_E1_Alicante,NO,T2_E2_Elda,NO,-27,0.009118683014905982
T1_E1_Alicante,NO,T2_E2_Elda,NO,-26,0.0641731844268253
T1_E1_Alicante,NO,T2_E2_Elda,NO,-25,0.15091552770635136
T1_E1_Alicante,NO,T2_E2_Elda,NO,-24,0.2421863257288562
T1_E1_Alicante,NO,T2_E2_Elda,NO,-23,0.27774008128019817
T1_E1_Alicante,NO,T2_E2_Elda,NO,-22,0.22735846138932914
T1_E1_Alicante,NO,T2_E2_Elda,NO,-21,0.13156150484646068
T1_E1_Alicante,NO,T2_E2_Elda,NO,-20,0.05767982127802475
T1_E1_Alicante,NO,T2_E2_Elda,NO,-19,0.013735147717098443
T1_E1_Alicante,NO,T2_E2_Elda,NO,-18,-0.005370078791299746
T1_E1_Alicante,NO,T2_E2_Elda,NO,-17,-0.00872689977775836
T1_E1_Alicante,NO,T2_E2_Elda,NO,-16,-0.0027882275942501932
T1_E1_Alicante,NO,T2_E2_Elda,NO,-15,0.013816313596004975
T1_E1_Alicante,NO,T2_E2_Elda,NO,-14,0.05151570499696405
T1_E1_Alicante,NO,T2_E2_Elda,NO,-13,0.10752389153095923
T1_E1_Alicante,NO,T2_E2_Elda,NO,-12,0.1709325714919688
T1_E1_Alicante,NO,T2_E2_Elda,NO,-11,0.20933581180932984
T1_E1_Alicante,NO,T2_E2_Elda,NO,-10,0.18749349683228797
T1_E1_Alicante,NO,T2_E2_Elda,NO,-9,0.1191755268085552
T1_E1_Alicante,NO,T2_E2_Elda,NO,-8,0.05023759056355318
T1_E1_Alicante,NO,T2_E2_Elda,NO,-7,0.007316925732509275
T1_E1_Alicante,NO,T2_E2_Elda,NO,-6,-0.011099657755486244
T1_E1_Alicante,NO,T2_E2_Elda,NO,-5,-0.010900018449927343
T1_E1_Alicante,NO,T2_E2_Elda,NO,-4,0.008648142107512736
T1_E1_Alicante,NO,T2_E2_Elda,NO,-3,0.05199319819794153
T1_E1_Alicante,NO,T2_E2_Elda,NO,-2,0.13107993727506373
T1_E1_Alicante,NO,T2_E2_Elda,NO,-1,0.2522491018636901
T1_E1_Alicante,NO,T2_E2_Elda,NO,0,0.37155821168697667
T1_E1_Alicante,NO,T2_E2_Elda,NO,1,0.402865430090097
T1_E1_Alicante,NO,T2_E2_Elda,NO,2,0.3138651994082631
T1_E1_Alicante,NO,T2_E2_Elda,NO,3,0.18780893039872562
T1_E1_Alicante,NO,T2_E2_Elda,NO,4,0.09050897068205653
T1_E1_Alicante,NO,T2_E2_Elda,NO,5,0.03196697713970637
T1_E1_Alicante,NO,T2_E2_Elda,NO,6,0.0035653465118385104
T1_E1_Alicante,NO,T2_E2_Elda,NO,7,-0.005633926820219726
T1_E1_Alicante,NO,T2_E2_Elda,NO,8,-0.0036887847264355485
T1_E1_Alicante,NO,T2_E2_Elda,NO,9,0.01365914508312522
T1_E1_Alicante,NO,T2_E2_Elda,NO,10,0.046039075798534855
T1_E1_Alicante,NO,T2_E2_Elda,NO,11,0.10354914114857193
T1_E1_Alicante,NO,T2_E2_Elda,NO,12,0.1596629450458661
T1_E1_Alicante,NO,T2_E2_Elda,NO,13,0.19056547613320834
T1_E1_Alicante,NO,T2_E2_Elda,NO,14,0.17545411831775645
T1_E1_Alicante,NO,T2_E2_Elda,NO,15,0.11670112303603686
T1_E1_Alicante,NO,T2_E2_Elda,NO,16,0.05272778267149518
T1_E1_Alicante,NO,T2_E2_Elda,NO,17,0.005620144956232869
T1_E1_Alicante,NO,T2_E2_Elda,NO,18,-0.018902378862612982
T1_E1_Alicante,NO,T2_E2_Elda,NO,19,-0.027288376397002406
T1_E1_Alicante,NO,T2_E2_Elda,NO,20,-0.024772825487107495
T1_E1_Alicante,NO,T2_E2_Elda,NO,21,-0.007890445254012857
T1_E1_Alicante,NO,T2_E2_Elda,NO,22,0.03378354705995308
T1_E1_Alicante,NO,T2_E2_Elda,NO,23,0.10827325239983392
T1_E1_Alicante,NO,T2_E2_Elda,NO,24,0.19583309945843316
T1_E1_Alicante,NO,T2_E2_Elda,NO,25,0.22926441934202557
T1_E1_Alicante,NO,T2_E2_Elda,NO,26,0.18428987050426487
T1_E1_Alicante,NO,T2_E2_Elda,NO,27,0.10633955429464831
T1_E1_Alicante,NO,T2_E2_Elda,NO,28,0.04425660074202839
T1_E1_Alicante,NO,T2_E2_Elda,NO,29,0.005327611061182625
T1_E1_Alicante,NO,T2_E2_Elda,NO,30,-0.0129011419181495
T1_E1_Alicante,NO,T2_E2_Elda,NO,31,-0.019266590139713075
T1_E1_Alicante,NO,T2_E2_Elda,NO,32,-0.020388062801738258
T1_E1_Alicante,NO,T2_E2_Elda,NO,33,-0.013129967854527688
T1_E1_Alicante,NO,T2_E2_Elda,NO,34,0.005923955006353574
T1_E1_Alicante,NO,T2_E2_Elda,NO,35,0.038808956685878686
T1_E1_Alicante,NO,T2_E2_Elda,NO,36,0.08020509800902982
T1_E1_Alicante,NO,T2_E2_Elda,NO,37,0.11340901115924296
T1_E1_Alicante,NO,T2_E2_Elda,NO,38,0.10371747712960687
T1_E1_Alicante,NO,T2_E2_Elda,NO,39,0.06089841966848766
T1_E1_Alicante,NO,T2_E2_Elda,NO,40,0.01759699038684642
T1_E1_Alicante,NO,T2_E2_Elda,NO,41,-0.011856681903599337
T1_E1_Alicante,NO,T2_E2_Elda,NO,42,-0.02746517509616762
T1_E1_Alicante,NO,T2_E2_Elda,NO,43,-0.032721862376405536
T1_E1_Alicante,NO,T2_E2_Elda,NO,44,-0.028341077727877133
T1_E1_Alicante,NO,T2_E2_Elda,NO,45,-0.01413438121263837
T1_E1_Alicante,NO,T2_E2_Elda,NO,46,0.021221596444905802
T1_E1_Alicante,NO,T2_E2_Elda,NO,47,0.08470669518258761
T1_E1_Alicante,NO,T2_E2_Elda,NO,48,0.15183547990996202
T1_E1_Alicante,NO,T2_E2_Elda,NO,49,0.17923271939345978
T1_E1_Alicante,NO,T2_E2_Elda,NO,50,0.14197054763946987
T1_E1_Alicante,NO,T2_E2_Elda,NO,51,0.07835114428100735
T1_E1_Alicante,NO,T2_E2_Elda,NO,52,0.02676299809028917
T1_E1_Alicante,NO,T2_E2_Elda,NO,53,-0.00730660677716196
T1_E1_Alicante,NO,T2_E2_Elda,NO,54,-0.022164422989074967
T1_E1_Alicante,NO,T2_E2_Elda,NO,55,-0.026450731648337483
T1_E1_Alicante,NO,T2_E2_Elda,NO,56,-0.02219033941507043
T1_E1_Alicante,NO,T2_E2_Elda,NO,57,-0.007667503298312252
T1_E1_Alicante,NO,T2_E2_Elda,NO,58,0.020056581377260473
T1_E1_Alicante,NO,T2_E2_Elda,NO,59,0.054410187493215995
T1_E1_Alicante,NO,T2_E2_Elda,NO,60,0.10063121984519366
T1_E1_Alicante,NO,T2_E2_Elda,NO,61,0.1316077909686198
T1_E1_Alicante,NO,T2_E2_Elda,NO,62,0.10502910037928608
T1_E1_Alicante,NO,T2_E2_Elda,NO,63,0.050148465450803315
T1_E1_Alicante,NO,T2_E2_Elda,NO,64,0.008621539408476556
T1_E1_Alicante,NO,T2_E2_Elda,NO,65,-0.017477337209189602
T1_E1_Alicante,NO,T2_E2_Elda,NO,66,-0.02992740311373011
T1_E1_Alicante,NO,T2_E2_Elda,NO,67,-0.03341528310947087
T1_E1_Alicante,NO,T2_E2_Elda,NO,68,-0.02807169265680939
T1_E1_Alicante,NO,T2_E2_Elda,NO,69,-0.011739482466931938
T1_E1_Alicante,NO,T2_E2_Elda,NO,70,0.01908547776974458
T1_E1_Alicante,NO,T2_E2_Elda,NO,71,0.06890904475721481
T1_E1_Alicante,NO,T2_E2_Elda,NO,72,0.12546286735059284
T1_E1_Alicante,NO,T2_E2_Elda,NO2,-72,0.16119793088415996
T1_E1_Alicante,NO,T2_E2_Elda,NO2,-71,0.150409455925726
T1_E1_Alicante,NO,T2_E2_Elda,NO2,-70,0.10021707025802681
T1_E1_Alicante,NO,T2_E2_Elda,NO2,-69,0.038594648918821334
T1_E1_Alicante,NO,T2_E2_Elda,NO2,-68,-0.012326240709199195
T1_E1_Alicante,NO,T2_E2_Elda,NO2,-67,-0.04354026561887698
T1_E1_Alicante,NO,T2_E2_Elda,NO2,-66,-0.053797698485130455
T1_E1_Alicante,NO,T2_E2_Elda,NO2,-65,-0.04547214199939606
T1_E1_Alicante,NO,T2_E2_Elda,NO2,-64,-0.02000309421530986
T1_E1_Alicante,NO,T2_E2_Elda,NO2,-63,0.014646197825174645
T1_E1_Alicante,NO,T2_E2_Elda,NO2,-62,0.05854733020208513
T1_E1_Alicante,NO,T2_E2_Elda,NO2,-61,0.1034478007473537
T1_E1_Alicante,NO,T2_E2_Elda,NO2,-60,0.13815675764447655
T1_E1_Alicante,NO,T2_E2_Elda,NO2,-59,0.15036907338771238
T1_E1_Alicante,NO,T2_E2_Elda,NO2,-58,0.12553949984009286
T1_E1_Alicante,NO,T2_E2_Elda,NO2,-57,0.07921238279211189
T1_E1_Alicante,NO,T2_E2_Elda,NO2,-56,0.02764535366752211
T1_E1_Alicante,NO,T2_E2_Elda,NO2,-55,-0.013372992224456554
T1_E1_Alicante,NO,T2_E2_Elda,NO2,-54,-0.03658382930822087
T1_E1_Alicante,NO,T2_E2_Elda,NO2,-53,-0.039558984534240865
T1_E1_Alicante,NO,T2_E2_Elda,NO2,-52,-0.021211347882340036
T1_E1_Alicante,NO,T2_E2_Elda,NO2,-51,0.01906839654321366
T1_E1_Alicante,NO,T2_E2_Elda,NO2,-50,0.08565854777213937
T1_E1_Alicante,NO,T2_E2_Elda,NO2,-49,0.16124346972190726
T1_E1_Alicante,NO,T2_E2_Elda,NO2,-48,0.20716335681371614
T1_E1_Alicante,NO,T2_E2_Elda,NO2,-47,0.18980541009528695
T1_E1_Alicante,NO,T2_E2_Elda,NO2,-46,0.125600707754423
T1_E1_Alicante,NO,T2_E2_Elda,NO2,-45,0.05489461912848553
T1_E1_Alicante,NO,T2_E2_Elda,NO2,-44,-0.001928332316134136
T1_E1_Alicante,NO,T2_E2_Elda,NO2,-43,-0.03682499369601517
T1_E1_Alicante,NO,T2_E2_Elda,NO2,-42,-0.050726463737397
T1_E1_Alicante,NO,T2_E2_Elda,NO2,-41,-0.043430065055964376
T1_E1_Alicante,NO,T2_E2_Elda,NO2,-40,-0.015765622804519482
T1_E1_Alicante,NO,T2_E2_Elda,NO2,-39,0.025402168218695113
T1_E1_Alicante,NO,T2_E2_Elda,NO2,-38,0.07885723931569595
T1_E1_Alicante,NO,T2_E2_Elda,NO2,-37,0.1339583769957758
T1_E1_Alicante,NO,T2_E2_Elda,NO2,-36,0.17369511856093525
T1_E1_Alicante,NO,T2_E2_Elda,NO2,-35,0.17959613492397583
T1_E1_Alicante,NO,T2_E2_Elda,NO2,-34,0.14385922312254934
T1_E1_Alicante,NO,T2_E2_Elda,NO2,-33,0.08492893721960026
T1_E1_Alicante,NO,T2_E2_Elda,NO2,-32,0.02822271916769611
T1_E1_Alicante,NO,T2_E2_Elda,NO2,-31,-0.014421669141419555
T1_E1_Alicante,NO,T2_E2_Elda,NO2,-30,-0.03521165396527619
T1_E1_Alicante,NO,T2_E2_Elda,NO2,-29,-0.03211947500446125
T1_E1_Alicante,NO,T2_E2_Elda,NO2,-28,-0.006143746971450103
T1_E1_Alicante,NO,T2_E2_Elda,NO2,-27,0.048664968177930014
T1_E1_Alicante,NO,T2_E2_Elda,NO2,-26,0.13324217119212273
T1_E1_Alicante,NO,T2_E2_Elda,NO2,-25,0.2279301316345382
T1_E1_Alicante,NO,T2_E2_Elda,NO2,-24,0.2789561736103844
T1_E1_Alicante,NO,T2_E2_Elda,NO2,-23,0.2533105496404841
T1_E1_Alicante,NO,T2_E2_Elda,NO2,-22,0.17823035664482045
T1_E1_Alicante,NO,T2_E2_Elda,NO2,-21,0.0942450611560917
T1_E1_Alicante,NO,T2_E2_Elda,NO2,-20,0.028338790631446262
T1_E1_Alicante,NO,T2_E2_Elda,NO2,-19,-0.011592110253829772
T1_E1_Alicante,NO,T2_E2_Elda,NO2,-18,-0.02548364028277772
T1_E1_Alicante,NO,T2_E2_Elda,NO2,-17,-0.012464181280098368
T1_E1_Alicante,NO,T2_E2_Elda,NO2,-16,0.022862603411775564
T1_E1_Alicante,NO,T2_E2_Elda,NO2,-15,0.07751129315146495
T1_E1_Alicante,NO,T2_E2_Elda,NO2,-14,0.14550858862139826
T1_E1_Alicante,NO,T2_E2_Elda,NO2,-13,0.2170240064951507
T1_E1_Alicante,NO,T2_E2_Elda,NO2,-12,0.2685260561357918
T1_E1_Alicante,NO,T2_E2_Elda,NO2,-11,0.2764087913529006
T1_E1_Alicante,NO,T2_E2_Elda,NO2,-10,0.2315386995358998
T1_E1_Alicante,NO,T2_E2_Elda,NO2,-9,0.1620056903554741
T1_E1_Alicante,NO,T2_E2_Elda,NO2,-8,0.09387552669034359
T1_E1_Alicante,NO,T2_E2_Elda,NO2,-7,0.04091004780581881
T1_E1_Alicante,NO,T2_E2_Elda,NO2,-6,0.018010155126609178
T1_E1_Alicante,NO,T2_E2_Elda,NO2,-5,0.027334663846452823
T1_E1_Alicante,NO,T2_E2_Elda,NO2,-4,0.06928830129254435
T1_E1_Alicante,NO,T2_E2_Elda,NO2,-3,0.14864062532409902
T1_E1_Alicante,NO,T2_E2_Elda,NO2,-2,0.26141000242597595
T1_E1_Alicante,NO,T2_E2_Elda,NO2,-1,0.3843934495539178
T1_E1_Alicante,NO,T2_E2_Elda,NO2,0,0.4480603672978205
T1_E1_Alicante,NO,T2_E2_Elda,NO2,1,0.4079343016264462
T1_E1_Alicante,NO,T2_E2_Elda,NO2,2,0.2956287436304517
T1_E1_Alicante,NO,T2_E2_Elda,NO2,3,0.1790924578555756
T1_E1_Alicante,NO,T2_E2_Elda,NO2,4,0.09032531472762216
T1_E1_Alicante,NO,T2_E2_Elda,NO2,5,0.03370172089470131
T1_E1_Alicante,NO,T2_E2_Elda,NO2,6,0.008409724445158188
T1_E1_Alicante,NO,T2_E2_Elda,NO2,7,0.014943143609865839
T1_E1_Alicante,NO,T2_E2_Elda,NO2,8,0.04582836589237648
T1_E1_Alicante,NO,T2_E2_Elda,NO2,9,0.09337596640324702
T1_E1_Alicante,NO,T2_E2_Elda,NO2,10,0.15408627698284144
T1_E1_Alicante,NO,T2_E2_Elda,NO2,11,0.21679043940396514
T1_E1_Alicante,NO,T2_E2_Elda,NO2,12,0.2576011257509407
T1_E1_Alicante,NO,T2_E2_Elda,NO2,13,0.2592118975258972
T1_E1_Alicante,NO,T2_E2_Elda,NO2,14,0.21464743013601253
T1_E1_Alicante,NO,T2_E2_Elda,NO2,15,0.14960243348298685
T1_E1_Alicante,NO,T2_E2_Elda,NO2,16,0.08186262048871268
T1_E1_Alicante,NO,T2_E2_Elda,NO2,17,0.027652501527564016
T1_E1_Alicante,NO,T2_E2_Elda,NO2,18,-0.003522902676454495
T1_E1_Alicante,NO,T2_E2_Elda,NO2,19,-0.00908805954456893
T1_E1_Alicante,NO,T2_E2_Elda,NO2,20,0.010037726594491042
T1_E1_Alicante,NO,T2_E2_Elda,NO2,21,0.055390207587477806
T1_E1_Alicante,NO,T2_E2_Elda,NO2,22,0.13463963669396248
T1_E1_Alicante,NO,T2_E2_Elda,NO2,23,0.22747559597280728
T1_E1_Alicante,NO,T2_E2_Elda,NO2,24,0.2850937352050978
T1_E1_Alicante,NO,T2_E2_Elda,NO2,25,0.2641864183689907
T1_E1_Alicante,NO,T2_E2_Elda,NO2,26,0.18591652022858385
T1_E1_Alicante,NO,T2_E2_Elda,NO2,27,0.0990368753168799
T1_E1_Alicante,NO,T2_E2_Elda,NO2,28,0.031924220876640895
T1_E1_Alicante,NO,T2_E2_Elda,NO2,29,-0.010634069228080632
T1_E1_Alicante,NO,T2_E2_Elda,NO2,30,-0.030531572948997443
T1_E1_Alicante,NO,T2_E2_Elda,NO2,31,-0.029823244720221225
T1_E1_Alicante,NO,T2_E2_Elda,NO2,32,-0.008949805490791092
T1_E1_Alicante,NO,T2_E2_Elda,NO2,33,0.026795980694067988
T1_E1_Alicante,NO,T2_E2_Elda,NO2,34,0.07663073065799321
T1_E1_Alicante,NO,T2_E2_Elda,NO2,35,0.12877377620905409
T1_E1_Alicante,NO,T2_E2_Elda,NO2,36,0.17024893352535792
T1_E1_Alicante,NO,T2_E2_Elda,NO2,37,0.1770582292163243
T1_E1_Alicante,NO,T2_E2_Elda,NO2,38,0.14347119853560988
T1_E1_Alicante,NO,T2_E2_Elda,NO2,39,0.09193488396365423
T1_E1_Alicante,NO,T2_E2_Elda,NO2,40,0.03739724115455648
T1_E1_Alicante,NO,T2_E2_Elda,NO2,41,-0.006988743011487718
T1_E1_Alicante,NO,T2_E2_Elda,NO2,42,-0.03188446021601241
T1_E1_Alicante,NO,T2_E2_Elda,NO2,43,-0.036183411505533974
T1_E1_Alicante,NO,T2_E2_Elda,NO2,44,-0.019462669579376115
T1_E1_Alicante,NO,T2_E2_Elda,NO2,45,0.02009096570166249
T1_E1_Alicante,NO,T2_E2_Elda,NO2,46,0.08813708006056194
T1_E1_Alicante,NO,T2_E2_Elda,NO2,47,0.16800470052052976
T1_E1_Alicante,NO,T2_E2_Elda,NO2,48,0.21837134394387286
T1_E1_Alicante,NO,T2_E2_Elda,NO2,49,0.21057499922128636
T1_E1_Alicante,NO,T2_E2_Elda,NO2,50,0.14879807702943484
T1_E1_Alicante,NO,T2_E2_Elda,NO2,51,0.07515451746140926
T1_E1_Alicante,NO,T2_E2_Elda,NO2,52,0.017982245849592318
T1_E1_Alicante,NO,T2_E2_Elda,NO2,53,-0.02240401281176154
T1_E1_Alicante,NO,T2_E2_Elda,NO2,54,-0.042495764593278106
T1_E1_Alicante,NO,T2_E2_Elda,NO2,55,-0.04121386863002155
T1_E1_Alicante,NO,T2_E2_Elda,NO2,56,-0.019819812042666165
T1_E1_Alicante,NO,T2_E2_Elda,NO2,57,0.01837205868847133
T1_E1_Alicante,NO,T2_E2_Elda,NO2,58,0.0716288481852232
T1_E1_Alicante,NO,T2_E2_Elda,NO2,59,0.13117691162188644
T1_E1_Alicante,NO,T2_E2_Elda,NO2,60,0.17613685079933708
T1_E1_Alicante,NO,T2_E2_Elda,NO2,61,0.18827764979126368
T1_E1_Alicante,NO,T2_E2_Elda,NO2,62,0.15706253483590063
T1_E1_Alicante,NO,T2_E2_Elda,NO2,63,0.09994512934793001
T1_E1_Alicante,NO,T2_E2_Elda,NO2,64,0.04028035259795881
T1_E1_Alicante,NO,T2_E2_Elda,NO2,65,-0.004084054782900048
T1_E1_Alicante,NO,T2_E2_Elda,NO2,66,-0.028704154695584426
T1_E1_Alicante,NO,T2_E2_Elda,NO2,67,-0.034928454903071324
T1_E1_Alicante,NO,T2_E2_Elda,NO2,68,-0.02005067189683469
T1_E1_Alicante,NO,T2_E2_Elda,NO2,69,0.015681600564677597
T1_E1_Alicante,NO,T2_E2_Elda,NO2,70,0.07299421537002285
T1_E1_Alicante,NO,T2_E2_Elda,NO2,71,0.13703693785635757
T1_E1_Alicante,NO,T2_E2_Elda,NO2,72,0.176801054811517
T1_E1_Alicante,NO,T2_E2_Elda,O3,-72,-0.14090439350777584
T1_E1_Alicante,NO,T2_E2_Elda,O3,-71,-0.11028789813416581
T1_E1_Alicante,NO,T2_E2_Elda,O3,-70,-0.06782430020452795
T1_E1_Alicante,NO,T2_E2_Elda,O3,-69,-0.030587366552663663
T1_E1_Alicante,NO,T2_E2_Elda,O3,-68,-0.0030007427347587125
T1_E1_Alicante,NO,T2_E2_Elda,O3,-67,0.014366499209285833
T1_E1_Alicante,NO,T2_E2_Elda,O3,-66,0.022062594105679206
T1_E1_Alicante,NO,T2_E2_Elda,O3,-65,0.019913829956554874
T1_E1_Alicante,NO,T2_E2_Elda,O3,-64,0.006481569027653713
T1_E1_Alicante,NO,T2_E2_Elda,O3,-63,-0.01798881793808674
T1_E1_Alicante,NO,T2_E2_Elda,O3,-62,-0.05020384310945995
T1_E1_Alicante,NO,T2_E2_Elda,O3,-61,-0.08456901301881926
T1_E1_Alicante,NO,T2_E2_Elda,O3,-60,-0.11341244947283759
T1_E1_Alicante,NO,T2_E2_Elda,O3,-59,-0.13104686964585627
T1_E1_Alicante,NO,T2_E2_Elda,O3,-58,-0.13521023777675387
T1_E1_Alicante,NO,T2_E2_Elda,O3,-57,-0.1300036152383551
T1_E1_Alicante,NO,T2_E2_Elda,O3,-56,-0.1211185165731838
T1_E1_Alicante,NO,T2_E2_Elda,O3,-55,-0.11408264321240336
T1_E1_Alicante,NO,T2_E2_Elda,O3,-54,-0.10999462568139064
T1_E1_Alicante,NO,T2_E2_Elda,O3,-53,-0.10987162749596162
T1_E1_Alicante,NO,T2_E2_Elda,O3,-52,-0.11705051966161743
T1_E1_Alicante,NO,T2_E2_Elda,O3,-51,-0.13160198614284022
T1_E1_Alicante,NO,T2_E2_Elda,O3,-50,-0.1496577266448899
T1_E1_Alicante,NO,T2_E2_Elda,O3,-49,-0.1624937309694207
T1_E1_Alicante,NO,T2_E2_Elda,O3,-48,-0.15481532110781113
T1_E1_Alicante,NO,T2_E2_Elda,O3,-47,-0.12066930396578326
T1_E1_Alicante,NO,T2_E2_Elda,O3,-46,-0.07425814447364266
T1_E1_Alicante,NO,T2_E2_Elda,O3,-45,-0.03363392422772926
T1_E1_Alicante,NO,T2_E2_Elda,O3,-44,-0.0041690747986624045
T1_E1_Alicante,NO,T2_E2_Elda,O3,-43,0.014103387202556704
T1_E1_Alicante,NO,T2_E2_Elda,O3,-42,0.02253222889074719
T1_E1_Alicante,NO,T2_E2_Elda,O3,-41,0.02139795360187577
T1_E1_Alicante,NO,T2_E2_Elda,O3,-40,0.008368482600771294
T1_E1_Alicante,NO,T2_E2_Elda,O3,-39,-0.017003864876642204
T1_E1_Alicante,NO,T2_E2_Elda,O3,-38,-0.05214875106731229
T1_E1_Alicante,NO,T2_E2_Elda,O3,-37,-0.08900920062572905
T1_E1_Alicante,NO,T2_E2_Elda,O3,-36,-0.11906466201433281
T1_E1_Alicante,NO,T2_E2_Elda,O3,-35,-0.13594604523066633
T1_E1_Alicante,NO,T2_E2_Elda,O3,-34,-0.1384236750966368
T1_E1_Alicante,NO,T2_E2_Elda,O3,-33,-0.13049086018603487
T1_E1_Alicante,NO,T2_E2_Elda,O3,-32,-0.12028603119619483
T1_E1_Alicante,NO,T2_E2_Elda,O3,-31,-0.11248927160147877
T1_E1_Alicante,NO,T2_E2_Elda,O3,-30,-0.1087136645677389
T1_E1_Alicante,NO,T2_E2_Elda,O3,-29,-0.11237845719491307
T1_E1_Alicante,NO,T2_E2_Elda,O3,-28,-0.12362914051395725
T1_E1_Alicante,NO,T2_E2_Elda,O3,-27,-0.14343440586696646
T1_E1_Alicante,NO,T2_E2_Elda,O3,-26,-0.16792083200131724
T1_E1_Alicante,NO,T2_E2_Elda,O3,-25,-0.18714255471490612
T1_E1_Alicante,NO,T2_E2_Elda,O3,-24,-0.1827116957145111
T1_E1_Alicante,NO,T2_E2_Elda,O3,-23,-0.14713369383156888
T1_E1_Alicante,NO,T2_E2_Elda,O3,-22,-0.0952343279602673
T1_E1_Alicante,NO,T2_E2_Elda,O3,-21,-0.04690509046538873
T1_E1_Alicante,NO,T2_E2_Elda,O3,-20,-0.0114298048527336
T1_E1_Alicante,NO,T2_E2_Elda,O3,-19,0.01110540673314343
T1_E1_Alicante,NO,T2_E2_Elda,O3,-18,0.020622431122162003
T1_E1_Alicante,NO,T2_E2_Elda,O3,-17,0.01849462972192078
T1_E1_Alicante,NO,T2_E2_Elda,O3,-16,0.0023206100251056713
T1_E1_Alicante,NO,T2_E2_Elda,O3,-15,-0.02898696407843299
T1_E1_Alicante,NO,T2_E2_Elda,O3,-14,-0.07141864140756855
T1_E1_Alicante,NO,T2_E2_Elda,O3,-13,-0.11617703519163532
T1_E1_Alicante,NO,T2_E2_Elda,O3,-12,-0.15087081334964525
T1_E1_Alicante,NO,T2_E2_Elda,O3,-11,-0.16961646964285484
T1_E1_Alicante,NO,T2_E2_Elda,O3,-10,-0.1714787434811762
T1_E1_Alicante,NO,T2_E2_Elda,O3,-9,-0.16201125844243403
T1_E1_Alicante,NO,T2_E2_Elda,O3,-8,-0.1470214354177569
T1_E1_Alicante,NO,T2_E2_Elda,O3,-7,-0.1360962487321307
T1_E1_Alicante,NO,T2_E2_Elda,O3,-6,-0.13160848747122159
T1_E1_Alicante,NO,T2_E2_Elda,O3,-5,-0.13410011940365785
T1_E1_Alicante,NO,T2_E2_Elda,O3,-4,-0.1456904417413757
T1_E1_Alicante,NO,T2_E2_Elda,O3,-3,-0.1670843874018397
T1_E1_Alicante,NO,T2_E2_Elda,O3,-2,-0.19522496843830997
T1_E1_Alicante,NO,T2_E2_Elda,O3,-1,-0.21875218925753123
T1_E1_Alicante,NO,T2_E2_Elda,O3,0,-0.21487570567838363
T1_E1_Alicante,NO,T2_E2_Elda,O3,1,-0.17333891477985958
T1_E1_Alicante,NO,T2_E2_Elda,O3,2,-0.11349877301979092
T1_E1_Alicante,NO,T2_E2_Elda,O3,3,-0.058589939423594736
T1_E1_Alicante,NO,T2_E2_Elda,O3,4,-0.017835219391027494
T1_E1_Alicante,NO,T2_E2_Elda,O3,5,0.008162861582865066
T1_E1_Alicante,NO,T2_E2_Elda,O3,6,0.020739683506950483
T1_E1_Alicante,NO,T2_E2_Elda,O3,7,0.02049250265547095
T1_E1_Alicante,NO,T2_E2_Elda,O3,8,0.005915250314383584
T1_E1_Alicante,NO,T2_E2_Elda,O3,9,-0.02266716409075951
T1_E1_Alicante,NO,T2_E2_Elda,O3,10,-0.06040100316361528
T1_E1_Alicante,NO,T2_E2_Elda,O3,11,-0.09859489997798226
T1_E1_Alicante,NO,T2_E2_Elda,O3,12,-0.12871864952766288
T1_E1_Alicante,NO,T2_E2_Elda,O3,13,-0.14432922770884388
T1_E1_Alicante,NO,T2_E2_Elda,O3,14,-0.14394725299500977
T1_E1_Alicante,NO,T2_E2_Elda,O3,15,-0.1335196601899695
T1_E1_Alicante,NO,T2_E2_Elda,O3,16,-0.11861409906922445
T1_E1_Alicante,NO,T2_E2_Elda,O3,17,-0.10545122075884907
T1_E1_Alicante,NO,T2_E2_Elda,O3,18,-0.09832018523752833
T1_E1_Alicante,NO,T2_E2_Elda,O3,19,-0.09740539558545003
T1_E1_Alicante,NO,T2_E2_Elda,O3,20,-0.10389235920455246
T1_E1_Alicante,NO,T2_E2_Elda,O3,21,-0.11884378116089483
T1_E1_Alicante,NO,T2_E2_Elda,O3,22,-0.13944752342466063
T1_E1_Alicante,NO,T2_E2_Elda,O3,23,-0.15539457351407637
T1_E1_Alicante,NO,T2_E2_Elda,O3,24,-0.14896950967228964
T1_E1_Alicante,NO,T2_E2_Elda,O3,25,-0.11563964385938141
T1_E1_Alicante,NO,T2_E2_Elda,O3,26,-0.06899069356160165
T1_E1_Alicante,NO,T2_E2_Elda,O3,27,-0.023812593423745396
T1_E1_Alicante,NO,T2_E2_Elda,O3,28,0.009755828670861083
T1_E1_Alicante,NO,T2_E2_Elda,O3,29,0.03154703137157633
T1_E1_Alicante,NO,T2_E2_Elda,O3,30,0.04254183390886296
T1_E1_Alicante,NO,T2_E2_Elda,O3,31,0.04160998402474263
T1_E1_Alicante,NO,T2_E2_Elda,O3,32,0.028139167165936278
T1_E1_Alicante,NO,T2_E2_Elda,O3,33,0.0027251607681699997
T1_E1_Alicante,NO,T2_E2_Elda,O3,34,-0.03182675243267362
T1_E1_Alicante,NO,T2_E2_Elda,O3,35,-0.06939129074548211
T1_E1_Alicante,NO,T2_E2_Elda,O3,36,-0.10049107195813686
T1_E1_Alicante,NO,T2_E2_Elda,O3,37,-0.11771699111373587
T1_E1_Alicante,NO,T2_E2_Elda,O3,38,-0.11943378974630736
T1_E1_Alicante,NO,T2_E2_Elda,O3,39,-0.11093815642766394
T1_E1_Alicante,NO,T2_E2_Elda,O3,40,-0.09876994522346161
T1_E1_Alicante,NO,T2_E2_Elda,O3,41,-0.08898184602924471
T1_E1_Alicante,NO,T2_E2_Elda,O3,42,-0.0843520964291867
T1_E1_Alicante,NO,T2_E2_Elda,O3,43,-0.08531670946614987
T1_E1_Alicante,NO,T2_E2_Elda,O3,44,-0.09360943686828267
T1_E1_Alicante,NO,T2_E2_Elda,O3,45,-0.11072139669433662
T1_E1_Alicante,NO,T2_E2_Elda,O3,46,-0.13258830438456023
T1_E1_Alicante,NO,T2_E2_Elda,O3,47,-0.14955418513054425
T1_E1_Alicante,NO,T2_E2_Elda,O3,48,-0.14548714317003056
T1_E1_Alicante,NO,T2_E2_Elda,O3,49,-0.11415879763194679
T1_E1_Alicante,NO,T2_E2_Elda,O3,50,-0.06794703312952176
T1_E1_Alicante,NO,T2_E2_Elda,O3,51,-0.02495303931929936
T1_E1_Alicante,NO,T2_E2_Elda,O3,52,0.007147395879507456
T1_E1_Alicante,NO,T2_E2_Elda,O3,53,0.028153105468131767
T1_E1_Alicante,NO,T2_E2_Elda,O3,54,0.0377557842322564
T1_E1_Alicante,NO,T2_E2_Elda,O3,55,0.03565031922456619
T1_E1_Alicante,NO,T2_E2_Elda,O3,56,0.02168382361514201
T1_E1_Alicante,NO,T2_E2_Elda,O3,57,-0.004554021102285017
T1_E1_Alicante,NO,T2_E2_Elda,O3,58,-0.04117336464635033
T1_E1_Alicante,NO,T2_E2_Elda,O3,59,-0.07999947955993215
T1_E1_Alicante,NO,T2_E2_Elda,O3,60,-0.11136168395463965
T1_E1_Alicante,NO,T2_E2_Elda,O3,61,-0.12669411250216173
T1_E1_Alicante,NO,T2_E2_Elda,O3,62,-0.12585653868483326
T1_E1_Alicante,NO,T2_E2_Elda,O3,63,-0.1160008773327622
T1_E1_Alicante,NO,T2_E2_Elda,O3,64,-0.10381722349070215
T1_E1_Alicante,NO,T2_E2_Elda,O3,65,-0.09405884729624665
T1_E1_Alicante,NO,T2_E2_Elda,O3,66,-0.0888148450739283
T1_E1_Alicante,NO,T2_E2_Elda,O3,67,-0.08787103002590375
T1_E1_Alicante,NO,T2_E2_Elda,O3,68,-0.09294216150955455
T1_E1_Alicante,NO,T2_E2_Elda,O3,69,-0.10558987827375459
T1_E1_Alicante,NO,T2_E2_Elda,O3,70,-0.12192464821952893
T1_E1_Alicante,NO,T2_E2_Elda,O3,71,-0.13341026219062022
T1_E1_Alicante,NO,T2_E2_Elda,O3,72,-0.12787241497895338
T1_E1_Alicante,NO2,T1_E2_Elda,NO,-72,0.13673584864752383
T1_E1_Alicante,NO2,T1_E2_Elda,NO,-71,0.16474822999303088
T1_E1_Alicante,NO2,T1_E2_Elda,NO,-70,0.13913834806648895
T1_E1_Alicante,NO2,T1_E2_Elda,NO,-69,0.07710366230572822
T1_E1_Alicante,NO2,T1_E2_Elda,NO,-68,0.019238821508777128
T1_E1_Alicante,NO2,T1_E2_Elda,NO,-67,-0.01674521501219772
T1_E1_Alicante,NO2,T1_E2_Elda,NO,-66,-0.030841195426882344
T1_E1_Alicante,NO2,T1_E2_Elda,NO,-65,-0.029031582141802317
T1_E1_Alicante,NO2,T1_E2_Elda,NO,-64,-0.0124487253053432
T1_E1_Alicante,NO2,T1_E2_Elda,NO,-63,0.01763004613683065
T1_E1_Alicante,NO2,T1_E2_Elda,NO,-62,0.0574386087510809
T1_E1_Alicante,NO2,T1_E2_Elda,NO,-61,0.10219721991886269
T1_E1_Alicante,NO2,T1_E2_Elda,NO,-60,0.14598127730970759
T1_E1_Alicante,NO2,T1_E2_Elda,NO,-59,0.16471913330651616
T1_E1_Alicante,NO2,T1_E2_Elda,NO,-58,0.14917650981847957
T1_E1_Alicante,NO2,T1_E2_Elda,NO,-57,0.10380078517336541
T1_E1_Alicante,NO2,T1_E2_Elda,NO,-56,0.04650975110347245
T1_E1_Alicante,NO2,T1_E2_Elda,NO,-55,0.0010709653273273622
T1_E1_Alicante,NO2,T1_E2_Elda,NO,-54,-0.02527051305048132
T1_E1_Alicante,NO2,T1_E2_Elda,NO,-53,-0.03526310370944031
T1_E1_Alicante,NO2,T1_E2_Elda,NO,-52,-0.030089105915677927
T1_E1_Alicante,NO2,T1_E2_Elda,NO,-51,-0.006993262290989933
T1_E1_Alicante,NO2,T1_E2_Elda,NO,-50,0.034394286173129986
T1_E1_Alicante,NO2,T1_E2_Elda,NO,-49,0.0965566013683642
T1_E1_Alicante,NO2,T1_E2_Elda,NO,-48,0.1600275099221584
T1_E1_Alicante,NO2,T1_E2_Elda,NO,-47,0.18329432121822017
T1_E1_Alicante,NO2,T1_E2_Elda,NO,-46,0.15298971297241368
T1_E1_Alicante,NO2,T1_E2_Elda,NO,-45,0.09572356545481453
T1_E1_Alicante,NO2,T1_E2_Elda,NO,-44,0.0421397114160989
T1_E1_Alicante,NO2,T1_E2_Elda,NO,-43,0.008794311934594767
T1_E1_Alicante,NO2,T1_E2_Elda,NO,-42,-0.0043288373443891946
T1_E1_Alicante,NO2,T1_E2_Elda,NO,-41,-0.0013414280110584048
T1_E1_Alicante,NO2,T1_E2_Elda,NO,-40,0.013847950334898246
T1_E1_Alicante,NO2,T1_E2_Elda,NO,-39,0.03900786738748673
T1_E1_Alicante,NO2,T1_E2_Elda,NO,-38,0.07554604777917723
T1_E1_Alicante,NO2,T1_E2_Elda,NO,-37,0.1191348227318369
T1_E1_Alicante,NO2,T1_E2_Elda,NO,-36,0.15910685594085497
T1_E1_Alicante,NO2,T1_E2_Elda,NO,-35,0.17689589822221438
T1_E1_Alicante,NO2,T1_E2_Elda,NO,-34,0.16152866929334428
T1_E1_Alicante,NO2,T1_E2_Elda,NO,-33,0.11670695909868717
T1_E1_Alicante,NO2,T1_E2_Elda,NO,-32,0.06358411206914283
T1_E1_Alicante,NO2,T1_E2_Elda,NO,-31,0.021488368472289784
T1_E1_Alicante,NO2,T1_E2_Elda,NO,-30,-0.005386841262928749
T1_E1_Alicante,NO2,T1_E2_Elda,NO,-29,-0.01638031287778954
T1_E1_Alicante,NO2,T1_E2_Elda,NO,-28,-0.009239082531952006
T1_E1_Alicante,NO2,T1_E2_Elda,NO,-27,0.016683120609001633
T1_E1_Alicante,NO2,T1_E2_Elda,NO,-26,0.06732008693497299
T1_E1_Alicante,NO2,T1_E2_Elda,NO,-25,0.1426203110175429
T1_E1_Alicante,NO2,T1_E2_Elda,NO,-24,0.2191629139980888
T1_E1_Alicante,NO2,T1_E2_Elda,NO,-23,0.2518196924342477
T1_E1_Alicante,NO2,T1_E2_Elda,NO,-22,0.2189512249776902
T1_E1_Alicante,NO2,T1_E2_Elda,NO,-21,0.1427179004700287
T1_E1_Alicante,NO2,T1_E2_Elda,NO,-20,0.06708783550603045
T1_E1_Alicante,NO2,T1_E2_Elda,NO,-19,0.019991640756636075
T1_E1_Alicante,NO2,T1_E2_Elda,NO,-18,0.0009254981182698363
T1_E1_Alicante,NO2,T1_E2_Elda,NO,-17,0.005054491199145441
T1_E1_Alicante,NO2,T1_E2_Elda,NO,-16,0.024509873298067954
T1_E1_Alicante,NO2,T1_E2_Elda,NO,-15,0.05506056966139369
T1_E1_Alicante,NO2,T1_E2_Elda,NO,-14,0.09781210615596966
T1_E1_Alicante,NO2,T1_E2_Elda,NO,-13,0.14926259575615708
T1_E1_Alicante,NO2,T1_E2_Elda,NO,-12,0.19914108171428915
T1_E1_Alicante,NO2,T1_E2_Elda,NO,-11,0.22750531080723016
T1_E1_Alicante,NO2,T1_E2_Elda,NO,-10,0.21454733283139316
T1_E1_Alicante,NO2,T1_E2_Elda,NO,-9,0.16234003715852063
T1_E1_Alicante,NO2,T1_E2_Elda,NO,-8,0.0984469638115731
T1_E1_Alicante,NO2,T1_E2_Elda,NO,-7,0.048676965885031884
T1_E1_Alicante,NO2,T1_E2_Elda,NO,-6,0.02016417242571163
T1_E1_Alicante,NO2,T1_E2_Elda,NO,-5,0.01080510902461588
T1_E1_Alicante,NO2,T1_E2_Elda,NO,-4,0.02353982521031941
T1_E1_Alicante,NO2,T1_E2_Elda,NO,-3,0.060902465575323306
T1_E1_Alicante,NO2,T1_E2_Elda,NO,-2,0.12356864486764106
T1_E1_Alicante,NO2,T1_E2_Elda,NO,-1,0.21498573614288305
T1_E1_Alicante,NO2,T1_E2_Elda,NO,0,0.30234664272926015
T1_E1_Alicante,NO2,T1_E2_Elda,NO,1,0.3354940624824245
T1_E1_Alicante,NO2,T1_E2_Elda,NO,2,0.28389840824137225
T1_E1_Alicante,NO2,T1_E2_Elda,NO,3,0.18760695566306845
T1_E1_Alicante,NO2,T1_E2_Elda,NO,4,0.09544315453078146
T1_E1_Alicante,NO2,T1_E2_Elda,NO,5,0.03263897089577269
T1_E1_Alicante,NO2,T1_E2_Elda,NO,6,0.0026383981992863345
T1_E1_Alicante,NO2,T1_E2_Elda,NO,7,-0.0021580337437911573
T1_E1_Alicante,NO2,T1_E2_Elda,NO,8,0.010717748493580532
T1_E1_Alicante,NO2,T1_E2_Elda,NO,9,0.037723228076626626
T1_E1_Alicante,NO2,T1_E2_Elda,NO,10,0.08183625979407703
T1_E1_Alicante,NO2,T1_E2_Elda,NO,11,0.13493245459051953
T1_E1_Alicante,NO2,T1_E2_Elda,NO,12,0.18128653547290502
T1_E1_Alicante,NO2,T1_E2_Elda,NO,13,0.20488448155981873
T1_E1_Alicante,NO2,T1_E2_Elda,NO,14,0.18695788861203735
T1_E1_Alicante,NO2,T1_E2_Elda,NO,15,0.13507117080073722
T1_E1_Alicante,NO2,T1_E2_Elda,NO,16,0.0725362062021889
T1_E1_Alicante,NO2,T1_E2_Elda,NO,17,0.020679128826441764
T1_E1_Alicante,NO2,T1_E2_Elda,NO,18,-0.014895250954401813
T1_E1_Alicante,NO2,T1_E2_Elda,NO,19,-0.030464759587732943
T1_E1_Alicante,NO2,T1_E2_Elda,NO,20,-0.028173509706014326
T1_E1_Alicante,NO2,T1_E2_Elda,NO,21,-0.0064563401256214755
T1_E1_Alicante,NO2,T1_E2_Elda,NO,22,0.04071890857258068
T1_E1_Alicante,NO2,T1_E2_Elda,NO,23,0.11220031816884697
T1_E1_Alicante,NO2,T1_E2_Elda,NO,24,0.18879160510398235
T1_E1_Alicante,NO2,T1_E2_Elda,NO,25,0.2207727996281682
T1_E1_Alicante,NO2,T1_E2_Elda,NO,26,0.18412229300513497
T1_E1_Alicante,NO2,T1_E2_Elda,NO,27,0.11007033571388115
T1_E1_Alicante,NO2,T1_E2_Elda,NO,28,0.038522846732747196
T1_E1_Alicante,NO2,T1_E2_Elda,NO,29,-0.012215076744376052
T1_E1_Alicante,NO2,T1_E2_Elda,NO,30,-0.03698851790207698
T1_E1_Alicante,NO2,T1_E2_Elda,NO,31,-0.03797432246837454
T1_E1_Alicante,NO2,T1_E2_Elda,NO,32,-0.023574805753143357
T1_E1_Alicante,NO2,T1_E2_Elda,NO,33,0.006637481844039321
T1_E1_Alicante,NO2,T1_E2_Elda,NO,34,0.04958199541859369
T1_E1_Alicante,NO2,T1_E2_Elda,NO,35,0.09737780684530449
T1_E1_Alicante,NO2,T1_E2_Elda,NO,36,0.14025179510398397
T1_E1_Alicante,NO2,T1_E2_Elda,NO,37,0.16129848088796517
T1_E1_Alicante,NO2,T1_E2_Elda,NO,38,0.14555843997325366
T1_E1_Alicante,NO2,T1_E2_Elda,NO,39,0.09934212579366412
T1_E1_Alicante,NO2,T1_E2_Elda,NO,40,0.04006033363304596
T1_E1_Alicante,NO2,T1_E2_Elda,NO,41,-0.009126057260125714
T1_E1_Alicante,NO2,T1_E2_Elda,NO,42,-0.03715862275856873
T1_E1_Alicante,NO2,T1_E2_Elda,NO,43,-0.04754212833174438
T1_E1_Alicante,NO2,T1_E2_Elda,NO,44,-0.04242567360852452
T1_E1_Alicante,NO2,T1_E2_Elda,NO,45,-0.023581506987613868
T1_E1_Alicante,NO2,T1_E2_Elda,NO,46,0.015988916125727195
T1_E1_Alicante,NO2,T1_E2_Elda,NO,47,0.08002986457564626
T1_E1_Alicante,NO2,T1_E2_Elda,NO,48,0.1413513676550982
T1_E1_Alicante,NO2,T1_E2_Elda,NO,49,0.16373133908223872
T1_E1_Alicante,NO2,T1_E2_Elda,NO,50,0.1314302373697657
T1_E1_Alicante,NO2,T1_E2_Elda,NO,51,0.06713958977549374
T1_E1_Alicante,NO2,T1_E2_Elda,NO,52,0.008247353473592846
T1_E1_Alicante,NO2,T1_E2_Elda,NO,53,-0.03174114450231581
T1_E1_Alicante,NO2,T1_E2_Elda,NO,54,-0.047206978631939386
T1_E1_Alicante,NO2,T1_E2_Elda,NO,55,-0.04483560140218174
T1_E1_Alicante,NO2,T1_E2_Elda,NO,56,-0.029761074430438753
T1_E1_Alicante,NO2,T1_E2_Elda,NO,57,-0.00466039085435695
T1_E1_Alicante,NO2,T1_E2_Elda,NO,58,0.030808652708346946
T1_E1_Alicante,NO2,T1_E2_Elda,NO,59,0.0732248468584463
T1_E1_Alicante,NO2,T1_E2_Elda,NO,60,0.11968571409757493
T1_E1_Alicante,NO2,T1_E2_Elda,NO,61,0.1478110368074323
T1_E1_Alicante,NO2,T1_E2_Elda,NO,62,0.13279630718253524
T1_E1_Alicante,NO2,T1_E2_Elda,NO,63,0.08158732930442382
T1_E1_Alicante,NO2,T1_E2_Elda,NO,64,0.026060741936881675
T1_E1_Alicante,NO2,T1_E2_Elda,NO,65,-0.017211613614051977
T1_E1_Alicante,NO2,T1_E2_Elda,NO,66,-0.0428395256560304
T1_E1_Alicante,NO2,T1_E2_Elda,NO,67,-0.053960356629278575
T1_E1_Alicante,NO2,T1_E2_Elda,NO,68,-0.05124488828278382
T1_E1_Alicante,NO2,T1_E2_Elda,NO,69,-0.03296120854938796
T1_E1_Alicante,NO2,T1_E2_Elda,NO,70,0.000895778511048942
T1_E1_Alicante,NO2,T1_E2_Elda,NO,71,0.054970936288768285
T1_E1_Alicante,NO2,T1_E2_Elda,NO,72,0.11580783798501576
T1_E1_Alicante,NO2,T1_E2_Elda,NO2,-72,0.2512077976908442
T1_E1_Alicante,NO2,T1_E2_Elda,NO2,-71,0.24570541029241336
T1_E1_Alicante,NO2,T1_E2_Elda,NO2,-70,0.17900602770641
T1_E1_Alicante,NO2,T1_E2_Elda,NO2,-69,0.08570389870281257
T1_E1_Alicante,NO2,T1_E2_Elda,NO2,-68,0.0028935295570575825
T1_E1_Alicante,NO2,T1_E2_Elda,NO2,-67,-0.04961497331115119
T1_E1_Alicante,NO2,T1_E2_Elda,NO2,-66,-0.07137398778095821
T1_E1_Alicante,NO2,T1_E2_Elda,NO2,-65,-0.0663273441713611
T1_E1_Alicante,NO2,T1_E2_Elda,NO2,-64,-0.03793871300653183
T1_E1_Alicante,NO2,T1_E2_Elda,NO2,-63,0.008249483380316785
T1_E1_Alicante,NO2,T1_E2_Elda,NO2,-62,0.06460780090010398
T1_E1_Alicante,NO2,T1_E2_Elda,NO2,-61,0.11626855476982775
T1_E1_Alicante,NO2,T1_E2_Elda,NO2,-60,0.15235831642080158
T1_E1_Alicante,NO2,T1_E2_Elda,NO2,-59,0.1587463066634551
T1_E1_Alicante,NO2,T1_E2_Elda,NO2,-58,0.12794584516395047
T1_E1_Alicante,NO2,T1_E2_Elda,NO2,-57,0.0729101502609143
T1_E1_Alicante,NO2,T1_E2_Elda,NO2,-56,0.014907326580607509
T1_E1_Alicante,NO2,T1_E2_Elda,NO2,-55,-0.031034007048379317
T1_E1_Alicante,NO2,T1_E2_Elda,NO2,-54,-0.055016897101169096
T1_E1_Alicante,NO2,T1_E2_Elda,NO2,-53,-0.05245484623215042
T1_E1_Alicante,NO2,T1_E2_Elda,NO2,-52,-0.022959521905003593
T1_E1_Alicante,NO2,T1_E2_Elda,NO2,-51,0.036799719717232955
T1_E1_Alicante,NO2,T1_E2_Elda,NO2,-50,0.1240307349057314
T1_E1_Alicante,NO2,T1_E2_Elda,NO2,-49,0.22012054031806697
T1_E1_Alicante,NO2,T1_E2_Elda,NO2,-48,0.27995803001862785
T1_E1_Alicante,NO2,T1_E2_Elda,NO2,-47,0.2699006495564015
T1_E1_Alicante,NO2,T1_E2_Elda,NO2,-46,0.19328806446665692
T1_E1_Alicante,NO2,T1_E2_Elda,NO2,-45,0.096671884744057
T1_E1_Alicante,NO2,T1_E2_Elda,NO2,-44,0.015187514651828639
T1_E1_Alicante,NO2,T1_E2_Elda,NO2,-43,-0.03742568292032696
T1_E1_Alicante,NO2,T1_E2_Elda,NO2,-42,-0.06002609836528132
T1_E1_Alicante,NO2,T1_E2_Elda,NO2,-41,-0.05541211603580915
T1_E1_Alicante,NO2,T1_E2_Elda,NO2,-40,-0.024193315081478664
T1_E1_Alicante,NO2,T1_E2_Elda,NO2,-39,0.025420255364524257
T1_E1_Alicante,NO2,T1_E2_Elda,NO2,-38,0.0871301070080386
T1_E1_Alicante,NO2,T1_E2_Elda,NO2,-37,0.14363972386411847
T1_E1_Alicante,NO2,T1_E2_Elda,NO2,-36,0.17818318637092154
T1_E1_Alicante,NO2,T1_E2_Elda,NO2,-35,0.17763053615609037
T1_E1_Alicante,NO2,T1_E2_Elda,NO2,-34,0.14127058328899958
T1_E1_Alicante,NO2,T1_E2_Elda,NO2,-33,0.08568339561747763
T1_E1_Alicante,NO2,T1_E2_Elda,NO2,-32,0.027742705830889954
T1_E1_Alicante,NO2,T1_E2_Elda,NO2,-31,-0.016396713893223086
T1_E1_Alicante,NO2,T1_E2_Elda,NO2,-30,-0.03634259629945237
T1_E1_Alicante,NO2,T1_E2_Elda,NO2,-29,-0.027418019676561007
T1_E1_Alicante,NO2,T1_E2_Elda,NO2,-28,0.01243237928992087
T1_E1_Alicante,NO2,T1_E2_Elda,NO2,-27,0.08826140067129591
T1_E1_Alicante,NO2,T1_E2_Elda,NO2,-26,0.19607197996364378
T1_E1_Alicante,NO2,T1_E2_Elda,NO2,-25,0.312288381152839
T1_E1_Alicante,NO2,T1_E2_Elda,NO2,-24,0.3849347834468058
T1_E1_Alicante,NO2,T1_E2_Elda,NO2,-23,0.37447104606294923
T1_E1_Alicante,NO2,T1_E2_Elda,NO2,-22,0.29031907715688277
T1_E1_Alicante,NO2,T1_E2_Elda,NO2,-21,0.17794404658424706
T1_E1_Alicante,NO2,T1_E2_Elda,NO2,-20,0.07863581328367558
T1_E1_Alicante,NO2,T1_E2_Elda,NO2,-19,0.01383763723585051
T1_E1_Alicante,NO2,T1_E2_Elda,NO2,-18,-0.013175788122449163
T1_E1_Alicante,NO2,T1_E2_Elda,NO2,-17,-0.004546971044755741
T1_E1_Alicante,NO2,T1_E2_Elda,NO2,-16,0.034478933461223576
T1_E1_Alicante,NO2,T1_E2_Elda,NO2,-15,0.09614961129728167
T1_E1_Alicante,NO2,T1_E2_Elda,NO2,-14,0.16815450675144558
T1_E1_Alicante,NO2,T1_E2_Elda,NO2,-13,0.2360867892716547
T1_E1_Alicante,NO2,T1_E2_Elda,NO2,-12,0.2798458471186797
T1_E1_Alicante,NO2,T1_E2_Elda,NO2,-11,0.28357312908549576
T1_E1_Alicante,NO2,T1_E2_Elda,NO2,-10,0.24410242812890365
T1_E1_Alicante,NO2,T1_E2_Elda,NO2,-9,0.1784907377068907
T1_E1_Alicante,NO2,T1_E2_Elda,NO2,-8,0.11284133623704173
T1_E1_Alicante,NO2,T1_E2_Elda,NO2,-7,0.06318858459472065
T1_E1_Alicante,NO2,T1_E2_Elda,NO2,-6,0.04429689434283171
T1_E1_Alicante,NO2,T1_E2_Elda,NO2,-5,0.06166213268177551
T1_E1_Alicante,NO2,T1_E2_Elda,NO2,-4,0.11959176275666646
T1_E1_Alicante,NO2,T1_E2_Elda,NO2,-3,0.21919353722064233
T1_E1_Alicante,NO2,T1_E2_Elda,NO2,-2,0.35301116264600807
T1_E1_Alicante,NO2,T1_E2_Elda,NO2,-1,0.4951069460562965
T1_E1_Alicante,NO2,T1_E2_Elda,NO2,0,0.5818990979953085
T1_E1_Alicante,NO2,T1_E2_Elda,NO2,1,0.5637851178260118
T1_E1_Alicante,NO2,T1_E2_Elda,NO2,2,0.44893637856016533
T1_E1_Alicante,NO2,T1_E2_Elda,NO2,3,0.29768975984239054
T1_E1_Alicante,NO2,T1_E2_Elda,NO2,4,0.16263475115894507
T1_E1_Alicante,NO2,T1_E2_Elda,NO2,5,0.070434318506636
T1_E1_Alicante,NO2,T1_E2_Elda,NO2,6,0.024502421659013434
T1_E1_Alicante,NO2,T1_E2_Elda,NO2,7,0.02119246543181554
T1_E1_Alicante,NO2,T1_E2_Elda,NO2,8,0.0519656210470229
T1_E1_Alicante,NO2,T1_E2_Elda,NO2,9,0.10507231197856906
T1_E1_Alicante,NO2,T1_E2_Elda,NO2,10,0.1708616954660558
T1_E1_Alicante,NO2,T1_E2_Elda,NO2,11,0.2336739383007034
T1_E1_Alicante,NO2,T1_E2_Elda,NO2,12,0.2700400883258459
T1_E1_Alicante,NO2,T1_E2_Elda,NO2,13,0.2646503844273292
T1_E1_Alicante,NO2,T1_E2_Elda,NO2,14,0.21833420359189418
T1_E1_Alicante,NO2,T1_E2_Elda,NO2,15,0.14817698673387894
T1_E1_Alicante,NO2,T1_E2_Elda,NO2,16,0.07623284647943511
T1_E1_Alicante,NO2,T1_E2_Elda,NO2,17,0.021227277198816563
T1_E1_Alicante,NO2,T1_E2_Elda,NO2,18,-0.0074489469089709355
T1_E1_Alicante,NO2,T1_E2_Elda,NO2,19,-0.005775303672819299
T1_E1_Alicante,NO2,T1_E2_Elda,NO2,20,0.030815580184733765
T1_E1_Alicante,NO2,T1_E2_Elda,NO2,21,0.10185461008070679
T1_E1_Alicante,NO2,T1_E2_Elda,NO2,22,0.2034729181697233
T1_E1_Alicante,NO2,T1_E2_Elda,NO2,23,0.3132372835251243
T1_E1_Alicante,NO2,T1_E2_Elda,NO2,24,0.38293740053543374
T1_E1_Alicante,NO2,T1_E2_Elda,NO2,25,0.3674732342984019
T1_E1_Alicante,NO2,T1_E2_Elda,NO2,26,0.2757863741150877
T1_E1_Alicante,NO2,T1_E2_Elda,NO2,27,0.15596488955632234
T1_E1_Alicante,NO2,T1_E2_Elda,NO2,28,0.051220833836379744
T1_E1_Alicante,NO2,T1_E2_Elda,NO2,29,-0.019601543594614936
T1_E1_Alicante,NO2,T1_E2_Elda,NO2,30,-0.05376151015798573
T1_E1_Alicante,NO2,T1_E2_Elda,NO2,31,-0.05455189276757001
T1_E1_Alicante,NO2,T1_E2_Elda,NO2,32,-0.027281117377080992
T1_E1_Alicante,NO2,T1_E2_Elda,NO2,33,0.021537848236040123
T1_E1_Alicante,NO2,T1_E2_Elda,NO2,34,0.08159208419953409
T1_E1_Alicante,NO2,T1_E2_Elda,NO2,35,0.13682960454663248
T1_E1_Alicante,NO2,T1_E2_Elda,NO2,36,0.17218848354402155
T1_E1_Alicante,NO2,T1_E2_Elda,NO2,37,0.1706899077663315
T1_E1_Alicante,NO2,T1_E2_Elda,NO2,38,0.1327242455098813
T1_E1_Alicante,NO2,T1_E2_Elda,NO2,39,0.07437313854537322
T1_E1_Alicante,NO2,T1_E2_Elda,NO2,40,0.013361527628056726
T1_E1_Alicante,NO2,T1_E2_Elda,NO2,41,-0.03553005005366967
T1_E1_Alicante,NO2,T1_E2_Elda,NO2,42,-0.06035020117695583
T1_E1_Alicante,NO2,T1_E2_Elda,NO2,43,-0.055337355357966855
T1_E1_Alicante,NO2,T1_E2_Elda,NO2,44,-0.02275190068220156
T1_E1_Alicante,NO2,T1_E2_Elda,NO2,45,0.039022488325012074
T1_E1_Alicante,NO2,T1_E2_Elda,NO2,46,0.12776117499842404
T1_E1_Alicante,NO2,T1_E2_Elda,NO2,47,0.22517769748783337
T1_E1_Alicante,NO2,T1_E2_Elda,NO2,48,0.28747996497064987
T1_E1_Alicante,NO2,T1_E2_Elda,NO2,49,0.280034959704155
T1_E1_Alicante,NO2,T1_E2_Elda,NO2,50,0.2063088889903378
T1_E1_Alicante,NO2,T1_E2_Elda,NO2,51,0.10311124410072292
T1_E1_Alicante,NO2,T1_E2_Elda,NO2,52,0.013756418000913555
T1_E1_Alicante,NO2,T1_E2_Elda,NO2,53,-0.046114563107744956
T1_E1_Alicante,NO2,T1_E2_Elda,NO2,54,-0.07316456309342745
T1_E1_Alicante,NO2,T1_E2_Elda,NO2,55,-0.07078040042979501
T1_E1_Alicante,NO2,T1_E2_Elda,NO2,56,-0.04169714190279456
T1_E1_Alicante,NO2,T1_E2_Elda,NO2,57,0.005200702304437208
T1_E1_Alicante,NO2,T1_E2_Elda,NO2,58,0.06461417382649613
T1_E1_Alicante,NO2,T1_E2_Elda,NO2,59,0.121164315408667
T1_E1_Alicante,NO2,T1_E2_Elda,NO2,60,0.15800846487078102
T1_E1_Alicante,NO2,T1_E2_Elda,NO2,61,0.1607742808758466
T1_E1_Alicante,NO2,T1_E2_Elda,NO2,62,0.12466350508628644
T1_E1_Alicante,NO2,T1_E2_Elda,NO2,63,0.06451676679676284
T1_E1_Alicante,NO2,T1_E2_Elda,NO2,64,0.0035118453740963233
T1_E1_Alicante,NO2,T1_E2_Elda,NO2,65,-0.04186634842340075
T1_E1_Alicante,NO2,T1_E2_Elda,NO2,66,-0.06384172086987427
T1_E1_Alicante,NO2,T1_E2_Elda,NO2,67,-0.06118352275267158
T1_E1_Alicante,NO2,T1_E2_Elda,NO2,68,-0.031148401023725118
T1_E1_Alicante,NO2,T1_E2_Elda,NO2,69,0.027227211061866718
T1_E1_Alicante,NO2,T1_E2_Elda,NO2,70,0.1076086850197122
T1_E1_Alicante,NO2,T1_E2_Elda,NO2,71,0.1938977691959784
T1_E1_Alicante,NO2,T1_E2_Elda,NO2,72,0.24893978893111207
T1_E1_Alicante,NO2,T1_E2_Elda,O3,-72,-0.2546098768643651
T1_E1_Alicante,NO2,T1_E2_Elda,O3,-71,-0.22677602274814374
T1_E1_Alicante,NO2,T1_E2_Elda,O3,-70,-0.17290265388534257
T1_E1_Alicante,NO2,T1_E2_Elda,O3,-69,-0.1149143277745501
T1_E1_Alicante,NO2,T1_E2_Elda,O3,-68,-0.06585940200523038
T1_E1_Alicante,NO2,T1_E2_Elda,O3,-67,-0.029920924545703186
T1_E1_Alicante,NO2,T1_E2_Elda,O3,-66,-0.0069118633435494075
T1_E1_Alicante,NO2,T1_E2_Elda,O3,-65,0.003616280288424656
T1_E1_Alicante,NO2,T1_E2_Elda,O3,-64,0.002191219497455071
T1_E1_Alicante,NO2,T1_E2_Elda,O3,-63,-0.009116640504300246
T1_E1_Alicante,NO2,T1_E2_Elda,O3,-62,-0.027286210477402432
T1_E1_Alicante,NO2,T1_E2_Elda,O3,-61,-0.04750889852934029
T1_E1_Alicante,NO2,T1_E2_Elda,O3,-60,-0.06463846569585924
T1_E1_Alicante,NO2,T1_E2_Elda,O3,-59,-0.07548786793332339
T1_E1_Alicante,NO2,T1_E2_Elda,O3,-58,-0.07821796901374906
T1_E1_Alicante,NO2,T1_E2_Elda,O3,-57,-0.07494510259810935
T1_E1_Alicante,NO2,T1_E2_Elda,O3,-56,-0.07087901744128586
T1_E1_Alicante,NO2,T1_E2_Elda,O3,-55,-0.06997622215658425
T1_E1_Alicante,NO2,T1_E2_Elda,O3,-54,-0.07640510322474574
T1_E1_Alicante,NO2,T1_E2_Elda,O3,-53,-0.0939815796280344
T1_E1_Alicante,NO2,T1_E2_Elda,O3,-52,-0.12544344340000063
T1_E1_Alicante,NO2,T1_E2_Elda,O3,-51,-0.16951649389224666
T1_E1_Alicante,NO2,T1_E2_Elda,O3,-50,-0.21898876737826242
T1_E1_Alicante,NO2,T1_E2_Elda,O3,-49,-0.2590164433850204
T1_E1_Alicante,NO2,T1_E2_Elda,O3,-48,-0.2675773990190363
T1_E1_Alicante,NO2,T1_E2_Elda,O3,-47,-0.23618538328590896
T1_E1_Alicante,NO2,T1_E2_Elda,O3,-46,-0.17889648235934197
T1_E1_Alicante,NO2,T1_E2_Elda,O3,-45,-0.11888779716698014
T1_E1_Alicante,NO2,T1_E2_Elda,O3,-44,-0.06918208606015273
T1_E1_Alicante,NO2,T1_E2_Elda,O3,-43,-0.03342540090223556
T1_E1_Alicante,NO2,T1_E2_Elda,O3,-42,-0.009702961066695843
T1_E1_Alicante,NO2,T1_E2_Elda,O3,-41,0.0015716763681443953
T1_E1_Alicante,NO2,T1_E2_Elda,O3,-40,0.0006893790256935604
T1_E1_Alicante,NO2,T1_E2_Elda,O3,-39,-0.011262895213803673
T1_E1_Alicante,NO2,T1_E2_Elda,O3,-38,-0.031045390032490412
T1_E1_Alicante,NO2,T1_E2_Elda,O3,-37,-0.05223526010953035
T1_E1_Alicante,NO2,T1_E2_Elda,O3,-36,-0.06883106397372722
T1_E1_Alicante,NO2,T1_E2_Elda,O3,-35,-0.07750886570083802
T1_E1_Alicante,NO2,T1_E2_Elda,O3,-34,-0.078319612141647
T1_E1_Alicante,NO2,T1_E2_Elda,O3,-33,-0.07431460408619112
T1_E1_Alicante,NO2,T1_E2_Elda,O3,-32,-0.070177926155102
T1_E1_Alicante,NO2,T1_E2_Elda,O3,-31,-0.0688166403302851
T1_E1_Alicante,NO2,T1_E2_Elda,O3,-30,-0.07529334664173404
T1_E1_Alicante,NO2,T1_E2_Elda,O3,-29,-0.09452865576028265
T1_E1_Alicante,NO2,T1_E2_Elda,O3,-28,-0.12905646254085243
T1_E1_Alicante,NO2,T1_E2_Elda,O3,-27,-0.17816679793088347
T1_E1_Alicante,NO2,T1_E2_Elda,O3,-26,-0.23531385444991212
T1_E1_Alicante,NO2,T1_E2_Elda,O3,-25,-0.28426335246699264
T1_E1_Alicante,NO2,T1_E2_Elda,O3,-24,-0.2990463665276729
T1_E1_Alicante,NO2,T1_E2_Elda,O3,-23,-0.26792155329275147
T1_E1_Alicante,NO2,T1_E2_Elda,O3,-22,-0.2068451882254049
T1_E1_Alicante,NO2,T1_E2_Elda,O3,-21,-0.14185976278235435
T1_E1_Alicante,NO2,T1_E2_Elda,O3,-20,-0.08699598247143378
T1_E1_Alicante,NO2,T1_E2_Elda,O3,-19,-0.04608115627847904
T1_E1_Alicante,NO2,T1_E2_Elda,O3,-18,-0.019322494308547187
T1_E1_Alicante,NO2,T1_E2_Elda,O3,-17,-0.007602851379925296
T1_E1_Alicante,NO2,T1_E2_Elda,O3,-16,-0.010586944565032274
T1_E1_Alicante,NO2,T1_E2_Elda,O3,-15,-0.02531644969870648
T1_E1_Alicante,NO2,T1_E2_Elda,O3,-14,-0.048835508911376155
T1_E1_Alicante,NO2,T1_E2_Elda,O3,-13,-0.07482898575707107
T1_E1_Alicante,NO2,T1_E2_Elda,O3,-12,-0.09496462359499881
T1_E1_Alicante,NO2,T1_E2_Elda,O3,-11,-0.10647321380402734
T1_E1_Alicante,NO2,T1_E2_Elda,O3,-10,-0.10882604897544602
T1_E1_Alicante,NO2,T1_E2_Elda,O3,-9,-0.10472801489973646
T1_E1_Alicante,NO2,T1_E2_Elda,O3,-8,-0.09878896629802754
T1_E1_Alicante,NO2,T1_E2_Elda,O3,-7,-0.09676489175791654
T1_E1_Alicante,NO2,T1_E2_Elda,O3,-6,-0.1037432563269205
T1_E1_Alicante,NO2,T1_E2_Elda,O3,-5,-0.12402920055817535
T1_E1_Alicante,NO2,T1_E2_Elda,O3,-4,-0.1609559580054494
T1_E1_Alicante,NO2,T1_E2_Elda,O3,-3,-0.2145937052826903
T1_E1_Alicante,NO2,T1_E2_Elda,O3,-2,-0.27895622831750083
T1_E1_Alicante,NO2,T1_E2_Elda,O3,-1,-0.3362896828873789
T1_E1_Alicante,NO2,T1_E2_Elda,O3,0,-0.35409570525372197
T1_E1_Alicante,NO2,T1_E2_Elda,O3,1,-0.3166882519966191
T1_E1_Alicante,NO2,T1_E2_Elda,O3,2,-0.2427655047509019
T1_E1_Alicante,NO2,T1_E2_Elda,O3,3,-0.1627125522979942
T1_E1_Alicante,NO2,T1_E2_Elda,O3,4,-0.09443119142678823
T1_E1_Alicante,NO2,T1_E2_Elda,O3,5,-0.04362866372955296
T1_E1_Alicante,NO2,T1_E2_Elda,O3,6,-0.01038801736694341
T1_E1_Alicante,NO2,T1_E2_Elda,O3,7,0.005508386791397607
T1_E1_Alicante,NO2,T1_E2_Elda,O3,8,0.005033656765773181
T1_E1_Alicante,NO2,T1_E2_Elda,O3,9,-0.007768257030636945
T1_E1_Alicante,NO2,T1_E2_Elda,O3,10,-0.028135397241623273
T1_E1_Alicante,NO2,T1_E2_Elda,O3,11,-0.04935059775898089
T1_E1_Alicante,NO2,T1_E2_Elda,O3,12,-0.06596294637937554
T1_E1_Alicante,NO2,T1_E2_Elda,O3,13,-0.07442608843288875
T1_E1_Alicante,NO2,T1_E2_Elda,O3,14,-0.07390501317732386
T1_E1_Alicante,NO2,T1_E2_Elda,O3,15,-0.06728180222123764
T1_E1_Alicante,NO2,T1_E2_Elda,O3,16,-0.058686557848477636
T1_E1_Alicante,NO2,T1_E2_Elda,O3,17,-0.05381743152880241
T1_E1_Alicante,NO2,T1_E2_Elda,O3,18,-0.05803283094571991
T1_E1_Alicante,NO2,T1_E2_Elda,O3,19,-0.07533320241580642
T1_E1_Alicante,NO2,T1_E2_Elda,O3,20,-0.10783233413878512
T1_E1_Alicante,NO2,T1_E2_Elda,O3,21,-0.15529296222134253
T1_E1_Alicante,NO2,T1_E2_Elda,O3,22,-0.21061798638952745
T1_E1_Alicante,NO2,T1_E2_Elda,O3,23,-0.25567397555202875
T1_E1_Alicante,NO2,T1_E2_Elda,O3,24,-0.26615674891693775
T1_E1_Alicante,NO2,T1_E2_Elda,O3,25,-0.23201316680237433
T1_E1_Alicante,NO2,T1_E2_Elda,O3,26,-0.16897611997341078
T1_E1_Alicante,NO2,T1_E2_Elda,O3,27,-0.10236138006816536
T1_E1_Alicante,NO2,T1_E2_Elda,O3,28,-0.046373221425475106
T1_E1_Alicante,NO2,T1_E2_Elda,O3,29,-0.004154036937956392
T1_E1_Alicante,NO2,T1_E2_Elda,O3,30,0.02341640004305687
T1_E1_Alicante,NO2,T1_E2_Elda,O3,31,0.035552259233678635
T1_E1_Alicante,NO2,T1_E2_Elda,O3,32,0.03439406817708346
T1_E1_Alicante,NO2,T1_E2_Elda,O3,33,0.022314884937110268
T1_E1_Alicante,NO2,T1_E2_Elda,O3,34,0.0023136475148547117
T1_E1_Alicante,NO2,T1_E2_Elda,O3,35,-0.019905508272288545
T1_E1_Alicante,NO2,T1_E2_Elda,O3,36,-0.037570439965724546
T1_E1_Alicante,NO2,T1_E2_Elda,O3,37,-0.04778757466400798
T1_E1_Alicante,NO2,T1_E2_Elda,O3,38,-0.05051165107591219
T1_E1_Alicante,NO2,T1_E2_Elda,O3,39,-0.04578187568678514
T1_E1_Alicante,NO2,T1_E2_Elda,O3,40,-0.03846080776507197
T1_E1_Alicante,NO2,T1_E2_Elda,O3,41,-0.035431919251021224
T1_E1_Alicante,NO2,T1_E2_Elda,O3,42,-0.0414722454779513
T1_E1_Alicante,NO2,T1_E2_Elda,O3,43,-0.05988147711149932
T1_E1_Alicante,NO2,T1_E2_Elda,O3,44,-0.09188375419492899
T1_E1_Alicante,NO2,T1_E2_Elda,O3,45,-0.13614851727443303
T1_E1_Alicante,NO2,T1_E2_Elda,O3,46,-0.18728660049973656
T1_E1_Alicante,NO2,T1_E2_Elda,O3,47,-0.22974687898171559
T1_E1_Alicante,NO2,T1_E2_Elda,O3,48,-0.2410242901917878
T1_E1_Alicante,NO2,T1_E2_Elda,O3,49,-0.21210268095895368
T1_E1_Alicante,NO2,T1_E2_Elda,O3,50,-0.15569889834403203
T1_E1_Alicante,NO2,T1_E2_Elda,O3,51,-0.09460371097434128
T1_E1_Alicante,NO2,T1_E2_Elda,O3,52,-0.042225418962374105
T1_E1_Alicante,NO2,T1_E2_Elda,O3,53,-0.0035361618245984853
T1_E1_Alicante,NO2,T1_E2_Elda,O3,54,0.021061494026235188
T1_E1_Alicante,NO2,T1_E2_Elda,O3,55,0.032655860404786755
T1_E1_Alicante,NO2,T1_E2_Elda,O3,56,0.03181602178578153
T1_E1_Alicante,NO2,T1_E2_Elda,O3,57,0.020568450869138933
T1_E1_Alicante,NO2,T1_E2_Elda,O3,58,0.0010938833156389622
T1_E1_Alicante,NO2,T1_E2_Elda,O3,59,-0.02007301295100112
T1_E1_Alicante,NO2,T1_E2_Elda,O3,60,-0.03808815567063189
T1_E1_Alicante,NO2,T1_E2_Elda,O3,61,-0.04863439298644041
T1_E1_Alicante,NO2,T1_E2_Elda,O3,62,-0.050012926353505495
T1_E1_Alicante,NO2,T1_E2_Elda,O3,63,-0.046392654000121734
T1_E1_Alicante,NO2,T1_E2_Elda,O3,64,-0.04165218270648732
T1_E1_Alicante,NO2,T1_E2_Elda,O3,65,-0.04028503900158169
T1_E1_Alicante,NO2,T1_E2_Elda,O3,66,-0.04709570017417951
T1_E1_Alicante,NO2,T1_E2_Elda,O3,67,-0.06452711368189827
T1_E1_Alicante,NO2,T1_E2_Elda,O3,68,-0.09405390107665533
T1_E1_Alicante,NO2,T1_E2_Elda,O3,69,-0.13582138030002827
T1_E1_Alicante,NO2,T1_E2_Elda,O3,70,-0.1834421022150472
T1_E1_Alicante,NO2,T1_E2_Elda,O3,71,-0.22195063667878312
T1_E1_Alicante,NO2,T1_E2_Elda,O3,72,-0.23147127147754937
T1_E1_Alicante,NO2,T2_E1_Elche,NO,-72,0.24349657060772545
T1_E1_Alicante,NO2,T2_E1_Elche,NO,-71,0.21335562680214445
T1_E1_Alicante,NO2,T2_E1_Elche,NO,-70,0.12832698899482559
T1_E1_Alicante,NO2,T2_E1_Elche,NO,-69,0.040589879777486605
T1_E1_Alicante,NO2,T2_E1_Elche,NO,-68,-0.015941810188757403
T1_E1_Alicante,NO2,T2_E1_Elche,NO,-67,-0.04110498222284706
T1_E1_Alicante,NO2,T2_E1_Elche,NO,-66,-0.041830177322544515
T1_E1_Alicante,NO2,T2_E1_Elche,NO,-65,-0.019655869830038444
T1_E1_Alicante,NO2,T2_E1_Elche,NO,-64,0.01998163824822577
T1_E1_Alicante,NO2,T2_E1_Elche,NO,-63,0.07630777488121022
T1_E1_Alicante,NO2,T2_E1_Elche,NO,-62,0.13561994374101802
T1_E1_Alicante,NO2,T2_E1_Elche,NO,-61,0.18062879581105432
T1_E1_Alicante,NO2,T2_E1_Elche,NO,-60,0.1941512129624846
T1_E1_Alicante,NO2,T2_E1_Elche,NO,-59,0.16975555385112595
T1_E1_Alicante,NO2,T2_E1_Elche,NO,-58,0.10979666169373731
T1_E1_Alicante,NO2,T2_E1_Elche,NO,-57,0.045868789974345625
T1_E1_Alicante,NO2,T2_E1_Elche,NO,-56,0.003987263849112838
T1_E1_Alicante,NO2,T2_E1_Elche,NO,-55,-0.016363123081552414
T1_E1_Alicante,NO2,T2_E1_Elche,NO,-54,-0.018309751751503057
T1_E1_Alicante,NO2,T2_E1_Elche,NO,-53,-0.0005332607634534901
T1_E1_Alicante,NO2,T2_E1_Elche,NO,-52,0.040842255458636845
T1_E1_Alicante,NO2,T2_E1_Elche,NO,-51,0.10255635722174743
T1_E1_Alicante,NO2,T2_E1_Elche,NO,-50,0.17958324132630984
T1_E1_Alicante,NO2,T2_E1_Elche,NO,-49,0.2531389286846478
T1_E1_Alicante,NO2,T2_E1_Elche,NO,-48,0.2911282758126037
T1_E1_Alicante,NO2,T2_E1_Elche,NO,-47,0.2577607748527811
T1_E1_Alicante,NO2,T2_E1_Elche,NO,-46,0.16458469695234962
T1_E1_Alicante,NO2,T2_E1_Elche,NO,-45,0.06552769690130267
T1_E1_Alicante,NO2,T2_E1_Elche,NO,-44,0.0019496483602411878
T1_E1_Alicante,NO2,T2_E1_Elche,NO,-43,-0.024110893378022445
T1_E1_Alicante,NO2,T2_E1_Elche,NO,-42,-0.02288839783778491
T1_E1_Alicante,NO2,T2_E1_Elche,NO,-41,-0.00014886935791201655
T1_E1_Alicante,NO2,T2_E1_Elche,NO,-40,0.04044369032679191
T1_E1_Alicante,NO2,T2_E1_Elche,NO,-39,0.09668929500505856
T1_E1_Alicante,NO2,T2_E1_Elche,NO,-38,0.15810736563017502
T1_E1_Alicante,NO2,T2_E1_Elche,NO,-37,0.20599245795704402
T1_E1_Alicante,NO2,T2_E1_Elche,NO,-36,0.2211592808426768
T1_E1_Alicante,NO2,T2_E1_Elche,NO,-35,0.19242255191052798
T1_E1_Alicante,NO2,T2_E1_Elche,NO,-34,0.1288598159806604
T1_E1_Alicante,NO2,T2_E1_Elche,NO,-33,0.061337955543327646
T1_E1_Alicante,NO2,T2_E1_Elche,NO,-32,0.013756612711098803
T1_E1_Alicante,NO2,T2_E1_Elche,NO,-31,-0.010744064267008949
T1_E1_Alicante,NO2,T2_E1_Elche,NO,-30,-0.013450710308508244
T1_E1_Alicante,NO2,T2_E1_Elche,NO,-29,0.0039031459175035495
T1_E1_Alicante,NO2,T2_E1_Elche,NO,-28,0.04183513033944374
T1_E1_Alicante,NO2,T2_E1_Elche,NO,-27,0.10051171886820466
T1_E1_Alicante,NO2,T2_E1_Elche,NO,-26,0.17659860424583199
T1_E1_Alicante,NO2,T2_E1_Elche,NO,-25,0.260955163407798
T1_E1_Alicante,NO2,T2_E1_Elche,NO,-24,0.3142391347019445
T1_E1_Alicante,NO2,T2_E1_Elche,NO,-23,0.2867145222179086
T1_E1_Alicante,NO2,T2_E1_Elche,NO,-22,0.1915276071054559
T1_E1_Alicante,NO2,T2_E1_Elche,NO,-21,0.09072599251313632
T1_E1_Alicante,NO2,T2_E1_Elche,NO,-20,0.022325018682798018
T1_E1_Alicante,NO2,T2_E1_Elche,NO,-19,-0.008924585774816375
T1_E1_Alicante,NO2,T2_E1_Elche,NO,-18,-0.006831129390520369
T1_E1_Alicante,NO2,T2_E1_Elche,NO,-17,0.024214799721165022
T1_E1_Alicante,NO2,T2_E1_Elche,NO,-16,0.07518066225768115
T1_E1_Alicante,NO2,T2_E1_Elche,NO,-15,0.14228086585565794
T1_E1_Alicante,NO2,T2_E1_Elche,NO,-14,0.20854629154721468
T1_E1_Alicante,NO2,T2_E1_Elche,NO,-13,0.2605912185042697
T1_E1_Alicante,NO2,T2_E1_Elche,NO,-12,0.28350594231376086
T1_E1_Alicante,NO2,T2_E1_Elche,NO,-11,0.25751547169842953
T1_E1_Alicante,NO2,T2_E1_Elche,NO,-10,0.1874723663870676
T1_E1_Alicante,NO2,T2_E1_Elche,NO,-9,0.11099684574871203
T1_E1_Alicante,NO2,T2_E1_Elche,NO,-8,0.05722961807250616
T1_E1_Alicante,NO2,T2_E1_Elche,NO,-7,0.034337883836275514
T1_E1_Alicante,NO2,T2_E1_Elche,NO,-6,0.03853108160874466
T1_E1_Alicante,NO2,T2_E1_Elche,NO,-5,0.06382317791643186
T1_E1_Alicante,NO2,T2_E1_Elche,NO,-4,0.11668539596939449
T1_E1_Alicante,NO2,T2_E1_Elche,NO,-3,0.20336794050830698
T1_E1_Alicante,NO2,T2_E1_Elche,NO,-2,0.3158565114452515
T1_E1_Alicante,NO2,T2_E1_Elche,NO,-1,0.44242919553027404
T1_E1_Alicante,NO2,T2_E1_Elche,NO,0,0.5247596638875307
T1_E1_Alicante,NO2,T2_E1_Elche,NO,1,0.4758076922034137
T1_E1_Alicante,NO2,T2_E1_Elche,NO,2,0.31830645511034256
T1_E1_Alicante,NO2,T2_E1_Elche,NO,3,0.16476388190078844
T1_E1_Alicante,NO2,T2_E1_Elche,NO,4,0.06760831536359191
T1_E1_Alicante,NO2,T2_E1_Elche,NO,5,0.02243071574700607
T1_E1_Alicante,NO2,T2_E1_Elche,NO,6,0.015583435901185903
T1_E1_Alicante,NO2,T2_E1_Elche,NO,7,0.04076819824919871
T1_E1_Alicante,NO2,T2_E1_Elche,NO,8,0.0910566612547622
T1_E1_Alicante,NO2,T2_E1_Elche,NO,9,0.16270889944174327
T1_E1_Alicante,NO2,T2_E1_Elche,NO,10,0.2356944199792973
T1_E1_Alicante,NO2,T2_E1_Elche,NO,11,0.29429565699324484
T1_E1_Alicante,NO2,T2_E1_Elche,NO,12,0.30767793931482046
T1_E1_Alicante,NO2,T2_E1_Elche,NO,13,0.2638134002609783
T1_E1_Alicante,NO2,T2_E1_Elche,NO,14,0.1771682382991189
T1_E1_Alicante,NO2,T2_E1_Elche,NO,15,0.08949576918267958
T1_E1_Alicante,NO2,T2_E1_Elche,NO,16,0.02357229193024138
T1_E1_Alicante,NO2,T2_E1_Elche,NO,17,-0.009871931461572196
T1_E1_Alicante,NO2,T2_E1_Elche,NO,18,-0.014886789062791431
T1_E1_Alicante,NO2,T2_E1_Elche,NO,19,0.0003015955068069093
T1_E1_Alicante,NO2,T2_E1_Elche,NO,20,0.03967394464586405
T1_E1_Alicante,NO2,T2_E1_Elche,NO,21,0.10422045990438217
T1_E1_Alicante,NO2,T2_E1_Elche,NO,22,0.18956714450385873
T1_E1_Alicante,NO2,T2_E1_Elche,NO,23,0.27743963488208895
T1_E1_Alicante,NO2,T2_E1_Elche,NO,24,0.32266545354210874
T1_E1_Alicante,NO2,T2_E1_Elche,NO,25,0.2873441124267477
T1_E1_Alicante,NO2,T2_E1_Elche,NO,26,0.1868061945432744
T1_E1_Alicante,NO2,T2_E1_Elche,NO,27,0.07760148736417086
T1_E1_Alicante,NO2,T2_E1_Elche,NO,28,0.0003365626967447012
T1_E1_Alicante,NO2,T2_E1_Elche,NO,29,-0.03642004968342404
T1_E1_Alicante,NO2,T2_E1_Elche,NO,30,-0.04224165654824629
T1_E1_Alicante,NO2,T2_E1_Elche,NO,31,-0.019214123258267008
T1_E1_Alicante,NO2,T2_E1_Elche,NO,32,0.02672066059221026
T1_E1_Alicante,NO2,T2_E1_Elche,NO,33,0.08692297777711828
T1_E1_Alicante,NO2,T2_E1_Elche,NO,34,0.14898909729294127
T1_E1_Alicante,NO2,T2_E1_Elche,NO,35,0.20307150031444113
T1_E1_Alicante,NO2,T2_E1_Elche,NO,36,0.22096776416226982
T1_E1_Alicante,NO2,T2_E1_Elche,NO,37,0.18772988833818188
T1_E1_Alicante,NO2,T2_E1_Elche,NO,38,0.11724505045451811
T1_E1_Alicante,NO2,T2_E1_Elche,NO,39,0.04236199510024541
T1_E1_Alicante,NO2,T2_E1_Elche,NO,40,-0.011542911253201504
T1_E1_Alicante,NO2,T2_E1_Elche,NO,41,-0.03632075791092739
T1_E1_Alicante,NO2,T2_E1_Elche,NO,42,-0.039320495665350265
T1_E1_Alicante,NO2,T2_E1_Elche,NO,43,-0.02397073172219396
T1_E1_Alicante,NO2,T2_E1_Elche,NO,44,0.01208608147402962
T1_E1_Alicante,NO2,T2_E1_Elche,NO,45,0.07281024442214797
T1_E1_Alicante,NO2,T2_E1_Elche,NO,46,0.1557356647778856
T1_E1_Alicante,NO2,T2_E1_Elche,NO,47,0.24141644456859612
T1_E1_Alicante,NO2,T2_E1_Elche,NO,48,0.2872092133711304
T1_E1_Alicante,NO2,T2_E1_Elche,NO,49,0.254462480701005
T1_E1_Alicante,NO2,T2_E1_Elche,NO,50,0.1561108385703039
T1_E1_Alicante,NO2,T2_E1_Elche,NO,51,0.05471119027841722
T1_E1_Alicante,NO2,T2_E1_Elche,NO,52,-0.010055679644390183
T1_E1_Alicante,NO2,T2_E1_Elche,NO,53,-0.03910630894327731
T1_E1_Alicante,NO2,T2_E1_Elche,NO,54,-0.0424184693356377
T1_E1_Alicante,NO2,T2_E1_Elche,NO,55,-0.022178224591525537
T1_E1_Alicante,NO2,T2_E1_Elche,NO,56,0.022420357267316747
T1_E1_Alicante,NO2,T2_E1_Elche,NO,57,0.08125259175119082
T1_E1_Alicante,NO2,T2_E1_Elche,NO,58,0.1429937324542405
T1_E1_Alicante,NO2,T2_E1_Elche,NO,59,0.1935894793285731
T1_E1_Alicante,NO2,T2_E1_Elche,NO,60,0.2128749693109705
T1_E1_Alicante,NO2,T2_E1_Elche,NO,61,0.1851974060034219
T1_E1_Alicante,NO2,T2_E1_Elche,NO,62,0.12453640268173216
T1_E1_Alicante,NO2,T2_E1_Elche,NO,63,0.04910222280509235
T1_E1_Alicante,NO2,T2_E1_Elche,NO,64,-0.007642588794017383
T1_E1_Alicante,NO2,T2_E1_Elche,NO,65,-0.03267937127968924
T1_E1_Alicante,NO2,T2_E1_Elche,NO,66,-0.033446539875486625
T1_E1_Alicante,NO2,T2_E1_Elche,NO,67,-0.018361949515025705
T1_E1_Alicante,NO2,T2_E1_Elche,NO,68,0.01810982612866578
T1_E1_Alicante,NO2,T2_E1_Elche,NO,69,0.07305078993025044
T1_E1_Alicante,NO2,T2_E1_Elche,NO,70,0.14630874390544613
T1_E1_Alicante,NO2,T2_E1_Elche,NO,71,0.22449318229258597
T1_E1_Alicante,NO2,T2_E1_Elche,NO,72,0.2690204121973478
T1_E1_Alicante,NO2,T2_E1_Elche,NO2,-72,0.40940633938183985
T1_E1_Alicante,NO2,T2_E1_Elche,NO2,-71,0.3569010797622002
T1_E1_Alicante,NO2,T2_E1_Elche,NO2,-70,0.23238608517187884
T1_E1_Alicante,NO2,T2_E1_Elche,NO2,-69,0.0978961658151188
T1_E1_Alicante,NO2,T2_E1_Elche,NO2,-68,-0.004461239872956732
T1_E1_Alicante,NO2,T2_E1_Elche,NO2,-67,-0.06247584760350422
T1_E1_Alicante,NO2,T2_E1_Elche,NO2,-66,-0.07939827513004757
T1_E1_Alicante,NO2,T2_E1_Elche,NO2,-65,-0.05897848545834998
T1_E1_Alicante,NO2,T2_E1_Elche,NO2,-64,-0.004896412099485796
T1_E1_Alicante,NO2,T2_E1_Elche,NO2,-63,0.07636248694826793
T1_E1_Alicante,NO2,T2_E1_Elche,NO2,-62,0.16609509715151272
T1_E1_Alicante,NO2,T2_E1_Elche,NO2,-61,0.2362073567553817
T1_E1_Alicante,NO2,T2_E1_Elche,NO2,-60,0.26435118304037497
T1_E1_Alicante,NO2,T2_E1_Elche,NO2,-59,0.23962900526316427
T1_E1_Alicante,NO2,T2_E1_Elche,NO2,-58,0.16942429500074027
T1_E1_Alicante,NO2,T2_E1_Elche,NO2,-57,0.08071617156985787
T1_E1_Alicante,NO2,T2_E1_Elche,NO2,-56,0.006358284723942753
T1_E1_Alicante,NO2,T2_E1_Elche,NO2,-55,-0.04120852867328225
T1_E1_Alicante,NO2,T2_E1_Elche,NO2,-54,-0.05567630130618175
T1_E1_Alicante,NO2,T2_E1_Elche,NO2,-53,-0.032100165140199824
T1_E1_Alicante,NO2,T2_E1_Elche,NO2,-52,0.03306106652059017
T1_E1_Alicante,NO2,T2_E1_Elche,NO2,-51,0.13754760094579266
T1_E1_Alicante,NO2,T2_E1_Elche,NO2,-50,0.2705365853030897
T1_E1_Alicante,NO2,T2_E1_Elche,NO2,-49,0.3917617586327459
T1_E1_Alicante,NO2,T2_E1_Elche,NO2,-48,0.4435624908273373
T1_E1_Alicante,NO2,T2_E1_Elche,NO2,-47,0.388362059864523
T1_E1_Alicante,NO2,T2_E1_Elche,NO2,-46,0.2585280191987548
T1_E1_Alicante,NO2,T2_E1_Elche,NO2,-45,0.11659313341365846
T1_E1_Alicante,NO2,T2_E1_Elche,NO2,-44,0.007798828125705195
T1_E1_Alicante,NO2,T2_E1_Elche,NO2,-43,-0.05386605232389492
T1_E1_Alicante,NO2,T2_E1_Elche,NO2,-42,-0.07112617743158432
T1_E1_Alicante,NO2,T2_E1_Elche,NO2,-41,-0.04950781234004693
T1_E1_Alicante,NO2,T2_E1_Elche,NO2,-40,0.0068073703706536225
T1_E1_Alicante,NO2,T2_E1_Elche,NO2,-39,0.08974234019659445
T1_E1_Alicante,NO2,T2_E1_Elche,NO2,-38,0.18130370148385136
T1_E1_Alicante,NO2,T2_E1_Elche,NO2,-37,0.25647282835630175
T1_E1_Alicante,NO2,T2_E1_Elche,NO2,-36,0.285323788570267
T1_E1_Alicante,NO2,T2_E1_Elche,NO2,-35,0.25540230974737027
T1_E1_Alicante,NO2,T2_E1_Elche,NO2,-34,0.17798053179701054
T1_E1_Alicante,NO2,T2_E1_Elche,NO2,-33,0.08603433746050662
T1_E1_Alicante,NO2,T2_E1_Elche,NO2,-32,0.011221502498261404
T1_E1_Alicante,NO2,T2_E1_Elche,NO2,-31,-0.032266604645090846
T1_E1_Alicante,NO2,T2_E1_Elche,NO2,-30,-0.04027123526249135
T1_E1_Alicante,NO2,T2_E1_Elche,NO2,-29,-0.009909939377886272
T1_E1_Alicante,NO2,T2_E1_Elche,NO2,-28,0.06283559910676681
T1_E1_Alicante,NO2,T2_E1_Elche,NO2,-27,0.17763766105758816
T1_E1_Alicante,NO2,T2_E1_Elche,NO2,-26,0.325263719440438
T1_E1_Alicante,NO2,T2_E1_Elche,NO2,-25,0.46952657649310764
T1_E1_Alicante,NO2,T2_E1_Elche,NO2,-24,0.5331582570021939
T1_E1_Alicante,NO2,T2_E1_Elche,NO2,-23,0.4687321051861683
T1_E1_Alicante,NO2,T2_E1_Elche,NO2,-22,0.31606392022544155
T1_E1_Alicante,NO2,T2_E1_Elche,NO2,-21,0.15619988074375435
T1_E1_Alicante,NO2,T2_E1_Elche,NO2,-20,0.03633066890317901
T1_E1_Alicante,NO2,T2_E1_Elche,NO2,-19,-0.027773812707621148
T1_E1_Alicante,NO2,T2_E1_Elche,NO2,-18,-0.04146212719213582
T1_E1_Alicante,NO2,T2_E1_Elche,NO2,-17,-0.0105394351678952
T1_E1_Alicante,NO2,T2_E1_Elche,NO2,-16,0.05969905385507867
T1_E1_Alicante,NO2,T2_E1_Elche,NO2,-15,0.15794975280265516
T1_E1_Alicante,NO2,T2_E1_Elche,NO2,-14,0.26525690632732263
T1_E1_Alicante,NO2,T2_E1_Elche,NO2,-13,0.3511087211672907
T1_E1_Alicante,NO2,T2_E1_Elche,NO2,-12,0.38658927802959553
T1_E1_Alicante,NO2,T2_E1_Elche,NO2,-11,0.358168411873358
T1_E1_Alicante,NO2,T2_E1_Elche,NO2,-10,0.2744768623548498
T1_E1_Alicante,NO2,T2_E1_Elche,NO2,-9,0.16890381780449648
T1_E1_Alicante,NO2,T2_E1_Elche,NO2,-8,0.08231521935141596
T1_E1_Alicante,NO2,T2_E1_Elche,NO2,-7,0.033338256247668036
T1_E1_Alicante,NO2,T2_E1_Elche,NO2,-6,0.028285976834149063
T1_E1_Alicante,NO2,T2_E1_Elche,NO2,-5,0.06931183443218675
T1_E1_Alicante,NO2,T2_E1_Elche,NO2,-4,0.16057656743129242
T1_E1_Alicante,NO2,T2_E1_Elche,NO2,-3,0.30924383904162595
T1_E1_Alicante,NO2,T2_E1_Elche,NO2,-2,0.506739791944433
T1_E1_Alicante,NO2,T2_E1_Elche,NO2,-1,0.7097151137053958
T1_E1_Alicante,NO2,T2_E1_Elche,NO2,0,0.8122024277460267
T1_E1_Alicante,NO2,T2_E1_Elche,NO2,1,0.7251618064587939
T1_E1_Alicante,NO2,T2_E1_Elche,NO2,2,0.5094999461548136
T1_E1_Alicante,NO2,T2_E1_Elche,NO2,3,0.2889966112288518
T1_E1_Alicante,NO2,T2_E1_Elche,NO2,4,0.13168501826149798
T1_E1_Alicante,NO2,T2_E1_Elche,NO2,5,0.041609411342749716
T1_E1_Alicante,NO2,T2_E1_Elche,NO2,6,0.010737494193771388
T1_E1_Alicante,NO2,T2_E1_Elche,NO2,7,0.032223942296750026
T1_E1_Alicante,NO2,T2_E1_Elche,NO2,8,0.09745867561907481
T1_E1_Alicante,NO2,T2_E1_Elche,NO2,9,0.19435923326567045
T1_E1_Alicante,NO2,T2_E1_Elche,NO2,10,0.297146676598973
T1_E1_Alicante,NO2,T2_E1_Elche,NO2,11,0.37741224324763306
T1_E1_Alicante,NO2,T2_E1_Elche,NO2,12,0.40389124464385323
T1_E1_Alicante,NO2,T2_E1_Elche,NO2,13,0.36426446232539433
T1_E1_Alicante,NO2,T2_E1_Elche,NO2,14,0.27032782838247327
T1_E1_Alicante,NO2,T2_E1_Elche,NO2,15,0.1587279167786508
T1_E1_Alicante,NO2,T2_E1_Elche,NO2,16,0.0649286307701783
T1_E1_Alicante,NO2,T2_E1_Elche,NO2,17,0.00558889973345714
T1_E1_Alicante,NO2,T2_E1_Elche,NO2,18,-0.013746997000916656
T1_E1_Alicante,NO2,T2_E1_Elche,NO2,19,0.00887716979539684
T1_E1_Alicante,NO2,T2_E1_Elche,NO2,20,0.07834272163808866
T1_E1_Alicante,NO2,T2_E1_Elche,NO2,21,0.19617316815190933
T1_E1_Alicante,NO2,T2_E1_Elche,NO2,22,0.3494469879822593
T1_E1_Alicante,NO2,T2_E1_Elche,NO2,23,0.4937561613434431
T1_E1_Alicante,NO2,T2_E1_Elche,NO2,24,0.5533027712183084
T1_E1_Alicante,NO2,T2_E1_Elche,NO2,25,0.4851139846444613
T1_E1_Alicante,NO2,T2_E1_Elche,NO2,26,0.33027329931591437
T1_E1_Alicante,NO2,T2_E1_Elche,NO2,27,0.16328106474790913
T1_E1_Alicante,NO2,T2_E1_Elche,NO2,28,0.03496910352913742
T1_E1_Alicante,NO2,T2_E1_Elche,NO2,29,-0.0402692718658681
T1_E1_Alicante,NO2,T2_E1_Elche,NO2,30,-0.0651784290479615
T1_E1_Alicante,NO2,T2_E1_Elche,NO2,31,-0.0440481056909
T1_E1_Alicante,NO2,T2_E1_Elche,NO2,32,0.013502116137424773
T1_E1_Alicante,NO2,T2_E1_Elche,NO2,33,0.09754394236765779
T1_E1_Alicante,NO2,T2_E1_Elche,NO2,34,0.19011143645619374
T1_E1_Alicante,NO2,T2_E1_Elche,NO2,35,0.2661161709324784
T1_E1_Alicante,NO2,T2_E1_Elche,NO2,36,0.2965245978688374
T1_E1_Alicante,NO2,T2_E1_Elche,NO2,37,0.26794865649367594
T1_E1_Alicante,NO2,T2_E1_Elche,NO2,38,0.1896437743922499
T1_E1_Alicante,NO2,T2_E1_Elche,NO2,39,0.09264305164826304
T1_E1_Alicante,NO2,T2_E1_Elche,NO2,40,0.009752008351679787
T1_E1_Alicante,NO2,T2_E1_Elche,NO2,41,-0.04084713698943973
T1_E1_Alicante,NO2,T2_E1_Elche,NO2,42,-0.05612178929851377
T1_E1_Alicante,NO2,T2_E1_Elche,NO2,43,-0.033052265304902594
T1_E1_Alicante,NO2,T2_E1_Elche,NO2,44,0.0332503945814169
T1_E1_Alicante,NO2,T2_E1_Elche,NO2,45,0.14196617649893883
T1_E1_Alicante,NO2,T2_E1_Elche,NO2,46,0.2817656980190694
T1_E1_Alicante,NO2,T2_E1_Elche,NO2,47,0.41157858166873157
T1_E1_Alicante,NO2,T2_E1_Elche,NO2,48,0.463011005827904
T1_E1_Alicante,NO2,T2_E1_Elche,NO2,49,0.4027862877856841
T1_E1_Alicante,NO2,T2_E1_Elche,NO2,50,0.2681775696860728
T1_E1_Alicante,NO2,T2_E1_Elche,NO2,51,0.12368186426201402
T1_E1_Alicante,NO2,T2_E1_Elche,NO2,52,0.013644987002242603
T1_E1_Alicante,NO2,T2_E1_Elche,NO2,53,-0.04926873298453235
T1_E1_Alicante,NO2,T2_E1_Elche,NO2,54,-0.06689532489176282
T1_E1_Alicante,NO2,T2_E1_Elche,NO2,55,-0.04370780816465304
T1_E1_Alicante,NO2,T2_E1_Elche,NO2,56,0.014340089607357892
T1_E1_Alicante,NO2,T2_E1_Elche,NO2,57,0.09536907907206688
T1_E1_Alicante,NO2,T2_E1_Elche,NO2,58,0.18435632676944508
T1_E1_Alicante,NO2,T2_E1_Elche,NO2,59,0.255576217682138
T1_E1_Alicante,NO2,T2_E1_Elche,NO2,60,0.2834518590507737
T1_E1_Alicante,NO2,T2_E1_Elche,NO2,61,0.2527677209368362
T1_E1_Alicante,NO2,T2_E1_Elche,NO2,62,0.17656524116806696
T1_E1_Alicante,NO2,T2_E1_Elche,NO2,63,0.08416700007758775
T1_E1_Alicante,NO2,T2_E1_Elche,NO2,64,0.006525009422273898
T1_E1_Alicante,NO2,T2_E1_Elche,NO2,65,-0.041381054339201334
T1_E1_Alicante,NO2,T2_E1_Elche,NO2,66,-0.05436124291986928
T1_E1_Alicante,NO2,T2_E1_Elche,NO2,67,-0.03185954701996437
T1_E1_Alicante,NO2,T2_E1_Elche,NO2,68,0.03000020741729157
T1_E1_Alicante,NO2,T2_E1_Elche,NO2,69,0.12944081264689516
T1_E1_Alicante,NO2,T2_E1_Elche,NO2,70,0.25833304439008825
T1_E1_Alicante,NO2,T2_E1_Elche,NO2,71,0.3777533016722974
T1_E1_Alicante,NO2,T2_E1_Elche,NO2,72,0.4241986053280047
T1_E1_Alicante,NO2,T2_E1_Elche,O3,-72,-0.3591497683362951
T1_E1_Alicante,NO2,T2_E1_Elche,O3,-71,-0.32428402364596676
T1_E1_Alicante,NO2,T2_E1_Elche,O3,-70,-0.24421025002226932
T1_E1_Alicante,NO2,T2_E1_Elche,O3,-69,-0.1533882748120188
T1_E1_Alicante,NO2,T2_E1_Elche,O3,-68,-0.07888674730338459
T1_E1_Alicante,NO2,T2_E1_Elche,O3,-67,-0.03259345157244617
T1_E1_Alicante,NO2,T2_E1_Elche,O3,-66,-0.014434362552999956
T1_E1_Alicante,NO2,T2_E1_Elche,O3,-65,-0.019457150623810402
T1_E1_Alicante,NO2,T2_E1_Elche,O3,-64,-0.042484311343036575
T1_E1_Alicante,NO2,T2_E1_Elche,O3,-63,-0.0794553304810398
T1_E1_Alicante,NO2,T2_E1_Elche,O3,-62,-0.1208376372796974
T1_E1_Alicante,NO2,T2_E1_Elche,O3,-61,-0.15341771289760112
T1_E1_Alicante,NO2,T2_E1_Elche,O3,-60,-0.16827033091522964
T1_E1_Alicante,NO2,T2_E1_Elche,O3,-59,-0.16149851020765799
T1_E1_Alicante,NO2,T2_E1_Elche,O3,-58,-0.13508939451543645
T1_E1_Alicante,NO2,T2_E1_Elche,O3,-57,-0.09860655350096871
T1_E1_Alicante,NO2,T2_E1_Elche,O3,-56,-0.06690515930436021
T1_E1_Alicante,NO2,T2_E1_Elche,O3,-55,-0.047906569453347814
T1_E1_Alicante,NO2,T2_E1_Elche,O3,-54,-0.04745709575724192
T1_E1_Alicante,NO2,T2_E1_Elche,O3,-53,-0.07048348196882921
T1_E1_Alicante,NO2,T2_E1_Elche,O3,-52,-0.11803977038520487
T1_E1_Alicante,NO2,T2_E1_Elche,O3,-51,-0.18841393589573588
T1_E1_Alicante,NO2,T2_E1_Elche,O3,-50,-0.27254230453728273
T1_E1_Alicante,NO2,T2_E1_Elche,O3,-49,-0.3454974400030945
T1_E1_Alicante,NO2,T2_E1_Elche,O3,-48,-0.3745539094769151
T1_E1_Alicante,NO2,T2_E1_Elche,O3,-47,-0.3390092611840075
T1_E1_Alicante,NO2,T2_E1_Elche,O3,-46,-0.25645238811272625
T1_E1_Alicante,NO2,T2_E1_Elche,O3,-45,-0.16240133914147803
T1_E1_Alicante,NO2,T2_E1_Elche,O3,-44,-0.08438282566683002
T1_E1_Alicante,NO2,T2_E1_Elche,O3,-43,-0.03587803873649737
T1_E1_Alicante,NO2,T2_E1_Elche,O3,-42,-0.01731694482643761
T1_E1_Alicante,NO2,T2_E1_Elche,O3,-41,-0.022817434232595177
T1_E1_Alicante,NO2,T2_E1_Elche,O3,-40,-0.04739541624466504
T1_E1_Alicante,NO2,T2_E1_Elche,O3,-39,-0.08498164152303792
T1_E1_Alicante,NO2,T2_E1_Elche,O3,-38,-0.12684326492748038
T1_E1_Alicante,NO2,T2_E1_Elche,O3,-37,-0.16227837795123923
T1_E1_Alicante,NO2,T2_E1_Elche,O3,-36,-0.17883108047895274
T1_E1_Alicante,NO2,T2_E1_Elche,O3,-35,-0.1701244571706653
T1_E1_Alicante,NO2,T2_E1_Elche,O3,-34,-0.13914954510056862
T1_E1_Alicante,NO2,T2_E1_Elche,O3,-33,-0.09882381509554487
T1_E1_Alicante,NO2,T2_E1_Elche,O3,-32,-0.06440017397258457
T1_E1_Alicante,NO2,T2_E1_Elche,O3,-31,-0.045826601591086896
T1_E1_Alicante,NO2,T2_E1_Elche,O3,-30,-0.04690052551363351
T1_E1_Alicante,NO2,T2_E1_Elche,O3,-29,-0.07218186419730854
T1_E1_Alicante,NO2,T2_E1_Elche,O3,-28,-0.12477965688107323
T1_E1_Alicante,NO2,T2_E1_Elche,O3,-27,-0.20204674725932345
T1_E1_Alicante,NO2,T2_E1_Elche,O3,-26,-0.29380903403979414
T1_E1_Alicante,NO2,T2_E1_Elche,O3,-25,-0.3776083682010234
T1_E1_Alicante,NO2,T2_E1_Elche,O3,-24,-0.4136089997300265
T1_E1_Alicante,NO2,T2_E1_Elche,O3,-23,-0.3762828345420547
T1_E1_Alicante,NO2,T2_E1_Elche,O3,-22,-0.2853342737121048
T1_E1_Alicante,NO2,T2_E1_Elche,O3,-21,-0.18311472462576905
T1_E1_Alicante,NO2,T2_E1_Elche,O3,-20,-0.09976092037366381
T1_E1_Alicante,NO2,T2_E1_Elche,O3,-19,-0.04915193656347041
T1_E1_Alicante,NO2,T2_E1_Elche,O3,-18,-0.03143234911562377
T1_E1_Alicante,NO2,T2_E1_Elche,O3,-17,-0.04064844656731386
T1_E1_Alicante,NO2,T2_E1_Elche,O3,-16,-0.07140138708523812
T1_E1_Alicante,NO2,T2_E1_Elche,O3,-15,-0.11714093095881356
T1_E1_Alicante,NO2,T2_E1_Elche,O3,-14,-0.16838684811446816
T1_E1_Alicante,NO2,T2_E1_Elche,O3,-13,-0.20915759711278512
T1_E1_Alicante,NO2,T2_E1_Elche,O3,-12,-0.22834457907442957
T1_E1_Alicante,NO2,T2_E1_Elche,O3,-11,-0.22192373794930892
T1_E1_Alicante,NO2,T2_E1_Elche,O3,-10,-0.19126127591281517
T1_E1_Alicante,NO2,T2_E1_Elche,O3,-9,-0.14720566020304676
T1_E1_Alicante,NO2,T2_E1_Elche,O3,-8,-0.10841308537259706
T1_E1_Alicante,NO2,T2_E1_Elche,O3,-7,-0.0870345924463319
T1_E1_Alicante,NO2,T2_E1_Elche,O3,-6,-0.09050440108556525
T1_E1_Alicante,NO2,T2_E1_Elche,O3,-5,-0.12308484954118243
T1_E1_Alicante,NO2,T2_E1_Elche,O3,-4,-0.18564749305934822
T1_E1_Alicante,NO2,T2_E1_Elche,O3,-3,-0.27860447695404855
T1_E1_Alicante,NO2,T2_E1_Elche,O3,-2,-0.3944315775110186
T1_E1_Alicante,NO2,T2_E1_Elche,O3,-1,-0.506548329337013
T1_E1_Alicante,NO2,T2_E1_Elche,O3,0,-0.5622288546428763
T1_E1_Alicante,NO2,T2_E1_Elche,O3,1,-0.5158952613328174
T1_E1_Alicante,NO2,T2_E1_Elche,O3,2,-0.3959673043288296
T1_E1_Alicante,NO2,T2_E1_Elche,O3,3,-0.263289271564304
T1_E1_Alicante,NO2,T2_E1_Elche,O3,4,-0.15834554660152472
T1_E1_Alicante,NO2,T2_E1_Elche,O3,5,-0.0918199700928135
T1_E1_Alicante,NO2,T2_E1_Elche,O3,6,-0.06160605130772738
T1_E1_Alicante,NO2,T2_E1_Elche,O3,7,-0.06144799223498653
T1_E1_Alicante,NO2,T2_E1_Elche,O3,8,-0.08470291226756865
T1_E1_Alicante,NO2,T2_E1_Elche,O3,9,-0.12445344574740669
T1_E1_Alicante,NO2,T2_E1_Elche,O3,10,-0.16861057794273732
T1_E1_Alicante,NO2,T2_E1_Elche,O3,11,-0.20322128192020064
T1_E1_Alicante,NO2,T2_E1_Elche,O3,12,-0.2163456625334413
T1_E1_Alicante,NO2,T2_E1_Elche,O3,13,-0.2025648078992468
T1_E1_Alicante,NO2,T2_E1_Elche,O3,14,-0.16456427641639287
T1_E1_Alicante,NO2,T2_E1_Elche,O3,15,-0.1161306831425615
T1_E1_Alicante,NO2,T2_E1_Elche,O3,16,-0.07364784867235323
T1_E1_Alicante,NO2,T2_E1_Elche,O3,17,-0.04816422202745981
T1_E1_Alicante,NO2,T2_E1_Elche,O3,18,-0.04441258885593122
T1_E1_Alicante,NO2,T2_E1_Elche,O3,19,-0.0661425006582615
T1_E1_Alicante,NO2,T2_E1_Elche,O3,20,-0.11622935157756764
T1_E1_Alicante,NO2,T2_E1_Elche,O3,21,-0.1925796951488051
T1_E1_Alicante,NO2,T2_E1_Elche,O3,22,-0.28390513709734766
T1_E1_Alicante,NO2,T2_E1_Elche,O3,23,-0.36436171939199524
T1_E1_Alicante,NO2,T2_E1_Elche,O3,24,-0.39480421129462506
T1_E1_Alicante,NO2,T2_E1_Elche,O3,25,-0.35372749467669645
T1_E1_Alicante,NO2,T2_E1_Elche,O3,26,-0.2613454503249591
T1_E1_Alicante,NO2,T2_E1_Elche,O3,27,-0.15660791495429813
T1_E1_Alicante,NO2,T2_E1_Elche,O3,28,-0.07128413887554721
T1_E1_Alicante,NO2,T2_E1_Elche,O3,29,-0.01895285824223132
T1_E1_Alicante,NO2,T2_E1_Elche,O3,30,0.0016934879611202466
T1_E1_Alicante,NO2,T2_E1_Elche,O3,31,-0.003754479686674327
T1_E1_Alicante,NO2,T2_E1_Elche,O3,32,-0.027991518038642037
T1_E1_Alicante,NO2,T2_E1_Elche,O3,33,-0.06559520755379084
T1_E1_Alicante,NO2,T2_E1_Elche,O3,34,-0.10815711451058313
T1_E1_Alicante,NO2,T2_E1_Elche,O3,35,-0.14374108811550215
T1_E1_Alicante,NO2,T2_E1_Elche,O3,36,-0.15995815866049837
T1_E1_Alicante,NO2,T2_E1_Elche,O3,37,-0.1509203458589319
T1_E1_Alicante,NO2,T2_E1_Elche,O3,38,-0.11962840188545538
T1_E1_Alicante,NO2,T2_E1_Elche,O3,39,-0.07730518136540919
T1_E1_Alicante,NO2,T2_E1_Elche,O3,40,-0.04047198127949118
T1_E1_Alicante,NO2,T2_E1_Elche,O3,41,-0.019827644995724536
T1_E1_Alicante,NO2,T2_E1_Elche,O3,42,-0.020773777959568075
T1_E1_Alicante,NO2,T2_E1_Elche,O3,43,-0.046264030964909136
T1_E1_Alicante,NO2,T2_E1_Elche,O3,44,-0.09744755767237648
T1_E1_Alicante,NO2,T2_E1_Elche,O3,45,-0.1713931664612149
T1_E1_Alicante,NO2,T2_E1_Elche,O3,46,-0.2573672306472005
T1_E1_Alicante,NO2,T2_E1_Elche,O3,47,-0.33131637994058605
T1_E1_Alicante,NO2,T2_E1_Elche,O3,48,-0.3580197409997508
T1_E1_Alicante,NO2,T2_E1_Elche,O3,49,-0.31943560142431104
T1_E1_Alicante,NO2,T2_E1_Elche,O3,50,-0.23577786682725416
T1_E1_Alicante,NO2,T2_E1_Elche,O3,51,-0.14325942676404224
T1_E1_Alicante,NO2,T2_E1_Elche,O3,52,-0.06692635649400536
T1_E1_Alicante,NO2,T2_E1_Elche,O3,53,-0.020479447266156425
T1_E1_Alicante,NO2,T2_E1_Elche,O3,54,-0.003969115288730045
T1_E1_Alicante,NO2,T2_E1_Elche,O3,55,-0.01154747659911269
T1_E1_Alicante,NO2,T2_E1_Elche,O3,56,-0.03706442239208846
T1_E1_Alicante,NO2,T2_E1_Elche,O3,57,-0.07418978250489255
T1_E1_Alicante,NO2,T2_E1_Elche,O3,58,-0.11536264193757235
T1_E1_Alicante,NO2,T2_E1_Elche,O3,59,-0.1486246187466342
T1_E1_Alicante,NO2,T2_E1_Elche,O3,60,-0.1628025031238588
T1_E1_Alicante,NO2,T2_E1_Elche,O3,61,-0.15218250186925555
T1_E1_Alicante,NO2,T2_E1_Elche,O3,62,-0.12189206972789869
T1_E1_Alicante,NO2,T2_E1_Elche,O3,63,-0.08283382835091917
T1_E1_Alicante,NO2,T2_E1_Elche,O3,64,-0.04936597694369221
T1_E1_Alicante,NO2,T2_E1_Elche,O3,65,-0.03160311817951444
T1_E1_Alicante,NO2,T2_E1_Elche,O3,66,-0.03429445095687464
T1_E1_Alicante,NO2,T2_E1_Elche,O3,67,-0.05953794720740204
T1_E1_Alicante,NO2,T2_E1_Elche,O3,68,-0.10721611965424636
T1_E1_Alicante,NO2,T2_E1_Elche,O3,69,-0.1747987111640316
T1_E1_Alicante,NO2,T2_E1_Elche,O3,70,-0.2540013467104318
T1_E1_Alicante,NO2,T2_E1_Elche,O3,71,-0.3227332110743029
T1_E1_Alicante,NO2,T2_E1_Elche,O3,72,-0.3465070435606426
T1_E1_Alicante,NO2,T2_E2_Elda,NO,-72,0.1372361860734929
T1_E1_Alicante,NO2,T2_E2_Elda,NO,-71,0.16541400533564704
T1_E1_Alicante,NO2,T2_E2_Elda,NO,-70,0.13985423559272284
T1_E1_Alicante,NO2,T2_E2_Elda,NO,-69,0.07780869396861906
T1_E1_Alicante,NO2,T2_E2_Elda,NO,-68,0.019861291484257967
T1_E1_Alicante,NO2,T2_E2_Elda,NO,-67,-0.016435080798786746
T1_E1_Alicante,NO2,T2_E2_Elda,NO,-66,-0.030924473798797415
T1_E1_Alicante,NO2,T2_E2_Elda,NO,-65,-0.029413432301808935
T1_E1_Alicante,NO2,T2_E2_Elda,NO,-64,-0.012930287428487112
T1_E1_Alicante,NO2,T2_E2_Elda,NO,-63,0.017028361927265367
T1_E1_Alicante,NO2,T2_E2_Elda,NO,-62,0.05683436599524463
T1_E1_Alicante,NO2,T2_E2_Elda,NO,-61,0.1016300220894625
T1_E1_Alicante,NO2,T2_E2_Elda,NO,-60,0.14513165816663162
T1_E1_Alicante,NO2,T2_E2_Elda,NO,-59,0.16357006840581112
T1_E1_Alicante,NO2,T2_E2_Elda,NO,-58,0.1482457959885083
T1_E1_Alicante,NO2,T2_E2_Elda,NO,-57,0.10340545743111136
T1_E1_Alicante,NO2,T2_E2_Elda,NO,-56,0.04655322001665753
T1_E1_Alicante,NO2,T2_E2_Elda,NO,-55,0.0013621638723127316
T1_E1_Alicante,NO2,T2_E2_Elda,NO,-54,-0.024880743920585438
T1_E1_Alicante,NO2,T2_E2_Elda,NO,-53,-0.03489181908930972
T1_E1_Alicante,NO2,T2_E2_Elda,NO,-52,-0.02976437647757456
T1_E1_Alicante,NO2,T2_E2_Elda,NO,-51,-0.0067847011819092825
T1_E1_Alicante,NO2,T2_E2_Elda,NO,-50,0.03431798750506892
T1_E1_Alicante,NO2,T2_E2_Elda,NO,-49,0.09628989986607726
T1_E1_Alicante,NO2,T2_E2_Elda,NO,-48,0.15968069163713114
T1_E1_Alicante,NO2,T2_E2_Elda,NO,-47,0.18305697222390266
T1_E1_Alicante,NO2,T2_E2_Elda,NO,-46,0.15289479426078897
T1_E1_Alicante,NO2,T2_E2_Elda,NO,-45,0.09573256813653688
T1_E1_Alicante,NO2,T2_E2_Elda,NO,-44,0.04214037616799645
T1_E1_Alicante,NO2,T2_E2_Elda,NO,-43,0.008750014807697513
T1_E1_Alicante,NO2,T2_E2_Elda,NO,-42,-0.004305262012065753
T1_E1_Alicante,NO2,T2_E2_Elda,NO,-41,-0.0013224239204624555
T1_E1_Alicante,NO2,T2_E2_Elda,NO,-40,0.013879104632879133
T1_E1_Alicante,NO2,T2_E2_Elda,NO,-39,0.03898196320191968
T1_E1_Alicante,NO2,T2_E2_Elda,NO,-38,0.07511523822220817
T1_E1_Alicante,NO2,T2_E2_Elda,NO,-37,0.11807963358178936
T1_E1_Alicante,NO2,T2_E2_Elda,NO,-36,0.15760179971853688
T1_E1_Alicante,NO2,T2_E2_Elda,NO,-35,0.17560732671339507
T1_E1_Alicante,NO2,T2_E2_Elda,NO,-34,0.16088850155549098
T1_E1_Alicante,NO2,T2_E2_Elda,NO,-33,0.11653815491759244
T1_E1_Alicante,NO2,T2_E2_Elda,NO,-32,0.06366870589431627
T1_E1_Alicante,NO2,T2_E2_Elda,NO,-31,0.02170112232150834
T1_E1_Alicante,NO2,T2_E2_Elda,NO,-30,-0.005129215783707388
T1_E1_Alicante,NO2,T2_E2_Elda,NO,-29,-0.01610091874946949
T1_E1_Alicante,NO2,T2_E2_Elda,NO,-28,-0.008986759878254293
T1_E1_Alicante,NO2,T2_E2_Elda,NO,-27,0.01687112385524659
T1_E1_Alicante,NO2,T2_E2_Elda,NO,-26,0.06752491427698226
T1_E1_Alicante,NO2,T2_E2_Elda,NO,-25,0.14276077477049762
T1_E1_Alicante,NO2,T2_E2_Elda,NO,-24,0.21934155446402406
T1_E1_Alicante,NO2,T2_E2_Elda,NO,-23,0.2522219514377493
T1_E1_Alicante,NO2,T2_E2_Elda,NO,-22,0.21934392719066864
T1_E1_Alicante,NO2,T2_E2_Elda,NO,-21,0.14306527026062596
T1_E1_Alicante,NO2,T2_E2_Elda,NO,-20,0.0674195696699218
T1_E1_Alicante,NO2,T2_E2_Elda,NO,-19,0.02028101776019313
T1_E1_Alicante,NO2,T2_E2_Elda,NO,-18,0.001219918930891746
T1_E1_Alicante,NO2,T2_E2_Elda,NO,-17,0.005325781419633116
T1_E1_Alicante,NO2,T2_E2_Elda,NO,-16,0.02478489117705357
T1_E1_Alicante,NO2,T2_E2_Elda,NO,-15,0.055323601755739645
T1_E1_Alicante,NO2,T2_E2_Elda,NO,-14,0.09796775509711153
T1_E1_Alicante,NO2,T2_E2_Elda,NO,-13,0.14936516415107431
T1_E1_Alicante,NO2,T2_E2_Elda,NO,-12,0.1988360468538937
T1_E1_Alicante,NO2,T2_E2_Elda,NO,-11,0.22686818014792628
T1_E1_Alicante,NO2,T2_E2_Elda,NO,-10,0.21410892214567662
T1_E1_Alicante,NO2,T2_E2_Elda,NO,-9,0.16223091374367887
T1_E1_Alicante,NO2,T2_E2_Elda,NO,-8,0.09852419539761646
T1_E1_Alicante,NO2,T2_E2_Elda,NO,-7,0.04882999810119788
T1_E1_Alicante,NO2,T2_E2_Elda,NO,-6,0.020219703016054684
T1_E1_Alicante,NO2,T2_E2_Elda,NO,-5,0.010735485590708608
T1_E1_Alicante,NO2,T2_E2_Elda,NO,-4,0.023324458814329062
T1_E1_Alicante,NO2,T2_E2_Elda,NO,-3,0.06061951938454397
T1_E1_Alicante,NO2,T2_E2_Elda,NO,-2,0.12336339444196981
T1_E1_Alicante,NO2,T2_E2_Elda,NO,-1,0.2148406964972846
T1_E1_Alicante,NO2,T2_E2_Elda,NO,0,0.3024055307821513
T1_E1_Alicante,NO2,T2_E2_Elda,NO,1,0.335807315217836
T1_E1_Alicante,NO2,T2_E2_Elda,NO,2,0.28434717737841625
T1_E1_Alicante,NO2,T2_E2_Elda,NO,3,0.18795869720222097
T1_E1_Alicante,NO2,T2_E2_Elda,NO,4,0.09576546781795262
T1_E1_Alicante,NO2,T2_E2_Elda,NO,5,0.032812590359587425
T1_E1_Alicante,NO2,T2_E2_Elda,NO,6,0.002632345058223765
T1_E1_Alicante,NO2,T2_E2_Elda,NO,7,-0.002320756582402306
T1_E1_Alicante,NO2,T2_E2_Elda,NO,8,0.010506805005273517
T1_E1_Alicante,NO2,T2_E2_Elda,NO,9,0.037497580941294135
T1_E1_Alicante,NO2,T2_E2_Elda,NO,10,0.08155440522770667
T1_E1_Alicante,NO2,T2_E2_Elda,NO,11,0.1345120212567361
T1_E1_Alicante,NO2,T2_E2_Elda,NO,12,0.18068866702763575
T1_E1_Alicante,NO2,T2_E2_Elda,NO,13,0.20422049859537775
T1_E1_Alicante,NO2,T2_E2_Elda,NO,14,0.1866000225176498
T1_E1_Alicante,NO2,T2_E2_Elda,NO,15,0.13499243550843504
T1_E1_Alicante,NO2,T2_E2_Elda,NO,16,0.07254993931644084
T1_E1_Alicante,NO2,T2_E2_Elda,NO,17,0.0207910157088772
T1_E1_Alicante,NO2,T2_E2_Elda,NO,18,-0.014731334679876465
T1_E1_Alicante,NO2,T2_E2_Elda,NO,19,-0.030387112856163367
T1_E1_Alicante,NO2,T2_E2_Elda,NO,20,-0.02824402091765795
T1_E1_Alicante,NO2,T2_E2_Elda,NO,21,-0.0065863130917360796
T1_E1_Alicante,NO2,T2_E2_Elda,NO,22,0.040572385531304433
T1_E1_Alicante,NO2,T2_E2_Elda,NO,23,0.1121016453810791
T1_E1_Alicante,NO2,T2_E2_Elda,NO,24,0.1888413602854692
T1_E1_Alicante,NO2,T2_E2_Elda,NO,25,0.22102014189932184
T1_E1_Alicante,NO2,T2_E2_Elda,NO,26,0.1842850103075055
T1_E1_Alicante,NO2,T2_E2_Elda,NO,27,0.11014490941904266
T1_E1_Alicante,NO2,T2_E2_Elda,NO,28,0.03862292472758759
T1_E1_Alicante,NO2,T2_E2_Elda,NO,29,-0.012114785482215708
T1_E1_Alicante,NO2,T2_E2_Elda,NO,30,-0.03686233168337129
T1_E1_Alicante,NO2,T2_E2_Elda,NO,31,-0.037860643241447486
T1_E1_Alicante,NO2,T2_E2_Elda,NO,32,-0.02343889909135707
T1_E1_Alicante,NO2,T2_E2_Elda,NO,33,0.006712169606913309
T1_E1_Alicante,NO2,T2_E2_Elda,NO,34,0.04955190922911251
T1_E1_Alicante,NO2,T2_E2_Elda,NO,35,0.09692739868084571
T1_E1_Alicante,NO2,T2_E2_Elda,NO,36,0.1393632856751637
T1_E1_Alicante,NO2,T2_E2_Elda,NO,37,0.1608440978283487
T1_E1_Alicante,NO2,T2_E2_Elda,NO,38,0.14565395864326708
T1_E1_Alicante,NO2,T2_E2_Elda,NO,39,0.09963890236307964
T1_E1_Alicante,NO2,T2_E2_Elda,NO,40,0.04041134637152148
T1_E1_Alicante,NO2,T2_E2_Elda,NO,41,-0.008759913486242546
T1_E1_Alicante,NO2,T2_E2_Elda,NO,42,-0.036790331363749054
T1_E1_Alicante,NO2,T2_E2_Elda,NO,43,-0.047144310223697576
T1_E1_Alicante,NO2,T2_E2_Elda,NO,44,-0.04206886238075952
T1_E1_Alicante,NO2,T2_E2_Elda,NO,45,-0.023275178995568906
T1_E1_Alicante,NO2,T2_E2_Elda,NO,46,0.016361515044843022
T1_E1_Alicante,NO2,T2_E2_Elda,NO,47,0.08048509032169365
T1_E1_Alicante,NO2,T2_E2_Elda,NO,48,0.14195137639663363
T1_E1_Alicante,NO2,T2_E2_Elda,NO,49,0.1644680869098208
T1_E1_Alicante,NO2,T2_E2_Elda,NO,50,0.13201934029824064
T1_E1_Alicante,NO2,T2_E2_Elda,NO,51,0.06750976991553465
T1_E1_Alicante,NO2,T2_E2_Elda,NO,52,0.008414140949923068
T1_E1_Alicante,NO2,T2_E2_Elda,NO,53,-0.03158866217663437
T1_E1_Alicante,NO2,T2_E2_Elda,NO,54,-0.04716852746848878
T1_E1_Alicante,NO2,T2_E2_Elda,NO,55,-0.044974636436798575
T1_E1_Alicante,NO2,T2_E2_Elda,NO,56,-0.030008292525471218
T1_E1_Alicante,NO2,T2_E2_Elda,NO,57,-0.004975109637798078
T1_E1_Alicante,NO2,T2_E2_Elda,NO,58,0.030344997715251436
T1_E1_Alicante,NO2,T2_E2_Elda,NO,59,0.07263844162476682
T1_E1_Alicante,NO2,T2_E2_Elda,NO,60,0.11922040803781857
T1_E1_Alicante,NO2,T2_E2_Elda,NO,61,0.14804346731504597
T1_E1_Alicante,NO2,T2_E2_Elda,NO,62,0.13321817444689515
T1_E1_Alicante,NO2,T2_E2_Elda,NO,63,0.08203917267768068
T1_E1_Alicante,NO2,T2_E2_Elda,NO,64,0.026517202346931938
T1_E1_Alicante,NO2,T2_E2_Elda,NO,65,-0.01676598830849377
T1_E1_Alicante,NO2,T2_E2_Elda,NO,66,-0.04238227291375491
T1_E1_Alicante,NO2,T2_E2_Elda,NO,67,-0.05348288813965723
T1_E1_Alicante,NO2,T2_E2_Elda,NO,68,-0.05075146158906982
T1_E1_Alicante,NO2,T2_E2_Elda,NO,69,-0.032594314099992805
T1_E1_Alicante,NO2,T2_E2_Elda,NO,70,0.0010531568911426776
T1_E1_Alicante,NO2,T2_E2_Elda,NO,71,0.055092760399879204
T1_E1_Alicante,NO2,T2_E2_Elda,NO,72,0.11609554880032372
T1_E1_Alicante,NO2,T2_E2_Elda,NO2,-72,0.2518198200866479
T1_E1_Alicante,NO2,T2_E2_Elda,NO2,-71,0.24639330113561705
T1_E1_Alicante,NO2,T2_E2_Elda,NO2,-70,0.17966453048877892
T1_E1_Alicante,NO2,T2_E2_Elda,NO2,-69,0.08630418680811892
T1_E1_Alicante,NO2,T2_E2_Elda,NO2,-68,0.0033940752796253245
T1_E1_Alicante,NO2,T2_E2_Elda,NO2,-67,-0.04932176333406911
T1_E1_Alicante,NO2,T2_E2_Elda,NO2,-66,-0.07125620442713285
T1_E1_Alicante,NO2,T2_E2_Elda,NO2,-65,-0.06631681333366582
T1_E1_Alicante,NO2,T2_E2_Elda,NO2,-64,-0.03795171727439509
T1_E1_Alicante,NO2,T2_E2_Elda,NO2,-63,0.008190784435596763
T1_E1_Alicante,NO2,T2_E2_Elda,NO2,-62,0.0645579509216903
T1_E1_Alicante,NO2,T2_E2_Elda,NO2,-61,0.11621450443005352
T1_E1_Alicante,NO2,T2_E2_Elda,NO2,-60,0.15213726202882352
T1_E1_Alicante,NO2,T2_E2_Elda,NO2,-59,0.15840833924260037
T1_E1_Alicante,NO2,T2_E2_Elda,NO2,-58,0.12772887993313944
T1_E1_Alicante,NO2,T2_E2_Elda,NO2,-57,0.07286323161889363
T1_E1_Alicante,NO2,T2_E2_Elda,NO2,-56,0.015003893838691907
T1_E1_Alicante,NO2,T2_E2_Elda,NO2,-55,-0.030834614268202613
T1_E1_Alicante,NO2,T2_E2_Elda,NO2,-54,-0.054747316195368885
T1_E1_Alicante,NO2,T2_E2_Elda,NO2,-53,-0.052160235646302844
T1_E1_Alicante,NO2,T2_E2_Elda,NO2,-52,-0.022621315345387222
T1_E1_Alicante,NO2,T2_E2_Elda,NO2,-51,0.037115464339613054
T1_E1_Alicante,NO2,T2_E2_Elda,NO2,-50,0.12424436284265493
T1_E1_Alicante,NO2,T2_E2_Elda,NO2,-49,0.2202975676455094
T1_E1_Alicante,NO2,T2_E2_Elda,NO2,-48,0.28007967986035054
T1_E1_Alicante,NO2,T2_E2_Elda,NO2,-47,0.27004057533556636
T1_E1_Alicante,NO2,T2_E2_Elda,NO2,-46,0.19338305966815938
T1_E1_Alicante,NO2,T2_E2_Elda,NO2,-45,0.09667219766288183
T1_E1_Alicante,NO2,T2_E2_Elda,NO2,-44,0.015025933569900382
T1_E1_Alicante,NO2,T2_E2_Elda,NO2,-43,-0.0376754424940582
T1_E1_Alicante,NO2,T2_E2_Elda,NO2,-42,-0.06021163331987404
T1_E1_Alicante,NO2,T2_E2_Elda,NO2,-41,-0.055521100695042166
T1_E1_Alicante,NO2,T2_E2_Elda,NO2,-40,-0.0242107208922807
T1_E1_Alicante,NO2,T2_E2_Elda,NO2,-39,0.025405509235884225
T1_E1_Alicante,NO2,T2_E2_Elda,NO2,-38,0.0868991749766914
T1_E1_Alicante,NO2,T2_E2_Elda,NO2,-37,0.1431241367847247
T1_E1_Alicante,NO2,T2_E2_Elda,NO2,-36,0.1775429799957419
T1_E1_Alicante,NO2,T2_E2_Elda,NO2,-35,0.1771534969332547
T1_E1_Alicante,NO2,T2_E2_Elda,NO2,-34,0.14106738061562
T1_E1_Alicante,NO2,T2_E2_Elda,NO2,-33,0.08559297569041563
T1_E1_Alicante,NO2,T2_E2_Elda,NO2,-32,0.027698509147262466
T1_E1_Alicante,NO2,T2_E2_Elda,NO2,-31,-0.016404671401099566
T1_E1_Alicante,NO2,T2_E2_Elda,NO2,-30,-0.03628841252770831
T1_E1_Alicante,NO2,T2_E2_Elda,NO2,-29,-0.027308718293588552
T1_E1_Alicante,NO2,T2_E2_Elda,NO2,-28,0.012547984163201643
T1_E1_Alicante,NO2,T2_E2_Elda,NO2,-27,0.08839129093123872
T1_E1_Alicante,NO2,T2_E2_Elda,NO2,-26,0.19626393528860825
T1_E1_Alicante,NO2,T2_E2_Elda,NO2,-25,0.3125437303013025
T1_E1_Alicante,NO2,T2_E2_Elda,NO2,-24,0.3853086346533917
T1_E1_Alicante,NO2,T2_E2_Elda,NO2,-23,0.37497188980666174
T1_E1_Alicante,NO2,T2_E2_Elda,NO2,-22,0.29072204381203387
T1_E1_Alicante,NO2,T2_E2_Elda,NO2,-21,0.17820600685716523
T1_E1_Alicante,NO2,T2_E2_Elda,NO2,-20,0.07879077326209485
T1_E1_Alicante,NO2,T2_E2_Elda,NO2,-19,0.01395378391568235
T1_E1_Alicante,NO2,T2_E2_Elda,NO2,-18,-0.013052673260472616
T1_E1_Alicante,NO2,T2_E2_Elda,NO2,-17,-0.004435932856624279
T1_E1_Alicante,NO2,T2_E2_Elda,NO2,-16,0.034621909578638824
T1_E1_Alicante,NO2,T2_E2_Elda,NO2,-15,0.09630930674179712
T1_E1_Alicante,NO2,T2_E2_Elda,NO2,-14,0.16833906533428056
T1_E1_Alicante,NO2,T2_E2_Elda,NO2,-13,0.2362883619368829
T1_E1_Alicante,NO2,T2_E2_Elda,NO2,-12,0.27989735825408796
T1_E1_Alicante,NO2,T2_E2_Elda,NO2,-11,0.28353894713072386
T1_E1_Alicante,NO2,T2_E2_Elda,NO2,-10,0.24420187795927573
T1_E1_Alicante,NO2,T2_E2_Elda,NO2,-9,0.17866540853646137
T1_E1_Alicante,NO2,T2_E2_Elda,NO2,-8,0.11303560410932274
T1_E1_Alicante,NO2,T2_E2_Elda,NO2,-7,0.0633927762101591
T1_E1_Alicante,NO2,T2_E2_Elda,NO2,-6,0.044460318990504274
T1_E1_Alicante,NO2,T2_E2_Elda,NO2,-5,0.061825402378266524
T1_E1_Alicante,NO2,T2_E2_Elda,NO2,-4,0.11975584713481764
T1_E1_Alicante,NO2,T2_E2_Elda,NO2,-3,0.2194355820093215
T1_E1_Alicante,NO2,T2_E2_Elda,NO2,-2,0.3533548320190654
T1_E1_Alicante,NO2,T2_E2_Elda,NO2,-1,0.4954929871558996
T1_E1_Alicante,NO2,T2_E2_Elda,NO2,0,0.5824304604452749
T1_E1_Alicante,NO2,T2_E2_Elda,NO2,1,0.5644108816084701
T1_E1_Alicante,NO2,T2_E2_Elda,NO2,2,0.4495325688534457
T1_E1_Alicante,NO2,T2_E2_Elda,NO2,3,0.298154807999183
T1_E1_Alicante,NO2,T2_E2_Elda,NO2,4,0.16302417009476633
T1_E1_Alicante,NO2,T2_E2_Elda,NO2,5,0.07070685194809195
T1_E1_Alicante,NO2,T2_E2_Elda,NO2,6,0.024681368265016525
T1_E1_Alicante,NO2,T2_E2_Elda,NO2,7,0.0213174077619633
T1_E1_Alicante,NO2,T2_E2_Elda,NO2,8,0.05210406392279776
T1_E1_Alicante,NO2,T2_E2_Elda,NO2,9,0.10522376220466911
T1_E1_Alicante,NO2,T2_E2_Elda,NO2,10,0.1709963851672409
T1_E1_Alicante,NO2,T2_E2_Elda,NO2,11,0.23373617535412491
T1_E1_Alicante,NO2,T2_E2_Elda,NO2,12,0.27002214919149675
T1_E1_Alicante,NO2,T2_E2_Elda,NO2,13,0.26459619523479866
T1_E1_Alicante,NO2,T2_E2_Elda,NO2,14,0.21838841997871314
T1_E1_Alicante,NO2,T2_E2_Elda,NO2,15,0.1482917754646835
T1_E1_Alicante,NO2,T2_E2_Elda,NO2,16,0.076346138575679
T1_E1_Alicante,NO2,T2_E2_Elda,NO2,17,0.021385710294441362
T1_E1_Alicante,NO2,T2_E2_Elda,NO2,18,-0.0072694596665975756
T1_E1_Alicante,NO2,T2_E2_Elda,NO2,19,-0.0056121063475681994
T1_E1_Alicante,NO2,T2_E2_Elda,NO2,20,0.030970677953187906
T1_E1_Alicante,NO2,T2_E2_Elda,NO2,21,0.10206517940350232
T1_E1_Alicante,NO2,T2_E2_Elda,NO2,22,0.20371518637535774
T1_E1_Alicante,NO2,T2_E2_Elda,NO2,23,0.3135326271824121
T1_E1_Alicante,NO2,T2_E2_Elda,NO2,24,0.38329849358133866
T1_E1_Alicante,NO2,T2_E2_Elda,NO2,25,0.36790472415415076
T1_E1_Alicante,NO2,T2_E2_Elda,NO2,26,0.27608329352861843
T1_E1_Alicante,NO2,T2_E2_Elda,NO2,27,0.15611055556528786
T1_E1_Alicante,NO2,T2_E2_Elda,NO2,28,0.05123710243512013
T1_E1_Alicante,NO2,T2_E2_Elda,NO2,29,-0.019671294600214412
T1_E1_Alicante,NO2,T2_E2_Elda,NO2,30,-0.05380956262271765
T1_E1_Alicante,NO2,T2_E2_Elda,NO2,31,-0.0545522546985486
T1_E1_Alicante,NO2,T2_E2_Elda,NO2,32,-0.027194021425429673
T1_E1_Alicante,NO2,T2_E2_Elda,NO2,33,0.021640131273188874
T1_E1_Alicante,NO2,T2_E2_Elda,NO2,34,0.08163769422211274
T1_E1_Alicante,NO2,T2_E2_Elda,NO2,35,0.1366414802554526
T1_E1_Alicante,NO2,T2_E2_Elda,NO2,36,0.17187057516572948
T1_E1_Alicante,NO2,T2_E2_Elda,NO2,37,0.17062025910440567
T1_E1_Alicante,NO2,T2_E2_Elda,NO2,38,0.13287897683601685
T1_E1_Alicante,NO2,T2_E2_Elda,NO2,39,0.07457439169740873
T1_E1_Alicante,NO2,T2_E2_Elda,NO2,40,0.013569301570587453
T1_E1_Alicante,NO2,T2_E2_Elda,NO2,41,-0.03532267914041973
T1_E1_Alicante,NO2,T2_E2_Elda,NO2,42,-0.06013941323300686
T1_E1_Alicante,NO2,T2_E2_Elda,NO2,43,-0.055085709312999456
T1_E1_Alicante,NO2,T2_E2_Elda,NO2,44,-0.022478895164112986
T1_E1_Alicante,NO2,T2_E2_Elda,NO2,45,0.03934505948733338
T1_E1_Alicante,NO2,T2_E2_Elda,NO2,46,0.12816860196630953
T1_E1_Alicante,NO2,T2_E2_Elda,NO2,47,0.22564320331089813
T1_E1_Alicante,NO2,T2_E2_Elda,NO2,48,0.288052893886251
T1_E1_Alicante,NO2,T2_E2_Elda,NO2,49,0.28069651138065294
T1_E1_Alicante,NO2,T2_E2_Elda,NO2,50,0.20685189672223267
T1_E1_Alicante,NO2,T2_E2_Elda,NO2,51,0.10343448678478347
T1_E1_Alicante,NO2,T2_E2_Elda,NO2,52,0.013845934276433748
T1_E1_Alicante,NO2,T2_E2_Elda,NO2,53,-0.0460918167832635
T1_E1_Alicante,NO2,T2_E2_Elda,NO2,54,-0.07320715468738367
T1_E1_Alicante,NO2,T2_E2_Elda,NO2,55,-0.07086261534357587
T1_E1_Alicante,NO2,T2_E2_Elda,NO2,56,-0.04178427065120188
T1_E1_Alicante,NO2,T2_E2_Elda,NO2,57,0.0050790237708468935
T1_E1_Alicante,NO2,T2_E2_Elda,NO2,58,0.06437000480357619
T1_E1_Alicante,NO2,T2_E2_Elda,NO2,59,0.12088396043417449
T1_E1_Alicante,NO2,T2_E2_Elda,NO2,60,0.15788285983112124
T1_E1_Alicante,NO2,T2_E2_Elda,NO2,61,0.1610123819461448
T1_E1_Alicante,NO2,T2_E2_Elda,NO2,62,0.12498713109176568
T1_E1_Alicante,NO2,T2_E2_Elda,NO2,63,0.0648453885828702
T1_E1_Alicante,NO2,T2_E2_Elda,NO2,64,0.0038135717624853604
T1_E1_Alicante,NO2,T2_E2_Elda,NO2,65,-0.04157894358946749
T1_E1_Alicante,NO2,T2_E2_Elda,NO2,66,-0.06352995422997748
T1_E1_Alicante,NO2,T2_E2_Elda,NO2,67,-0.060829256973608525
T1_E1_Alicante,NO2,T2_E2_Elda,NO2,68,-0.030755620908311725
T1_E1_Alicante,NO2,T2_E2_Elda,NO2,69,0.027591430357833287
T1_E1_Alicante,NO2,T2_E2_Elda,NO2,70,0.10794596632377938
T1_E1_Alicante,NO2,T2_E2_Elda,NO2,71,0.19427871684175502
T1_E1_Alicante,NO2,T2_E2_Elda,NO2,72,0.24943837585131717
T1_E1_Alicante,NO2,T2_E2_Elda,O3,-72,-0.2546122745944267
T1_E1_Alicante,NO2,T2_E2_Elda,O3,-71,-0.22677856871518182
T1_E1_Alicante,NO2,T2_E2_Elda,O3,-70,-0.17290530476914756
T1_E1_Alicante,NO2,T2_E2_Elda,O3,-69,-0.11491666992900022
T1_E1_Alicante,NO2,T2_E2_Elda,O3,-68,-0.06586131653420307
T1_E1_Alicante,NO2,T2_E2_Elda,O3,-67,-0.029920138651709758
T1_E1_Alicante,NO2,T2_E2_Elda,O3,-66,-0.006912458624054821
T1_E1_Alicante,NO2,T2_E2_Elda,O3,-65,0.0036147098389957308
T1_E1_Alicante,NO2,T2_E2_Elda,O3,-64,0.0021889406666318546
T1_E1_Alicante,NO2,T2_E2_Elda,O3,-63,-0.009119994381564137
T1_E1_Alicante,NO2,T2_E2_Elda,O3,-62,-0.027289082899450073
T1_E1_Alicante,NO2,T2_E2_Elda,O3,-61,-0.04751090039998959
T1_E1_Alicante,NO2,T2_E2_Elda,O3,-60,-0.06463891209465916
T1_E1_Alicante,NO2,T2_E2_Elda,O3,-59,-0.0754886535110873
T1_E1_Alicante,NO2,T2_E2_Elda,O3,-58,-0.07821951624592097
T1_E1_Alicante,NO2,T2_E2_Elda,O3,-57,-0.07494729575434962
T1_E1_Alicante,NO2,T2_E2_Elda,O3,-56,-0.07088195218535631
T1_E1_Alicante,NO2,T2_E2_Elda,O3,-55,-0.06997951486360125
T1_E1_Alicante,NO2,T2_E2_Elda,O3,-54,-0.07640793924380157
T1_E1_Alicante,NO2,T2_E2_Elda,O3,-53,-0.09398439649025749
T1_E1_Alicante,NO2,T2_E2_Elda,O3,-52,-0.1254462557842707
T1_E1_Alicante,NO2,T2_E2_Elda,O3,-51,-0.1695190727050611
T1_E1_Alicante,NO2,T2_E2_Elda,O3,-50,-0.21899116970335897
T1_E1_Alicante,NO2,T2_E2_Elda,O3,-49,-0.2590187228710914
T1_E1_Alicante,NO2,T2_E2_Elda,O3,-48,-0.26757960769339334
T1_E1_Alicante,NO2,T2_E2_Elda,O3,-47,-0.23618769469135747
T1_E1_Alicante,NO2,T2_E2_Elda,O3,-46,-0.17889911097953728
T1_E1_Alicante,NO2,T2_E2_Elda,O3,-45,-0.11888941959395807
T1_E1_Alicante,NO2,T2_E2_Elda,O3,-44,-0.06917824108471525
T1_E1_Alicante,NO2,T2_E2_Elda,O3,-43,-0.03341754662274745
T1_E1_Alicante,NO2,T2_E2_Elda,O3,-42,-0.009697658829231206
T1_E1_Alicante,NO2,T2_E2_Elda,O3,-41,0.0015736434312431844
T1_E1_Alicante,NO2,T2_E2_Elda,O3,-40,0.0006874951789686504
T1_E1_Alicante,NO2,T2_E2_Elda,O3,-39,-0.01126722180439494
T1_E1_Alicante,NO2,T2_E2_Elda,O3,-38,-0.031049127925176886
T1_E1_Alicante,NO2,T2_E2_Elda,O3,-37,-0.05223798097752547
T1_E1_Alicante,NO2,T2_E2_Elda,O3,-36,-0.06883385724828843
T1_E1_Alicante,NO2,T2_E2_Elda,O3,-35,-0.0775116664830609
T1_E1_Alicante,NO2,T2_E2_Elda,O3,-34,-0.07832256345978635
T1_E1_Alicante,NO2,T2_E2_Elda,O3,-33,-0.07431762134436282
T1_E1_Alicante,NO2,T2_E2_Elda,O3,-32,-0.07018099051731617
T1_E1_Alicante,NO2,T2_E2_Elda,O3,-31,-0.06881972640520394
T1_E1_Alicante,NO2,T2_E2_Elda,O3,-30,-0.07529629298867238
T1_E1_Alicante,NO2,T2_E2_Elda,O3,-29,-0.09453157043537633
T1_E1_Alicante,NO2,T2_E2_Elda,O3,-28,-0.12905929574962652
T1_E1_Alicante,NO2,T2_E2_Elda,O3,-27,-0.1781693817733157
T1_E1_Alicante,NO2,T2_E2_Elda,O3,-26,-0.2353163300147602
T1_E1_Alicante,NO2,T2_E2_Elda,O3,-25,-0.28426569032714455
T1_E1_Alicante,NO2,T2_E2_Elda,O3,-24,-0.2990486465909502
T1_E1_Alicante,NO2,T2_E2_Elda,O3,-23,-0.26792387431618286
T1_E1_Alicante,NO2,T2_E2_Elda,O3,-22,-0.20684775773811404
T1_E1_Alicante,NO2,T2_E2_Elda,O3,-21,-0.14186254228220724
T1_E1_Alicante,NO2,T2_E2_Elda,O3,-20,-0.08699544564607815
T1_E1_Alicante,NO2,T2_E2_Elda,O3,-19,-0.04607970764278096
T1_E1_Alicante,NO2,T2_E2_Elda,O3,-18,-0.019321781219664876
T1_E1_Alicante,NO2,T2_E2_Elda,O3,-17,-0.007602977820604266
T1_E1_Alicante,NO2,T2_E2_Elda,O3,-16,-0.010588893339441597
T1_E1_Alicante,NO2,T2_E2_Elda,O3,-15,-0.02531982148314758
T1_E1_Alicante,NO2,T2_E2_Elda,O3,-14,-0.04883830253988954
T1_E1_Alicante,NO2,T2_E2_Elda,O3,-13,-0.07483147734258981
T1_E1_Alicante,NO2,T2_E2_Elda,O3,-12,-0.09496653233839518
T1_E1_Alicante,NO2,T2_E2_Elda,O3,-11,-0.10647487627359105
T1_E1_Alicante,NO2,T2_E2_Elda,O3,-10,-0.10882789898581059
T1_E1_Alicante,NO2,T2_E2_Elda,O3,-9,-0.10473091628339026
T1_E1_Alicante,NO2,T2_E2_Elda,O3,-8,-0.09879248088280809
T1_E1_Alicante,NO2,T2_E2_Elda,O3,-7,-0.09676874318429442
T1_E1_Alicante,NO2,T2_E2_Elda,O3,-6,-0.1037469161995065
T1_E1_Alicante,NO2,T2_E2_Elda,O3,-5,-0.12403250977105121
T1_E1_Alicante,NO2,T2_E2_Elda,O3,-4,-0.1609589023759198
T1_E1_Alicante,NO2,T2_E2_Elda,O3,-3,-0.2145964337293541
T1_E1_Alicante,NO2,T2_E2_Elda,O3,-2,-0.2789586803507236
T1_E1_Alicante,NO2,T2_E2_Elda,O3,-1,-0.3362918944405319
T1_E1_Alicante,NO2,T2_E2_Elda,O3,0,-0.3540977615838852
T1_E1_Alicante,NO2,T2_E2_Elda,O3,1,-0.3166903507934756
T1_E1_Alicante,NO2,T2_E2_Elda,O3,2,-0.24276791276208903
T1_E1_Alicante,NO2,T2_E2_Elda,O3,3,-0.1627132993476147
T1_E1_Alicante,NO2,T2_E2_Elda,O3,4,-0.09442926936875921
T1_E1_Alicante,NO2,T2_E2_Elda,O3,5,-0.04362590438035159
T1_E1_Alicante,NO2,T2_E2_Elda,O3,6,-0.010387550940710078
T1_E1_Alicante,NO2,T2_E2_Elda,O3,7,0.005506823992758414
T1_E1_Alicante,NO2,T2_E2_Elda,O3,8,0.005030335993941084
T1_E1_Alicante,NO2,T2_E2_Elda,O3,9,-0.007772111392760177
T1_E1_Alicante,NO2,T2_E2_Elda,O3,10,-0.02813868089083318
T1_E1_Alicante,NO2,T2_E2_Elda,O3,11,-0.04935294909094882
T1_E1_Alicante,NO2,T2_E2_Elda,O3,12,-0.06596427879233524
T1_E1_Alicante,NO2,T2_E2_Elda,O3,13,-0.07442457540548442
T1_E1_Alicante,NO2,T2_E2_Elda,O3,14,-0.07390533603684996
T1_E1_Alicante,NO2,T2_E2_Elda,O3,15,-0.06728319005897113
T1_E1_Alicante,NO2,T2_E2_Elda,O3,16,-0.058689051426599206
T1_E1_Alicante,NO2,T2_E2_Elda,O3,17,-0.053820969481339555
T1_E1_Alicante,NO2,T2_E2_Elda,O3,18,-0.058036146698539855
T1_E1_Alicante,NO2,T2_E2_Elda,O3,19,-0.0753357566816439
T1_E1_Alicante,NO2,T2_E2_Elda,O3,20,-0.10783510319840796
T1_E1_Alicante,NO2,T2_E2_Elda,O3,21,-0.15529554088434258
T1_E1_Alicante,NO2,T2_E2_Elda,O3,22,-0.21062039332975058
T1_E1_Alicante,NO2,T2_E2_Elda,O3,23,-0.2556763377074886
T1_E1_Alicante,NO2,T2_E2_Elda,O3,24,-0.2661590291316208
T1_E1_Alicante,NO2,T2_E2_Elda,O3,25,-0.23201553670310207
T1_E1_Alicante,NO2,T2_E2_Elda,O3,26,-0.16897868008966943
T1_E1_Alicante,NO2,T2_E2_Elda,O3,27,-0.10236423026305706
T1_E1_Alicante,NO2,T2_E2_Elda,O3,28,-0.046376103045971846
T1_E1_Alicante,NO2,T2_E2_Elda,O3,29,-0.004155137369315343
T1_E1_Alicante,NO2,T2_E2_Elda,O3,30,0.023415451250897768
T1_E1_Alicante,NO2,T2_E2_Elda,O3,31,0.03555075340162291
T1_E1_Alicante,NO2,T2_E2_Elda,O3,32,0.03439240753377304
T1_E1_Alicante,NO2,T2_E2_Elda,O3,33,0.022312278031054532
T1_E1_Alicante,NO2,T2_E2_Elda,O3,34,0.0023107860116255365
T1_E1_Alicante,NO2,T2_E2_Elda,O3,35,-0.019907624318321753
T1_E1_Alicante,NO2,T2_E2_Elda,O3,36,-0.03757112731297224
T1_E1_Alicante,NO2,T2_E2_Elda,O3,37,-0.0477874721013526
T1_E1_Alicante,NO2,T2_E2_Elda,O3,38,-0.05051225480981406
T1_E1_Alicante,NO2,T2_E2_Elda,O3,39,-0.04578347721464931
T1_E1_Alicante,NO2,T2_E2_Elda,O3,40,-0.03846348465165316
T1_E1_Alicante,NO2,T2_E2_Elda,O3,41,-0.03543522198318048
T1_E1_Alicante,NO2,T2_E2_Elda,O3,42,-0.041474644391322105
T1_E1_Alicante,NO2,T2_E2_Elda,O3,43,-0.05988383781920449
T1_E1_Alicante,NO2,T2_E2_Elda,O3,44,-0.09188582398299291
T1_E1_Alicante,NO2,T2_E2_Elda,O3,45,-0.13615077163915348
T1_E1_Alicante,NO2,T2_E2_Elda,O3,46,-0.18728872374878835
T1_E1_Alicante,NO2,T2_E2_Elda,O3,47,-0.22974827952798313
T1_E1_Alicante,NO2,T2_E2_Elda,O3,48,-0.24102605184865208
T1_E1_Alicante,NO2,T2_E2_Elda,O3,49,-0.21210471348816556
T1_E1_Alicante,NO2,T2_E2_Elda,O3,50,-0.15570119243143404
T1_E1_Alicante,NO2,T2_E2_Elda,O3,51,-0.0946035652361775
T1_E1_Alicante,NO2,T2_E2_Elda,O3,52,-0.04222170636799763
T1_E1_Alicante,NO2,T2_E2_Elda,O3,53,-0.0035332522613042896
T1_E1_Alicante,NO2,T2_E2_Elda,O3,54,0.021065474798425084
T1_E1_Alicante,NO2,T2_E2_Elda,O3,55,0.03265855775126897
T1_E1_Alicante,NO2,T2_E2_Elda,O3,56,0.03181524119528585
T1_E1_Alicante,NO2,T2_E2_Elda,O3,57,0.020568155163540724
T1_E1_Alicante,NO2,T2_E2_Elda,O3,58,0.001095113076163921
T1_E1_Alicante,NO2,T2_E2_Elda,O3,59,-0.02007123577058083
T1_E1_Alicante,NO2,T2_E2_Elda,O3,60,-0.038085285091036994
T1_E1_Alicante,NO2,T2_E2_Elda,O3,61,-0.048632846709491716
T1_E1_Alicante,NO2,T2_E2_Elda,O3,62,-0.05001283042012903
T1_E1_Alicante,NO2,T2_E2_Elda,O3,63,-0.046394095240935476
T1_E1_Alicante,NO2,T2_E2_Elda,O3,64,-0.041654248515272545
T1_E1_Alicante,NO2,T2_E2_Elda,O3,65,-0.04028757199656776
T1_E1_Alicante,NO2,T2_E2_Elda,O3,66,-0.047098192712726514
T1_E1_Alicante,NO2,T2_E2_Elda,O3,67,-0.06452988666205756
T1_E1_Alicante,NO2,T2_E2_Elda,O3,68,-0.09405649332820426
T1_E1_Alicante,NO2,T2_E2_Elda,O3,69,-0.13582377193000494
T1_E1_Alicante,NO2,T2_E2_Elda,O3,70,-0.18344426072914038
T1_E1_Alicante,NO2,T2_E2_Elda,O3,71,-0.22195202117317556
T1_E1_Alicante,NO2,T2_E2_Elda,O3,72,-0.23147034622997603
T1_E1_Alicante,O3,T1_E2_Elda,NO,-72,-0.11240641050646305
T1_E1_Alicante,O3,T1_E2_Elda,NO,-71,-0.15205932522722837
T1_E1_Alicante,O3,T1_E2_Elda,NO,-70,-0.1591779250433937
T1_E1_Alicante,O3,T1_E2_Elda,NO,-69,-0.14395087945814533
T1_E1_Alicante,O3,T1_E2_Elda,NO,-68,-0.12594175233561633
T1_E1_Alicante,O3,T1_E2_Elda,NO,-67,-0.11352255488212568
T1_E1_Alicante,O3,T1_E2_Elda,NO,-66,-0.10729551214827958
T1_E1_Alicante,O3,T1_E2_Elda,NO,-65,-0.10622854448705439
T1_E1_Alicante,O3,T1_E2_Elda,NO,-64,-0.10782116352687107
T1_E1_Alicante,O3,T1_E2_Elda,NO,-63,-0.11141187242948063
T1_E1_Alicante,O3,T1_E2_Elda,NO,-62,-0.11621291263125043
T1_E1_Alicante,O3,T1_E2_Elda,NO,-61,-0.11824840102069929
T1_E1_Alicante,O3,T1_E2_Elda,NO,-60,-0.1140455853296463
T1_E1_Alicante,O3,T1_E2_Elda,NO,-59,-0.09412508404296085
T1_E1_Alicante,O3,T1_E2_Elda,NO,-58,-0.061037429491303336
T1_E1_Alicante,O3,T1_E2_Elda,NO,-57,-0.01946332268043026
T1_E1_Alicante,O3,T1_E2_Elda,NO,-56,0.021077213552342166
T1_E1_Alicante,O3,T1_E2_Elda,NO,-55,0.0530425864951013
T1_E1_Alicante,O3,T1_E2_Elda,NO,-54,0.07236649930081994
T1_E1_Alicante,O3,T1_E2_Elda,NO,-53,0.0785938560747773
T1_E1_Alicante,O3,T1_E2_Elda,NO,-52,0.0699379155692453
T1_E1_Alicante,O3,T1_E2_Elda,NO,-51,0.046288655292464946
T1_E1_Alicante,O3,T1_E2_Elda,NO,-50,0.006225270214744235
T1_E1_Alicante,O3,T1_E2_Elda,NO,-49,-0.05031218455297961
T1_E1_Alicante,O3,T1_E2_Elda,NO,-48,-0.10842583305410931
T1_E1_Alicante,O3,T1_E2_Elda,NO,-47,-0.14639021790083098
T1_E1_Alicante,O3,T1_E2_Elda,NO,-46,-0.15564439983180559
T1_E1_Alicante,O3,T1_E2_Elda,NO,-45,-0.14728597230914234
T1_E1_Alicante,O3,T1_E2_Elda,NO,-44,-0.1330754322546268
T1_E1_Alicante,O3,T1_E2_Elda,NO,-43,-0.12303597446930632
T1_E1_Alicante,O3,T1_E2_Elda,NO,-42,-0.11751719237046182
T1_E1_Alicante,O3,T1_E2_Elda,NO,-41,-0.11538579965100458
T1_E1_Alicante,O3,T1_E2_Elda,NO,-40,-0.11488973409073737
T1_E1_Alicante,O3,T1_E2_Elda,NO,-39,-0.11489365408528616
T1_E1_Alicante,O3,T1_E2_Elda,NO,-38,-0.11771816694149455
T1_E1_Alicante,O3,T1_E2_Elda,NO,-37,-0.11974885925133252
T1_E1_Alicante,O3,T1_E2_Elda,NO,-36,-0.1156406163705652
T1_E1_Alicante,O3,T1_E2_Elda,NO,-35,-0.0973035355872596
T1_E1_Alicante,O3,T1_E2_Elda,NO,-34,-0.06571755162987813
T1_E1_Alicante,O3,T1_E2_Elda,NO,-33,-0.02467486095565568
T1_E1_Alicante,O3,T1_E2_Elda,NO,-32,0.01407322458032135
T1_E1_Alicante,O3,T1_E2_Elda,NO,-31,0.04419016921896411
T1_E1_Alicante,O3,T1_E2_Elda,NO,-30,0.06375291829205383
T1_E1_Alicante,O3,T1_E2_Elda,NO,-29,0.07058508422875875
T1_E1_Alicante,O3,T1_E2_Elda,NO,-28,0.06153603679381174
T1_E1_Alicante,O3,T1_E2_Elda,NO,-27,0.03560871749454531
T1_E1_Alicante,O3,T1_E2_Elda,NO,-26,-0.011134005109276222
T1_E1_Alicante,O3,T1_E2_Elda,NO,-25,-0.07620311786429611
T1_E1_Alicante,O3,T1_E2_Elda,NO,-24,-0.1434972284852551
T1_E1_Alicante,O3,T1_E2_Elda,NO,-23,-0.1862958428523061
T1_E1_Alicante,O3,T1_E2_Elda,NO,-22,-0.19246778749722698
T1_E1_Alicante,O3,T1_E2_Elda,NO,-21,-0.1762474587528414
T1_E1_Alicante,O3,T1_E2_Elda,NO,-20,-0.1547372060466821
T1_E1_Alicante,O3,T1_E2_Elda,NO,-19,-0.13889384475427738
T1_E1_Alicante,O3,T1_E2_Elda,NO,-18,-0.13169832382086682
T1_E1_Alicante,O3,T1_E2_Elda,NO,-17,-0.13101294866366422
T1_E1_Alicante,O3,T1_E2_Elda,NO,-16,-0.13303985896515655
T1_E1_Alicante,O3,T1_E2_Elda,NO,-15,-0.13631843694218174
T1_E1_Alicante,O3,T1_E2_Elda,NO,-14,-0.14201088646154922
T1_E1_Alicante,O3,T1_E2_Elda,NO,-13,-0.1466552575974703
T1_E1_Alicante,O3,T1_E2_Elda,NO,-12,-0.1442668751041696
T1_E1_Alicante,O3,T1_E2_Elda,NO,-11,-0.1288204175258996
T1_E1_Alicante,O3,T1_E2_Elda,NO,-10,-0.09805800561765117
T1_E1_Alicante,O3,T1_E2_Elda,NO,-9,-0.05526472120275486
T1_E1_Alicante,O3,T1_E2_Elda,NO,-8,-0.011516530835074812
T1_E1_Alicante,O3,T1_E2_Elda,NO,-7,0.02131506708532947
T1_E1_Alicante,O3,T1_E2_Elda,NO,-6,0.0404217594020428
T1_E1_Alicante,O3,T1_E2_Elda,NO,-5,0.04469652579576027
T1_E1_Alicante,O3,T1_E2_Elda,NO,-4,0.031935442445155726
T1_E1_Alicante,O3,T1_E2_Elda,NO,-3,-0.00018020210218978712
T1_E1_Alicante,O3,T1_E2_Elda,NO,-2,-0.05393613791398252
T1_E1_Alicante,O3,T1_E2_Elda,NO,-1,-0.12877102316545064
T1_E1_Alicante,O3,T1_E2_Elda,NO,0,-0.20393580323934177
T1_E1_Alicante,O3,T1_E2_Elda,NO,1,-0.24926869480493097
T1_E1_Alicante,O3,T1_E2_Elda,NO,2,-0.25261849336164915
T1_E1_Alicante,O3,T1_E2_Elda,NO,3,-0.22818714303392765
T1_E1_Alicante,O3,T1_E2_Elda,NO,4,-0.19721192836894946
T1_E1_Alicante,O3,T1_E2_Elda,NO,5,-0.1733371947972019
T1_E1_Alicante,O3,T1_E2_Elda,NO,6,-0.16012333289500474
T1_E1_Alicante,O3,T1_E2_Elda,NO,7,-0.15346015417719264
T1_E1_Alicante,O3,T1_E2_Elda,NO,8,-0.1488822706920449
T1_E1_Alicante,O3,T1_E2_Elda,NO,9,-0.14652090027142659
T1_E1_Alicante,O3,T1_E2_Elda,NO,10,-0.14971452256343062
T1_E1_Alicante,O3,T1_E2_Elda,NO,11,-0.1521693053643912
T1_E1_Alicante,O3,T1_E2_Elda,NO,12,-0.1476893802969341
T1_E1_Alicante,O3,T1_E2_Elda,NO,13,-0.12890681905547324
T1_E1_Alicante,O3,T1_E2_Elda,NO,14,-0.09563989005771494
T1_E1_Alicante,O3,T1_E2_Elda,NO,15,-0.05026504553172655
T1_E1_Alicante,O3,T1_E2_Elda,NO,16,-0.003724785608171533
T1_E1_Alicante,O3,T1_E2_Elda,NO,17,0.03364360324560776
T1_E1_Alicante,O3,T1_E2_Elda,NO,18,0.05844060387259053
T1_E1_Alicante,O3,T1_E2_Elda,NO,19,0.06786211758151904
T1_E1_Alicante,O3,T1_E2_Elda,NO,20,0.06194116014039914
T1_E1_Alicante,O3,T1_E2_Elda,NO,21,0.03762982168470057
T1_E1_Alicante,O3,T1_E2_Elda,NO,22,-0.009196387068833248
T1_E1_Alicante,O3,T1_E2_Elda,NO,23,-0.07571962898976184
T1_E1_Alicante,O3,T1_E2_Elda,NO,24,-0.1452902825918786
T1_E1_Alicante,O3,T1_E2_Elda,NO,25,-0.18938166823217617
T1_E1_Alicante,O3,T1_E2_Elda,NO,26,-0.19407483994448374
T1_E1_Alicante,O3,T1_E2_Elda,NO,27,-0.17498716934075967
T1_E1_Alicante,O3,T1_E2_Elda,NO,28,-0.14890789909035385
T1_E1_Alicante,O3,T1_E2_Elda,NO,29,-0.1264368824325807
T1_E1_Alicante,O3,T1_E2_Elda,NO,30,-0.11389791312062074
T1_E1_Alicante,O3,T1_E2_Elda,NO,31,-0.10931656568896246
T1_E1_Alicante,O3,T1_E2_Elda,NO,32,-0.1090148647296634
T1_E1_Alicante,O3,T1_E2_Elda,NO,33,-0.11254950376680471
T1_E1_Alicante,O3,T1_E2_Elda,NO,34,-0.11772367730590817
T1_E1_Alicante,O3,T1_E2_Elda,NO,35,-0.12079909725172024
T1_E1_Alicante,O3,T1_E2_Elda,NO,36,-0.11711553626811495
T1_E1_Alicante,O3,T1_E2_Elda,NO,37,-0.10033652563974405
T1_E1_Alicante,O3,T1_E2_Elda,NO,38,-0.06678654708929584
T1_E1_Alicante,O3,T1_E2_Elda,NO,39,-0.021781632522465354
T1_E1_Alicante,O3,T1_E2_Elda,NO,40,0.02459088221818755
T1_E1_Alicante,O3,T1_E2_Elda,NO,41,0.05962208768147276
T1_E1_Alicante,O3,T1_E2_Elda,NO,42,0.07914858240959047
T1_E1_Alicante,O3,T1_E2_Elda,NO,43,0.08344380942634076
T1_E1_Alicante,O3,T1_E2_Elda,NO,44,0.07472220778543891
T1_E1_Alicante,O3,T1_E2_Elda,NO,45,0.05141323534239789
T1_E1_Alicante,O3,T1_E2_Elda,NO,46,0.008274617866667996
T1_E1_Alicante,O3,T1_E2_Elda,NO,47,-0.0537827894974628
T1_E1_Alicante,O3,T1_E2_Elda,NO,48,-0.11584463705062531
T1_E1_Alicante,O3,T1_E2_Elda,NO,49,-0.15378849874154688
T1_E1_Alicante,O3,T1_E2_Elda,NO,50,-0.1590255425216492
T1_E1_Alicante,O3,T1_E2_Elda,NO,51,-0.14390443601001393
T1_E1_Alicante,O3,T1_E2_Elda,NO,52,-0.12440719006869004
T1_E1_Alicante,O3,T1_E2_Elda,NO,53,-0.10849226908716661
T1_E1_Alicante,O3,T1_E2_Elda,NO,54,-0.09990586367130634
T1_E1_Alicante,O3,T1_E2_Elda,NO,55,-0.09749608874883214
T1_E1_Alicante,O3,T1_E2_Elda,NO,56,-0.09732302938438839
T1_E1_Alicante,O3,T1_E2_Elda,NO,57,-0.09860050705356463
T1_E1_Alicante,O3,T1_E2_Elda,NO,58,-0.10129148904503114
T1_E1_Alicante,O3,T1_E2_Elda,NO,59,-0.1036855271313782
T1_E1_Alicante,O3,T1_E2_Elda,NO,60,-0.10147905685346141
T1_E1_Alicante,O3,T1_E2_Elda,NO,61,-0.08798694501232121
T1_E1_Alicante,O3,T1_E2_Elda,NO,62,-0.05758994609404415
T1_E1_Alicante,O3,T1_E2_Elda,NO,63,-0.014778548330622204
T1_E1_Alicante,O3,T1_E2_Elda,NO,64,0.02903245138094806
T1_E1_Alicante,O3,T1_E2_Elda,NO,65,0.06259487907083205
T1_E1_Alicante,O3,T1_E2_Elda,NO,66,0.08263045358853562
T1_E1_Alicante,O3,T1_E2_Elda,NO,67,0.0890899821781099
T1_E1_Alicante,O3,T1_E2_Elda,NO,68,0.08402247205485627
T1_E1_Alicante,O3,T1_E2_Elda,NO,69,0.061841652294266636
T1_E1_Alicante,O3,T1_E2_Elda,NO,70,0.022273367969239587
T1_E1_Alicante,O3,T1_E2_Elda,NO,71,-0.03506390979967965
T1_E1_Alicante,O3,T1_E2_Elda,NO,72,-0.09519600047089088
T1_E1_Alicante,O3,T1_E2_Elda,NO2,-72,-0.22725417587418556
T1_E1_Alicante,O3,T1_E2_Elda,NO2,-71,-0.23372990616623412
T1_E1_Alicante,O3,T1_E2_Elda,NO2,-70,-0.19898426139718026
T1_E1_Alicante,O3,T1_E2_Elda,NO2,-69,-0.142335591856797
T1_E1_Alicante,O3,T1_E2_Elda,NO2,-68,-0.08639020059593532
T1_E1_Alicante,O3,T1_E2_Elda,NO2,-67,-0.04293997321873494
T1_E1_Alicante,O3,T1_E2_Elda,NO2,-66,-0.014839064937046441
T1_E1_Alicante,O3,T1_E2_Elda,NO2,-65,-0.000953162348586768
T1_E1_Alicante,O3,T1_E2_Elda,NO2,-64,0.0012585867599866193
T1_E1_Alicante,O3,T1_E2_Elda,NO2,-63,-0.005909221713127896
T1_E1_Alicante,O3,T1_E2_Elda,NO2,-62,-0.020339369307197395
T1_E1_Alicante,O3,T1_E2_Elda,NO2,-61,-0.03443045997561636
T1_E1_Alicante,O3,T1_E2_Elda,NO2,-60,-0.0435259848533466
T1_E1_Alicante,O3,T1_E2_Elda,NO2,-59,-0.04090258369351253
T1_E1_Alicante,O3,T1_E2_Elda,NO2,-58,-0.024886213759885263
T1_E1_Alicante,O3,T1_E2_Elda,NO2,-57,-0.000786920733294825
T1_E1_Alicante,O3,T1_E2_Elda,NO2,-56,0.0217158184941107
T1_E1_Alicante,O3,T1_E2_Elda,NO2,-55,0.036220613465103274
T1_E1_Alicante,O3,T1_E2_Elda,NO2,-54,0.03781770659495456
T1_E1_Alicante,O3,T1_E2_Elda,NO2,-53,0.025222876785531985
T1_E1_Alicante,O3,T1_E2_Elda,NO2,-52,-0.0028454469066387924
T1_E1_Alicante,O3,T1_E2_Elda,NO2,-51,-0.04851239233387231
T1_E1_Alicante,O3,T1_E2_Elda,NO2,-50,-0.11250290275335828
T1_E1_Alicante,O3,T1_E2_Elda,NO2,-49,-0.1825505229676042
T1_E1_Alicante,O3,T1_E2_Elda,NO2,-48,-0.22992377942418607
T1_E1_Alicante,O3,T1_E2_Elda,NO2,-47,-0.23366750715759324
T1_E1_Alicante,O3,T1_E2_Elda,NO2,-46,-0.1959538377473054
T1_E1_Alicante,O3,T1_E2_Elda,NO2,-45,-0.1399627278001971
T1_E1_Alicante,O3,T1_E2_Elda,NO2,-44,-0.08432344477222023
T1_E1_Alicante,O3,T1_E2_Elda,NO2,-43,-0.04057827889334474
T1_E1_Alicante,O3,T1_E2_Elda,NO2,-42,-0.010827450851002889
T1_E1_Alicante,O3,T1_E2_Elda,NO2,-41,0.0063377316833306595
T1_E1_Alicante,O3,T1_E2_Elda,NO2,-40,0.00943210613897397
T1_E1_Alicante,O3,T1_E2_Elda,NO2,-39,0.0006434986840989994
T1_E1_Alicante,O3,T1_E2_Elda,NO2,-38,-0.015673834820539658
T1_E1_Alicante,O3,T1_E2_Elda,NO2,-37,-0.031553136964379495
T1_E1_Alicante,O3,T1_E2_Elda,NO2,-36,-0.0410151133124502
T1_E1_Alicante,O3,T1_E2_Elda,NO2,-35,-0.03736914374085332
T1_E1_Alicante,O3,T1_E2_Elda,NO2,-34,-0.021963529691517047
T1_E1_Alicante,O3,T1_E2_Elda,NO2,-33,-0.0006963283964846459
T1_E1_Alicante,O3,T1_E2_Elda,NO2,-32,0.019057076992214383
T1_E1_Alicante,O3,T1_E2_Elda,NO2,-31,0.029567471629171293
T1_E1_Alicante,O3,T1_E2_Elda,NO2,-30,0.02771935069038904
T1_E1_Alicante,O3,T1_E2_Elda,NO2,-29,0.010837796040372171
T1_E1_Alicante,O3,T1_E2_Elda,NO2,-28,-0.02264867999954836
T1_E1_Alicante,O3,T1_E2_Elda,NO2,-27,-0.07656790017990338
T1_E1_Alicante,O3,T1_E2_Elda,NO2,-26,-0.15050927291677074
T1_E1_Alicante,O3,T1_E2_Elda,NO2,-25,-0.22907800679365328
T1_E1_Alicante,O3,T1_E2_Elda,NO2,-24,-0.28406946572707736
T1_E1_Alicante,O3,T1_E2_Elda,NO2,-23,-0.2896685950824954
T1_E1_Alicante,O3,T1_E2_Elda,NO2,-22,-0.24806052446509874
T1_E1_Alicante,O3,T1_E2_Elda,NO2,-21,-0.1844819449516947
T1_E1_Alicante,O3,T1_E2_Elda,NO2,-20,-0.12145732108422985
T1_E1_Alicante,O3,T1_E2_Elda,NO2,-19,-0.07353006089078529
T1_E1_Alicante,O3,T1_E2_Elda,NO2,-18,-0.04376557891114896
T1_E1_Alicante,O3,T1_E2_Elda,NO2,-17,-0.031237304946775537
T1_E1_Alicante,O3,T1_E2_Elda,NO2,-16,-0.03349169833490002
T1_E1_Alicante,O3,T1_E2_Elda,NO2,-15,-0.046862866103147945
T1_E1_Alicante,O3,T1_E2_Elda,NO2,-14,-0.06812474184500089
T1_E1_Alicante,O3,T1_E2_Elda,NO2,-13,-0.09010347838596618
T1_E1_Alicante,O3,T1_E2_Elda,NO2,-12,-0.10498368536296969
T1_E1_Alicante,O3,T1_E2_Elda,NO2,-11,-0.10715125237746426
T1_E1_Alicante,O3,T1_E2_Elda,NO2,-10,-0.09415190192693436
T1_E1_Alicante,O3,T1_E2_Elda,NO2,-9,-0.0733928213139009
T1_E1_Alicante,O3,T1_E2_Elda,NO2,-8,-0.05414105332665104
T1_E1_Alicante,O3,T1_E2_Elda,NO2,-7,-0.044334411758637
T1_E1_Alicante,O3,T1_E2_Elda,NO2,-6,-0.04985795210685532
T1_E1_Alicante,O3,T1_E2_Elda,NO2,-5,-0.07370730423129344
T1_E1_Alicante,O3,T1_E2_Elda,NO2,-4,-0.11841525705867445
T1_E1_Alicante,O3,T1_E2_Elda,NO2,-3,-0.1849847060949045
T1_E1_Alicante,O3,T1_E2_Elda,NO2,-2,-0.2706764518384131
T1_E1_Alicante,O3,T1_E2_Elda,NO2,-1,-0.359166759826346
T1_E1_Alicante,O3,T1_E2_Elda,NO2,0,-0.41971639045474474
T1_E1_Alicante,O3,T1_E2_Elda,NO2,1,-0.42056802052003556
T1_E1_Alicante,O3,T1_E2_Elda,NO2,2,-0.36396146184745726
T1_E1_Alicante,O3,T1_E2_Elda,NO2,3,-0.2799868801823906
T1_E1_Alicante,O3,T1_E2_Elda,NO2,4,-0.19897220760947604
T1_E1_Alicante,O3,T1_E2_Elda,NO2,5,-0.13616996210757526
T1_E1_Alicante,O3,T1_E2_Elda,NO2,6,-0.09545638773109127
T1_E1_Alicante,O3,T1_E2_Elda,NO2,7,-0.07423473505332824
T1_E1_Alicante,O3,T1_E2_Elda,NO2,8,-0.06801660706868971
T1_E1_Alicante,O3,T1_E2_Elda,NO2,9,-0.07390279967946393
T1_E1_Alicante,O3,T1_E2_Elda,NO2,10,-0.08965800884020184
T1_E1_Alicante,O3,T1_E2_Elda,NO2,11,-0.10636542037410493
T1_E1_Alicante,O3,T1_E2_Elda,NO2,12,-0.11422815552506226
T1_E1_Alicante,O3,T1_E2_Elda,NO2,13,-0.10739504728503602
T1_E1_Alicante,O3,T1_E2_Elda,NO2,14,-0.0867874911916305
T1_E1_Alicante,O3,T1_E2_Elda,NO2,15,-0.057992342772183056
T1_E1_Alicante,O3,T1_E2_Elda,NO2,16,-0.030447572879017254
T1_E1_Alicante,O3,T1_E2_Elda,NO2,17,-0.013072515649046868
T1_E1_Alicante,O3,T1_E2_Elda,NO2,18,-0.009603917758108167
T1_E1_Alicante,O3,T1_E2_Elda,NO2,19,-0.02230160712342117
T1_E1_Alicante,O3,T1_E2_Elda,NO2,20,-0.05382476119868347
T1_E1_Alicante,O3,T1_E2_Elda,NO2,21,-0.10547637243554264
T1_E1_Alicante,O3,T1_E2_Elda,NO2,22,-0.1760013260670911
T1_E1_Alicante,O3,T1_E2_Elda,NO2,23,-0.2509257363410689
T1_E1_Alicante,O3,T1_E2_Elda,NO2,24,-0.30272004746997916
T1_E1_Alicante,O3,T1_E2_Elda,NO2,25,-0.3052249202168105
T1_E1_Alicante,O3,T1_E2_Elda,NO2,26,-0.25847739975021883
T1_E1_Alicante,O3,T1_E2_Elda,NO2,27,-0.18844172360018693
T1_E1_Alicante,O3,T1_E2_Elda,NO2,28,-0.1209588023581435
T1_E1_Alicante,O3,T1_E2_Elda,NO2,29,-0.06807145645187224
T1_E1_Alicante,O3,T1_E2_Elda,NO2,30,-0.03351540825165507
T1_E1_Alicante,O3,T1_E2_Elda,NO2,31,-0.01546501377622014
T1_E1_Alicante,O3,T1_E2_Elda,NO2,32,-0.012069573110324448
T1_E1_Alicante,O3,T1_E2_Elda,NO2,33,-0.0210852322516397
T1_E1_Alicante,O3,T1_E2_Elda,NO2,34,-0.03662496540173208
T1_E1_Alicante,O3,T1_E2_Elda,NO2,35,-0.05073911519647964
T1_E1_Alicante,O3,T1_E2_Elda,NO2,36,-0.05784946401254175
T1_E1_Alicante,O3,T1_E2_Elda,NO2,37,-0.05309496097697465
T1_E1_Alicante,O3,T1_E2_Elda,NO2,38,-0.03518384967066609
T1_E1_Alicante,O3,T1_E2_Elda,NO2,39,-0.009806681020856196
T1_E1_Alicante,O3,T1_E2_Elda,NO2,40,0.014237504138889865
T1_E1_Alicante,O3,T1_E2_Elda,NO2,41,0.02861418402747366
T1_E1_Alicante,O3,T1_E2_Elda,NO2,42,0.03048948316875643
T1_E1_Alicante,O3,T1_E2_Elda,NO2,43,0.016911531807096435
T1_E1_Alicante,O3,T1_E2_Elda,NO2,44,-0.0133896780853315
T1_E1_Alicante,O3,T1_E2_Elda,NO2,45,-0.06229613595798114
T1_E1_Alicante,O3,T1_E2_Elda,NO2,46,-0.12894731521624134
T1_E1_Alicante,O3,T1_E2_Elda,NO2,47,-0.20045158958573897
T1_E1_Alicante,O3,T1_E2_Elda,NO2,48,-0.249828094900059
T1_E1_Alicante,O3,T1_E2_Elda,NO2,49,-0.25535104098460226
T1_E1_Alicante,O3,T1_E2_Elda,NO2,50,-0.21750905376604976
T1_E1_Alicante,O3,T1_E2_Elda,NO2,51,-0.1589177402008508
T1_E1_Alicante,O3,T1_E2_Elda,NO2,52,-0.10176103522780497
T1_E1_Alicante,O3,T1_E2_Elda,NO2,53,-0.055859289008722224
T1_E1_Alicante,O3,T1_E2_Elda,NO2,54,-0.025264871723587976
T1_E1_Alicante,O3,T1_E2_Elda,NO2,55,-0.010366960849222798
T1_E1_Alicante,O3,T1_E2_Elda,NO2,56,-0.008956000696311212
T1_E1_Alicante,O3,T1_E2_Elda,NO2,57,-0.017326514245985917
T1_E1_Alicante,O3,T1_E2_Elda,NO2,58,-0.03222289002136893
T1_E1_Alicante,O3,T1_E2_Elda,NO2,59,-0.045745082917966924
T1_E1_Alicante,O3,T1_E2_Elda,NO2,60,-0.05202349414773854
T1_E1_Alicante,O3,T1_E2_Elda,NO2,61,-0.04718915645854586
T1_E1_Alicante,O3,T1_E2_Elda,NO2,62,-0.028481447449829087
T1_E1_Alicante,O3,T1_E2_Elda,NO2,63,-0.0029405732056790278
T1_E1_Alicante,O3,T1_E2_Elda,NO2,64,0.020300310921412764
T1_E1_Alicante,O3,T1_E2_Elda,NO2,65,0.0339553979059749
T1_E1_Alicante,O3,T1_E2_Elda,NO2,66,0.03421752970426605
T1_E1_Alicante,O3,T1_E2_Elda,NO2,67,0.020813746616651602
T1_E1_Alicante,O3,T1_E2_Elda,NO2,68,-0.007491335361464364
T1_E1_Alicante,O3,T1_E2_Elda,NO2,69,-0.053882213425873675
T1_E1_Alicante,O3,T1_E2_Elda,NO2,70,-0.1161728098308867
T1_E1_Alicante,O3,T1_E2_Elda,NO2,71,-0.18199436559231014
T1_E1_Alicante,O3,T1_E2_Elda,NO2,72,-0.22618456464854725
T1_E1_Alicante,O3,T1_E2_Elda,O3,-72,0.6070168706980485
T1_E1_Alicante,O3,T1_E2_Elda,O3,-71,0.5649598112058081
T1_E1_Alicante,O3,T1_E2_Elda,O3,-70,0.4862424182142766
T1_E1_Alicante,O3,T1_E2_Elda,O3,-69,0.38684126706264715
T1_E1_Alicante,O3,T1_E2_Elda,O3,-68,0.27996025568979654
T1_E1_Alicante,O3,T1_E2_Elda,O3,-67,0.17429393567391252
T1_E1_Alicante,O3,T1_E2_Elda,O3,-66,0.07514924237951282
T1_E1_Alicante,O3,T1_E2_Elda,O3,-65,-0.012413158714983014
T1_E1_Alicante,O3,T1_E2_Elda,O3,-64,-0.0840071182062092
T1_E1_Alicante,O3,T1_E2_Elda,O3,-63,-0.1361063923099449
T1_E1_Alicante,O3,T1_E2_Elda,O3,-62,-0.16677917006833387
T1_E1_Alicante,O3,T1_E2_Elda,O3,-61,-0.17645035526461386
T1_E1_Alicante,O3,T1_E2_Elda,O3,-60,-0.16543097456781014
T1_E1_Alicante,O3,T1_E2_Elda,O3,-59,-0.13462285418203238
T1_E1_Alicante,O3,T1_E2_Elda,O3,-58,-0.08678242142544003
T1_E1_Alicante,O3,T1_E2_Elda,O3,-57,-0.02443450323387975
T1_E1_Alicante,O3,T1_E2_Elda,O3,-56,0.05032583543438036
T1_E1_Alicante,O3,T1_E2_Elda,O3,-55,0.13415336705887201
T1_E1_Alicante,O3,T1_E2_Elda,O3,-54,0.22480455425194054
T1_E1_Alicante,O3,T1_E2_Elda,O3,-53,0.3197606788586266
T1_E1_Alicante,O3,T1_E2_Elda,O3,-52,0.4146937005259014
T1_E1_Alicante,O3,T1_E2_Elda,O3,-51,0.5034962008840241
T1_E1_Alicante,O3,T1_E2_Elda,O3,-50,0.5768688488959385
T1_E1_Alicante,O3,T1_E2_Elda,O3,-49,0.6222880800674293
T1_E1_Alicante,O3,T1_E2_Elda,O3,-48,0.6249640811621658
T1_E1_Alicante,O3,T1_E2_Elda,O3,-47,0.5809614191953224
T1_E1_Alicante,O3,T1_E2_Elda,O3,-46,0.4999748664830146
T1_E1_Alicante,O3,T1_E2_Elda,O3,-45,0.399223580663877
T1_E1_Alicante,O3,T1_E2_Elda,O3,-44,0.291692329534649
T1_E1_Alicante,O3,T1_E2_Elda,O3,-43,0.18525031019709373
T1_E1_Alicante,O3,T1_E2_Elda,O3,-42,0.08432021043273936
T1_E1_Alicante,O3,T1_E2_Elda,O3,-41,-0.005360350767673115
T1_E1_Alicante,O3,T1_E2_Elda,O3,-40,-0.078472832313767
T1_E1_Alicante,O3,T1_E2_Elda,O3,-39,-0.13112653191771645
T1_E1_Alicante,O3,T1_E2_Elda,O3,-38,-0.16161847376193658
T1_E1_Alicante,O3,T1_E2_Elda,O3,-37,-0.17060250553673623
T1_E1_Alicante,O3,T1_E2_Elda,O3,-36,-0.15860318270753274
T1_E1_Alicante,O3,T1_E2_Elda,O3,-35,-0.12719751111239364
T1_E1_Alicante,O3,T1_E2_Elda,O3,-34,-0.07771990765434937
T1_E1_Alicante,O3,T1_E2_Elda,O3,-33,-0.012892962823960262
T1_E1_Alicante,O3,T1_E2_Elda,O3,-32,0.06519296524531254
T1_E1_Alicante,O3,T1_E2_Elda,O3,-31,0.1533621886890328
T1_E1_Alicante,O3,T1_E2_Elda,O3,-30,0.2488782063656257
T1_E1_Alicante,O3,T1_E2_Elda,O3,-29,0.34849738150918286
T1_E1_Alicante,O3,T1_E2_Elda,O3,-28,0.44876707358977047
T1_E1_Alicante,O3,T1_E2_Elda,O3,-27,0.543340671380356
T1_E1_Alicante,O3,T1_E2_Elda,O3,-26,0.6233196677587084
T1_E1_Alicante,O3,T1_E2_Elda,O3,-25,0.6749212522505843
T1_E1_Alicante,O3,T1_E2_Elda,O3,-24,0.681753581235669
T1_E1_Alicante,O3,T1_E2_Elda,O3,-23,0.6384037069514097
T1_E1_Alicante,O3,T1_E2_Elda,O3,-22,0.5551132213233231
T1_E1_Alicante,O3,T1_E2_Elda,O3,-21,0.45036893797813743
T1_E1_Alicante,O3,T1_E2_Elda,O3,-20,0.3373968536146245
T1_E1_Alicante,O3,T1_E2_Elda,O3,-19,0.22545226920092135
T1_E1_Alicante,O3,T1_E2_Elda,O3,-18,0.11992569730169289
T1_E1_Alicante,O3,T1_E2_Elda,O3,-17,0.026677726329860554
T1_E1_Alicante,O3,T1_E2_Elda,O3,-16,-0.04917725221256848
T1_E1_Alicante,O3,T1_E2_Elda,O3,-15,-0.10373850951307124
T1_E1_Alicante,O3,T1_E2_Elda,O3,-14,-0.1345062534389636
T1_E1_Alicante,O3,T1_E2_Elda,O3,-13,-0.14187509652788724
T1_E1_Alicante,O3,T1_E2_Elda,O3,-12,-0.12710547926941906
T1_E1_Alicante,O3,T1_E2_Elda,O3,-11,-0.09120041466637
T1_E1_Alicante,O3,T1_E2_Elda,O3,-10,-0.036538465180495555
T1_E1_Alicante,O3,T1_E2_Elda,O3,-9,0.03474552497616381
T1_E1_Alicante,O3,T1_E2_Elda,O3,-8,0.12006514916108356
T1_E1_Alicante,O3,T1_E2_Elda,O3,-7,0.2167606957031678
T1_E1_Alicante,O3,T1_E2_Elda,O3,-6,0.3216981866005632
T1_E1_Alicante,O3,T1_E2_Elda,O3,-5,0.4312651241013048
T1_E1_Alicante,O3,T1_E2_Elda,O3,-4,0.5415088809089806
T1_E1_Alicante,O3,T1_E2_Elda,O3,-3,0.6459080230292433
T1_E1_Alicante,O3,T1_E2_Elda,O3,-2,0.7341527992229191
T1_E1_Alicante,O3,T1_E2_Elda,O3,-1,0.790674085365797
T1_E1_Alicante,O3,T1_E2_Elda,O3,0,0.7957058933082547
T1_E1_Alicante,O3,T1_E2_Elda,O3,1,0.741360164256122
T1_E1_Alicante,O3,T1_E2_Elda,O3,2,0.6410870783157656
T1_E1_Alicante,O3,T1_E2_Elda,O3,3,0.5172981992586294
T1_E1_Alicante,O3,T1_E2_Elda,O3,4,0.38664178923059134
T1_E1_Alicante,O3,T1_E2_Elda,O3,5,0.2591603553078443
T1_E1_Alicante,O3,T1_E2_Elda,O3,6,0.14171061275741179
T1_E1_Alicante,O3,T1_E2_Elda,O3,7,0.03929386456384939
T1_E1_Alicante,O3,T1_E2_Elda,O3,8,-0.04353227965689878
T1_E1_Alicante,O3,T1_E2_Elda,O3,9,-0.10337745791064129
T1_E1_Alicante,O3,T1_E2_Elda,O3,10,-0.13885479843518636
T1_E1_Alicante,O3,T1_E2_Elda,O3,11,-0.15043499664715484
T1_E1_Alicante,O3,T1_E2_Elda,O3,12,-0.1393241690004647
T1_E1_Alicante,O3,T1_E2_Elda,O3,13,-0.10799271629709836
T1_E1_Alicante,O3,T1_E2_Elda,O3,14,-0.058584133233842976
T1_E1_Alicante,O3,T1_E2_Elda,O3,15,0.0060132048551366215
T1_E1_Alicante,O3,T1_E2_Elda,O3,16,0.0826756358092103
T1_E1_Alicante,O3,T1_E2_Elda,O3,17,0.16902385794375646
T1_E1_Alicante,O3,T1_E2_Elda,O3,18,0.2626908726846664
T1_E1_Alicante,O3,T1_E2_Elda,O3,19,0.3597986148061313
T1_E1_Alicante,O3,T1_E2_Elda,O3,20,0.45620998464995277
T1_E1_Alicante,O3,T1_E2_Elda,O3,21,0.5459291254777567
T1_E1_Alicante,O3,T1_E2_Elda,O3,22,0.620084238091874
T1_E1_Alicante,O3,T1_E2_Elda,O3,23,0.6659278105137162
T1_E1_Alicante,O3,T1_E2_Elda,O3,24,0.6674259656767505
T1_E1_Alicante,O3,T1_E2_Elda,O3,25,0.6187734400356818
T1_E1_Alicante,O3,T1_E2_Elda,O3,26,0.5307568938455093
T1_E1_Alicante,O3,T1_E2_Elda,O3,27,0.4221493711955684
T1_E1_Alicante,O3,T1_E2_Elda,O3,28,0.30692652961746375
T1_E1_Alicante,O3,T1_E2_Elda,O3,29,0.1935251149471549
T1_E1_Alicante,O3,T1_E2_Elda,O3,30,0.08808933816279409
T1_E1_Alicante,O3,T1_E2_Elda,O3,31,-0.0041050062751174605
T1_E1_Alicante,O3,T1_E2_Elda,O3,32,-0.07934177459179113
T1_E1_Alicante,O3,T1_E2_Elda,O3,33,-0.1340544405274081
T1_E1_Alicante,O3,T1_E2_Elda,O3,34,-0.16612013406063442
T1_E1_Alicante,O3,T1_E2_Elda,O3,35,-0.1760249965371195
T1_E1_Alicante,O3,T1_E2_Elda,O3,36,-0.16537760847982544
T1_E1_Alicante,O3,T1_E2_Elda,O3,37,-0.13494479012435998
T1_E1_Alicante,O3,T1_E2_Elda,O3,38,-0.08705951818967757
T1_E1_Alicante,O3,T1_E2_Elda,O3,39,-0.02541030113094925
T1_E1_Alicante,O3,T1_E2_Elda,O3,40,0.04809655473768331
T1_E1_Alicante,O3,T1_E2_Elda,O3,41,0.1317339846546207
T1_E1_Alicante,O3,T1_E2_Elda,O3,42,0.2226339501477522
T1_E1_Alicante,O3,T1_E2_Elda,O3,43,0.3175479213286909
T1_E1_Alicante,O3,T1_E2_Elda,O3,44,0.41184429251346943
T1_E1_Alicante,O3,T1_E2_Elda,O3,45,0.49930804687391295
T1_E1_Alicante,O3,T1_E2_Elda,O3,46,0.5722378081180348
T1_E1_Alicante,O3,T1_E2_Elda,O3,47,0.6174302042872789
T1_E1_Alicante,O3,T1_E2_Elda,O3,48,0.6207975563560537
T1_E1_Alicante,O3,T1_E2_Elda,O3,49,0.5769825881059849
T1_E1_Alicante,O3,T1_E2_Elda,O3,50,0.4959922824277691
T1_E1_Alicante,O3,T1_E2_Elda,O3,51,0.39457023407174147
T1_E1_Alicante,O3,T1_E2_Elda,O3,52,0.2855953244698974
T1_E1_Alicante,O3,T1_E2_Elda,O3,53,0.1770251151984368
T1_E1_Alicante,O3,T1_E2_Elda,O3,54,0.07518401876224315
T1_E1_Alicante,O3,T1_E2_Elda,O3,55,-0.01463694023047036
T1_E1_Alicante,O3,T1_E2_Elda,O3,56,-0.08769620976901649
T1_E1_Alicante,O3,T1_E2_Elda,O3,57,-0.14066496424610667
T1_E1_Alicante,O3,T1_E2_Elda,O3,58,-0.17156710709438516
T1_E1_Alicante,O3,T1_E2_Elda,O3,59,-0.1808414718491751
T1_E1_Alicante,O3,T1_E2_Elda,O3,60,-0.16908657032338442
T1_E1_Alicante,O3,T1_E2_Elda,O3,61,-0.1377405253829938
T1_E1_Alicante,O3,T1_E2_Elda,O3,62,-0.08988956424465991
T1_E1_Alicante,O3,T1_E2_Elda,O3,63,-0.028019834737883473
T1_E1_Alicante,O3,T1_E2_Elda,O3,64,0.0454083186269273
T1_E1_Alicante,O3,T1_E2_Elda,O3,65,0.12815619609331846
T1_E1_Alicante,O3,T1_E2_Elda,O3,66,0.21736577080954
T1_E1_Alicante,O3,T1_E2_Elda,O3,67,0.3104386419707606
T1_E1_Alicante,O3,T1_E2_Elda,O3,68,0.40286408902933024
T1_E1_Alicante,O3,T1_E2_Elda,O3,69,0.48831719815365787
T1_E1_Alicante,O3,T1_E2_Elda,O3,70,0.5586702641784207
T1_E1_Alicante,O3,T1_E2_Elda,O3,71,0.6018721649343631
T1_E1_Alicante,O3,T1_E2_Elda,O3,72,0.6039906657964098
T1_E1_Alicante,O3,T2_E1_Elche,NO,-72,-0.16864476847195994
T1_E1_Alicante,O3,T2_E1_Elche,NO,-71,-0.1581016887195036
T1_E1_Alicante,O3,T2_E1_Elche,NO,-70,-0.12436949283089901
T1_E1_Alicante,O3,T2_E1_Elche,NO,-69,-0.0861691600412204
T1_E1_Alicante,O3,T2_E1_Elche,NO,-68,-0.05832397494418738
T1_E1_Alicante,O3,T2_E1_Elche,NO,-67,-0.04618341525829626
T1_E1_Alicante,O3,T2_E1_Elche,NO,-66,-0.04734200635153896
T1_E1_Alicante,O3,T2_E1_Elche,NO,-65,-0.05995566286771389
T1_E1_Alicante,O3,T2_E1_Elche,NO,-64,-0.08156247732214754
T1_E1_Alicante,O3,T2_E1_Elche,NO,-63,-0.11238873974492701
T1_E1_Alicante,O3,T2_E1_Elche,NO,-62,-0.14355554490429476
T1_E1_Alicante,O3,T2_E1_Elche,NO,-61,-0.16225993012801052
T1_E1_Alicante,O3,T2_E1_Elche,NO,-60,-0.16057650026702597
T1_E1_Alicante,O3,T2_E1_Elche,NO,-59,-0.13783079023645303
T1_E1_Alicante,O3,T2_E1_Elche,NO,-58,-0.09858112715216334
T1_E1_Alicante,O3,T2_E1_Elche,NO,-57,-0.05915566788233379
T1_E1_Alicante,O3,T2_E1_Elche,NO,-56,-0.03066801832624908
T1_E1_Alicante,O3,T2_E1_Elche,NO,-55,-0.016336243680501388
T1_E1_Alicante,O3,T2_E1_Elche,NO,-54,-0.013901398224955659
T1_E1_Alicante,O3,T2_E1_Elche,NO,-53,-0.02419036855003925
T1_E1_Alicante,O3,T2_E1_Elche,NO,-52,-0.04876723471576438
T1_E1_Alicante,O3,T2_E1_Elche,NO,-51,-0.08479770611083552
T1_E1_Alicante,O3,T2_E1_Elche,NO,-50,-0.12907455304374263
T1_E1_Alicante,O3,T2_E1_Elche,NO,-49,-0.16944850582216983
T1_E1_Alicante,O3,T2_E1_Elche,NO,-48,-0.1889122409085246
T1_E1_Alicante,O3,T2_E1_Elche,NO,-47,-0.17706028285112121
T1_E1_Alicante,O3,T2_E1_Elche,NO,-46,-0.1396674454077906
T1_E1_Alicante,O3,T2_E1_Elche,NO,-45,-0.09646042829707953
T1_E1_Alicante,O3,T2_E1_Elche,NO,-44,-0.06591292574144178
T1_E1_Alicante,O3,T2_E1_Elche,NO,-43,-0.0531468738529002
T1_E1_Alicante,O3,T2_E1_Elche,NO,-42,-0.05442566738319666
T1_E1_Alicante,O3,T2_E1_Elche,NO,-41,-0.06515555426014616
T1_E1_Alicante,O3,T2_E1_Elche,NO,-40,-0.08550285953549265
T1_E1_Alicante,O3,T2_E1_Elche,NO,-39,-0.11456662720498403
T1_E1_Alicante,O3,T2_E1_Elche,NO,-38,-0.14403213041413665
T1_E1_Alicante,O3,T2_E1_Elche,NO,-37,-0.16338993422762338
T1_E1_Alicante,O3,T2_E1_Elche,NO,-36,-0.16237954420646322
T1_E1_Alicante,O3,T2_E1_Elche,NO,-35,-0.13914716802750185
T1_E1_Alicante,O3,T2_E1_Elche,NO,-34,-0.10108968839324678
T1_E1_Alicante,O3,T2_E1_Elche,NO,-33,-0.0625987626540943
T1_E1_Alicante,O3,T2_E1_Elche,NO,-32,-0.03382059376153317
T1_E1_Alicante,O3,T2_E1_Elche,NO,-31,-0.01704917448254856
T1_E1_Alicante,O3,T2_E1_Elche,NO,-30,-0.012892194175381028
T1_E1_Alicante,O3,T2_E1_Elche,NO,-29,-0.021598695630009386
T1_E1_Alicante,O3,T2_E1_Elche,NO,-28,-0.04221485044728524
T1_E1_Alicante,O3,T2_E1_Elche,NO,-27,-0.07642032696646545
T1_E1_Alicante,O3,T2_E1_Elche,NO,-26,-0.1211406004781322
T1_E1_Alicante,O3,T2_E1_Elche,NO,-25,-0.16757122760956028
T1_E1_Alicante,O3,T2_E1_Elche,NO,-24,-0.19737709074061052
T1_E1_Alicante,O3,T2_E1_Elche,NO,-23,-0.1930503207246835
T1_E1_Alicante,O3,T2_E1_Elche,NO,-22,-0.15751187857633073
T1_E1_Alicante,O3,T2_E1_Elche,NO,-21,-0.11359267281895703
T1_E1_Alicante,O3,T2_E1_Elche,NO,-20,-0.08252766674775466
T1_E1_Alicante,O3,T2_E1_Elche,NO,-19,-0.06884894204198663
T1_E1_Alicante,O3,T2_E1_Elche,NO,-18,-0.07074061589669821
T1_E1_Alicante,O3,T2_E1_Elche,NO,-17,-0.08707921577955498
T1_E1_Alicante,O3,T2_E1_Elche,NO,-16,-0.11349111639998197
T1_E1_Alicante,O3,T2_E1_Elche,NO,-15,-0.14737293526781503
T1_E1_Alicante,O3,T2_E1_Elche,NO,-14,-0.17822230494953756
T1_E1_Alicante,O3,T2_E1_Elche,NO,-13,-0.20003832607335442
T1_E1_Alicante,O3,T2_E1_Elche,NO,-12,-0.2038912494626336
T1_E1_Alicante,O3,T2_E1_Elche,NO,-11,-0.1846609836334605
T1_E1_Alicante,O3,T2_E1_Elche,NO,-10,-0.14503030180667204
T1_E1_Alicante,O3,T2_E1_Elche,NO,-9,-0.10332136877692043
T1_E1_Alicante,O3,T2_E1_Elche,NO,-8,-0.07292748179794109
T1_E1_Alicante,O3,T2_E1_Elche,NO,-7,-0.058083771767661364
T1_E1_Alicante,O3,T2_E1_Elche,NO,-6,-0.059849777306498264
T1_E1_Alicante,O3,T2_E1_Elche,NO,-5,-0.0764271970638232
T1_E1_Alicante,O3,T2_E1_Elche,NO,-4,-0.10904912567506551
T1_E1_Alicante,O3,T2_E1_Elche,NO,-3,-0.1585038016783373
T1_E1_Alicante,O3,T2_E1_Elche,NO,-2,-0.22047148855721108
T1_E1_Alicante,O3,T2_E1_Elche,NO,-1,-0.28341438343934655
T1_E1_Alicante,O3,T2_E1_Elche,NO,0,-0.3200534128730388
T1_E1_Alicante,O3,T2_E1_Elche,NO,1,-0.3044926830619867
T1_E1_Alicante,O3,T2_E1_Elche,NO,2,-0.24552589992041363
T1_E1_Alicante,O3,T2_E1_Elche,NO,3,-0.1814690281571263
T1_E1_Alicante,O3,T2_E1_Elche,NO,4,-0.13745399720942023
T1_E1_Alicante,O3,T2_E1_Elche,NO,5,-0.11504648305955659
T1_E1_Alicante,O3,T2_E1_Elche,NO,6,-0.10936419984511224
T1_E1_Alicante,O3,T2_E1_Elche,NO,7,-0.11767558498918422
T1_E1_Alicante,O3,T2_E1_Elche,NO,8,-0.13929967532838375
T1_E1_Alicante,O3,T2_E1_Elche,NO,9,-0.17082674986030488
T1_E1_Alicante,O3,T2_E1_Elche,NO,10,-0.20361303968232616
T1_E1_Alicante,O3,T2_E1_Elche,NO,11,-0.22501169084809652
T1_E1_Alicante,O3,T2_E1_Elche,NO,12,-0.2213564882598925
T1_E1_Alicante,O3,T2_E1_Elche,NO,13,-0.19218052488263912
T1_E1_Alicante,O3,T2_E1_Elche,NO,14,-0.1459609856869089
T1_E1_Alicante,O3,T2_E1_Elche,NO,15,-0.09697931596385308
T1_E1_Alicante,O3,T2_E1_Elche,NO,16,-0.05995748142401719
T1_E1_Alicante,O3,T2_E1_Elche,NO,17,-0.03968020692114147
T1_E1_Alicante,O3,T2_E1_Elche,NO,18,-0.03452217073017
T1_E1_Alicante,O3,T2_E1_Elche,NO,19,-0.04206820213797627
T1_E1_Alicante,O3,T2_E1_Elche,NO,20,-0.06448177769418187
T1_E1_Alicante,O3,T2_E1_Elche,NO,21,-0.10262995093060244
T1_E1_Alicante,O3,T2_E1_Elche,NO,22,-0.15342577409235594
T1_E1_Alicante,O3,T2_E1_Elche,NO,23,-0.20303121980148
T1_E1_Alicante,O3,T2_E1_Elche,NO,24,-0.22635764056732355
T1_E1_Alicante,O3,T2_E1_Elche,NO,25,-0.2134998675719587
T1_E1_Alicante,O3,T2_E1_Elche,NO,26,-0.170548975542688
T1_E1_Alicante,O3,T2_E1_Elche,NO,27,-0.12073865356906083
T1_E1_Alicante,O3,T2_E1_Elche,NO,28,-0.08272632900296127
T1_E1_Alicante,O3,T2_E1_Elche,NO,29,-0.06330553516665409
T1_E1_Alicante,O3,T2_E1_Elche,NO,30,-0.06043483351048748
T1_E1_Alicante,O3,T2_E1_Elche,NO,31,-0.07264548238263804
T1_E1_Alicante,O3,T2_E1_Elche,NO,32,-0.09741602213263528
T1_E1_Alicante,O3,T2_E1_Elche,NO,33,-0.12856058342027965
T1_E1_Alicante,O3,T2_E1_Elche,NO,34,-0.1571758693762163
T1_E1_Alicante,O3,T2_E1_Elche,NO,35,-0.17707989074360903
T1_E1_Alicante,O3,T2_E1_Elche,NO,36,-0.17584266589275116
T1_E1_Alicante,O3,T2_E1_Elche,NO,37,-0.14928315463614467
T1_E1_Alicante,O3,T2_E1_Elche,NO,38,-0.10638706534903167
T1_E1_Alicante,O3,T2_E1_Elche,NO,39,-0.0602782194141782
T1_E1_Alicante,O3,T2_E1_Elche,NO,40,-0.02603138615217274
T1_E1_Alicante,O3,T2_E1_Elche,NO,41,-0.008607541082502668
T1_E1_Alicante,O3,T2_E1_Elche,NO,42,-0.0062393533334882435
T1_E1_Alicante,O3,T2_E1_Elche,NO,43,-0.016069370474151384
T1_E1_Alicante,O3,T2_E1_Elche,NO,44,-0.03837141681193058
T1_E1_Alicante,O3,T2_E1_Elche,NO,45,-0.07758809440471268
T1_E1_Alicante,O3,T2_E1_Elche,NO,46,-0.1303450107576995
T1_E1_Alicante,O3,T2_E1_Elche,NO,47,-0.18101598244952027
T1_E1_Alicante,O3,T2_E1_Elche,NO,48,-0.209571946854382
T1_E1_Alicante,O3,T2_E1_Elche,NO,49,-0.19844863161275275
T1_E1_Alicante,O3,T2_E1_Elche,NO,50,-0.15662013606712227
T1_E1_Alicante,O3,T2_E1_Elche,NO,51,-0.11106198812054692
T1_E1_Alicante,O3,T2_E1_Elche,NO,52,-0.0795623689305745
T1_E1_Alicante,O3,T2_E1_Elche,NO,53,-0.06551033668310488
T1_E1_Alicante,O3,T2_E1_Elche,NO,54,-0.06372391692628052
T1_E1_Alicante,O3,T2_E1_Elche,NO,55,-0.0741224945821407
T1_E1_Alicante,O3,T2_E1_Elche,NO,56,-0.09614176888165833
T1_E1_Alicante,O3,T2_E1_Elche,NO,57,-0.12589895314114416
T1_E1_Alicante,O3,T2_E1_Elche,NO,58,-0.15515424557681287
T1_E1_Alicante,O3,T2_E1_Elche,NO,59,-0.17423413840021854
T1_E1_Alicante,O3,T2_E1_Elche,NO,60,-0.17434363906353204
T1_E1_Alicante,O3,T2_E1_Elche,NO,61,-0.15216578577190146
T1_E1_Alicante,O3,T2_E1_Elche,NO,62,-0.11426181987682697
T1_E1_Alicante,O3,T2_E1_Elche,NO,63,-0.07019607997506958
T1_E1_Alicante,O3,T2_E1_Elche,NO,64,-0.03662473870993577
T1_E1_Alicante,O3,T2_E1_Elche,NO,65,-0.020635507636503708
T1_E1_Alicante,O3,T2_E1_Elche,NO,66,-0.020182170681082724
T1_E1_Alicante,O3,T2_E1_Elche,NO,67,-0.02957220215884698
T1_E1_Alicante,O3,T2_E1_Elche,NO,68,-0.05131069796583664
T1_E1_Alicante,O3,T2_E1_Elche,NO,69,-0.08581607805204541
T1_E1_Alicante,O3,T2_E1_Elche,NO,70,-0.1316241401060445
T1_E1_Alicante,O3,T2_E1_Elche,NO,71,-0.17507614802676658
T1_E1_Alicante,O3,T2_E1_Elche,NO,72,-0.19998277597121725
T1_E1_Alicante,O3,T2_E1_Elche,NO2,-72,-0.33803928965283986
T1_E1_Alicante,O3,T2_E1_Elche,NO2,-71,-0.3031771486688528
T1_E1_Alicante,O3,T2_E1_Elche,NO2,-70,-0.22741446109279218
T1_E1_Alicante,O3,T2_E1_Elche,NO2,-69,-0.14236792820204205
T1_E1_Alicante,O3,T2_E1_Elche,NO2,-68,-0.07116109763592496
T1_E1_Alicante,O3,T2_E1_Elche,NO2,-67,-0.025084894073909455
T1_E1_Alicante,O3,T2_E1_Elche,NO2,-66,-0.005356195573330523
T1_E1_Alicante,O3,T2_E1_Elche,NO2,-65,-0.007991150242721628
T1_E1_Alicante,O3,T2_E1_Elche,NO2,-64,-0.030367107061934233
T1_E1_Alicante,O3,T2_E1_Elche,NO2,-63,-0.07029324276480078
T1_E1_Alicante,O3,T2_E1_Elche,NO2,-62,-0.11815002497668799
T1_E1_Alicante,O3,T2_E1_Elche,NO2,-61,-0.15888282506871154
T1_E1_Alicante,O3,T2_E1_Elche,NO2,-60,-0.1793585291837207
T1_E1_Alicante,O3,T2_E1_Elche,NO2,-59,-0.1747616154937275
T1_E1_Alicante,O3,T2_E1_Elche,NO2,-58,-0.14848013077678224
T1_E1_Alicante,O3,T2_E1_Elche,NO2,-57,-0.11215970301156382
T1_E1_Alicante,O3,T2_E1_Elche,NO2,-56,-0.08146740527843423
T1_E1_Alicante,O3,T2_E1_Elche,NO2,-55,-0.06427662247039849
T1_E1_Alicante,O3,T2_E1_Elche,NO2,-54,-0.06379141336396515
T1_E1_Alicante,O3,T2_E1_Elche,NO2,-53,-0.08417413953846527
T1_E1_Alicante,O3,T2_E1_Elche,NO2,-52,-0.12690897348278288
T1_E1_Alicante,O3,T2_E1_Elche,NO2,-51,-0.1896851486862181
T1_E1_Alicante,O3,T2_E1_Elche,NO2,-50,-0.2651259347215296
T1_E1_Alicante,O3,T2_E1_Elche,NO2,-49,-0.3293209601955978
T1_E1_Alicante,O3,T2_E1_Elche,NO2,-48,-0.34996678105108403
T1_E1_Alicante,O3,T2_E1_Elche,NO2,-47,-0.3108012242086647
T1_E1_Alicante,O3,T2_E1_Elche,NO2,-46,-0.2312855379755914
T1_E1_Alicante,O3,T2_E1_Elche,NO2,-45,-0.14255483078423664
T1_E1_Alicante,O3,T2_E1_Elche,NO2,-44,-0.06858444111432337
T1_E1_Alicante,O3,T2_E1_Elche,NO2,-43,-0.02061133625187747
T1_E1_Alicante,O3,T2_E1_Elche,NO2,-42,0.0007017741929691847
T1_E1_Alicante,O3,T2_E1_Elche,NO2,-41,-0.0013292423735563514
T1_E1_Alicante,O3,T2_E1_Elche,NO2,-40,-0.025215296330878254
T1_E1_Alicante,O3,T2_E1_Elche,NO2,-39,-0.06748624432275832
T1_E1_Alicante,O3,T2_E1_Elche,NO2,-38,-0.11742114844917755
T1_E1_Alicante,O3,T2_E1_Elche,NO2,-37,-0.16070934625944408
T1_E1_Alicante,O3,T2_E1_Elche,NO2,-36,-0.1827957765142338
T1_E1_Alicante,O3,T2_E1_Elche,NO2,-35,-0.17840685120461983
T1_E1_Alicante,O3,T2_E1_Elche,NO2,-34,-0.15147024532726058
T1_E1_Alicante,O3,T2_E1_Elche,NO2,-33,-0.11668362651135687
T1_E1_Alicante,O3,T2_E1_Elche,NO2,-32,-0.08888133173041536
T1_E1_Alicante,O3,T2_E1_Elche,NO2,-31,-0.07409820749924177
T1_E1_Alicante,O3,T2_E1_Elche,NO2,-30,-0.07626254900999976
T1_E1_Alicante,O3,T2_E1_Elche,NO2,-29,-0.09925494781062646
T1_E1_Alicante,O3,T2_E1_Elche,NO2,-28,-0.1445984926017999
T1_E1_Alicante,O3,T2_E1_Elche,NO2,-27,-0.21075221657994156
T1_E1_Alicante,O3,T2_E1_Elche,NO2,-26,-0.2906263519320419
T1_E1_Alicante,O3,T2_E1_Elche,NO2,-25,-0.3631505799549155
T1_E1_Alicante,O3,T2_E1_Elche,NO2,-24,-0.3894472056517123
T1_E1_Alicante,O3,T2_E1_Elche,NO2,-23,-0.3477486442553968
T1_E1_Alicante,O3,T2_E1_Elche,NO2,-22,-0.2589318536669114
T1_E1_Alicante,O3,T2_E1_Elche,NO2,-21,-0.1614441447549442
T1_E1_Alicante,O3,T2_E1_Elche,NO2,-20,-0.08307454452832712
T1_E1_Alicante,O3,T2_E1_Elche,NO2,-19,-0.034696779921901406
T1_E1_Alicante,O3,T2_E1_Elche,NO2,-18,-0.016111433491035984
T1_E1_Alicante,O3,T2_E1_Elche,NO2,-17,-0.023654503275950638
T1_E1_Alicante,O3,T2_E1_Elche,NO2,-16,-0.055074033417164804
T1_E1_Alicante,O3,T2_E1_Elche,NO2,-15,-0.10459346030110978
T1_E1_Alicante,O3,T2_E1_Elche,NO2,-14,-0.16194652076701582
T1_E1_Alicante,O3,T2_E1_Elche,NO2,-13,-0.2126915258075866
T1_E1_Alicante,O3,T2_E1_Elche,NO2,-12,-0.24177258256886897
T1_E1_Alicante,O3,T2_E1_Elche,NO2,-11,-0.24223626460513392
T1_E1_Alicante,O3,T2_E1_Elche,NO2,-10,-0.21594452421892169
T1_E1_Alicante,O3,T2_E1_Elche,NO2,-9,-0.17868887685769394
T1_E1_Alicante,O3,T2_E1_Elche,NO2,-8,-0.14866152779305247
T1_E1_Alicante,O3,T2_E1_Elche,NO2,-7,-0.13591480936159359
T1_E1_Alicante,O3,T2_E1_Elche,NO2,-6,-0.14581183836403008
T1_E1_Alicante,O3,T2_E1_Elche,NO2,-5,-0.18031072976110937
T1_E1_Alicante,O3,T2_E1_Elche,NO2,-4,-0.24151776884058543
T1_E1_Alicante,O3,T2_E1_Elche,NO2,-3,-0.3304616482290595
T1_E1_Alicante,O3,T2_E1_Elche,NO2,-2,-0.43809652258351434
T1_E1_Alicante,O3,T2_E1_Elche,NO2,-1,-0.5367972500453224
T1_E1_Alicante,O3,T2_E1_Elche,NO2,0,-0.5745054171813991
T1_E1_Alicante,O3,T2_E1_Elche,NO2,1,-0.5155453798522425
T1_E1_Alicante,O3,T2_E1_Elche,NO2,2,-0.392347177497666
T1_E1_Alicante,O3,T2_E1_Elche,NO2,3,-0.2633458901784105
T1_E1_Alicante,O3,T2_E1_Elche,NO2,4,-0.16416533684530576
T1_E1_Alicante,O3,T2_E1_Elche,NO2,5,-0.10072188343047053
T1_E1_Alicante,O3,T2_E1_Elche,NO2,6,-0.07084941124844661
T1_E1_Alicante,O3,T2_E1_Elche,NO2,7,-0.0704304092338817
T1_E1_Alicante,O3,T2_E1_Elche,NO2,8,-0.09601021560557044
T1_E1_Alicante,O3,T2_E1_Elche,NO2,9,-0.14173740842251178
T1_E1_Alicante,O3,T2_E1_Elche,NO2,10,-0.19489003577093766
T1_E1_Alicante,O3,T2_E1_Elche,NO2,11,-0.24055433229967757
T1_E1_Alicante,O3,T2_E1_Elche,NO2,12,-0.26234543111421627
T1_E1_Alicante,O3,T2_E1_Elche,NO2,13,-0.25381469659410455
T1_E1_Alicante,O3,T2_E1_Elche,NO2,14,-0.2207277928495763
T1_E1_Alicante,O3,T2_E1_Elche,NO2,15,-0.1770546279454343
T1_E1_Alicante,O3,T2_E1_Elche,NO2,16,-0.13918025109673324
T1_E1_Alicante,O3,T2_E1_Elche,NO2,17,-0.11765016072791712
T1_E1_Alicante,O3,T2_E1_Elche,NO2,18,-0.11594573052733972
T1_E1_Alicante,O3,T2_E1_Elche,NO2,19,-0.13709182153643615
T1_E1_Alicante,O3,T2_E1_Elche,NO2,20,-0.18252823614054678
T1_E1_Alicante,O3,T2_E1_Elche,NO2,21,-0.2526044666713674
T1_E1_Alicante,O3,T2_E1_Elche,NO2,22,-0.33745373252489386
T1_E1_Alicante,O3,T2_E1_Elche,NO2,23,-0.41059828923482405
T1_E1_Alicante,O3,T2_E1_Elche,NO2,24,-0.433424248011002
T1_E1_Alicante,O3,T2_E1_Elche,NO2,25,-0.3872604950350498
T1_E1_Alicante,O3,T2_E1_Elche,NO2,26,-0.29358845403754924
T1_E1_Alicante,O3,T2_E1_Elche,NO2,27,-0.1900351471704941
T1_E1_Alicante,O3,T2_E1_Elche,NO2,28,-0.1042649414691634
T1_E1_Alicante,O3,T2_E1_Elche,NO2,29,-0.04797294825912007
T1_E1_Alicante,O3,T2_E1_Elche,NO2,30,-0.022604457081077823
T1_E1_Alicante,O3,T2_E1_Elche,NO2,31,-0.02554159051913778
T1_E1_Alicante,O3,T2_E1_Elche,NO2,32,-0.051042810383578184
T1_E1_Alicante,O3,T2_E1_Elche,NO2,33,-0.09338330874450247
T1_E1_Alicante,O3,T2_E1_Elche,NO2,34,-0.14250167598006247
T1_E1_Alicante,O3,T2_E1_Elche,NO2,35,-0.1852413554503074
T1_E1_Alicante,O3,T2_E1_Elche,NO2,36,-0.20741070940152
T1_E1_Alicante,O3,T2_E1_Elche,NO2,37,-0.20154114959508576
T1_E1_Alicante,O3,T2_E1_Elche,NO2,38,-0.17116957157437113
T1_E1_Alicante,O3,T2_E1_Elche,NO2,39,-0.13075459370271755
T1_E1_Alicante,O3,T2_E1_Elche,NO2,40,-0.09607267595141755
T1_E1_Alicante,O3,T2_E1_Elche,NO2,41,-0.07735236938335235
T1_E1_Alicante,O3,T2_E1_Elche,NO2,42,-0.07794523787918628
T1_E1_Alicante,O3,T2_E1_Elche,NO2,43,-0.10054291691236325
T1_E1_Alicante,O3,T2_E1_Elche,NO2,44,-0.14618048761713362
T1_E1_Alicante,O3,T2_E1_Elche,NO2,45,-0.21436363342214357
T1_E1_Alicante,O3,T2_E1_Elche,NO2,46,-0.29560622860888225
T1_E1_Alicante,O3,T2_E1_Elche,NO2,47,-0.3658341192514526
T1_E1_Alicante,O3,T2_E1_Elche,NO2,48,-0.3886207720432732
T1_E1_Alicante,O3,T2_E1_Elche,NO2,49,-0.34698143768056394
T1_E1_Alicante,O3,T2_E1_Elche,NO2,50,-0.26354194117273266
T1_E1_Alicante,O3,T2_E1_Elche,NO2,51,-0.17217265457781694
T1_E1_Alicante,O3,T2_E1_Elche,NO2,52,-0.09724981499536453
T1_E1_Alicante,O3,T2_E1_Elche,NO2,53,-0.048404074419636185
T1_E1_Alicante,O3,T2_E1_Elche,NO2,54,-0.027112969525634915
T1_E1_Alicante,O3,T2_E1_Elche,NO2,55,-0.030945563171285283
T1_E1_Alicante,O3,T2_E1_Elche,NO2,56,-0.05599260513741698
T1_E1_Alicante,O3,T2_E1_Elche,NO2,57,-0.09626961894458759
T1_E1_Alicante,O3,T2_E1_Elche,NO2,58,-0.1427669838421332
T1_E1_Alicante,O3,T2_E1_Elche,NO2,59,-0.182060993959921
T1_E1_Alicante,O3,T2_E1_Elche,NO2,60,-0.20149193793081094
T1_E1_Alicante,O3,T2_E1_Elche,NO2,61,-0.19495029772560596
T1_E1_Alicante,O3,T2_E1_Elche,NO2,62,-0.16689574193655898
T1_E1_Alicante,O3,T2_E1_Elche,NO2,63,-0.12931935344607093
T1_E1_Alicante,O3,T2_E1_Elche,NO2,64,-0.09779921833767642
T1_E1_Alicante,O3,T2_E1_Elche,NO2,65,-0.08164220964271274
T1_E1_Alicante,O3,T2_E1_Elche,NO2,66,-0.08460351517239006
T1_E1_Alicante,O3,T2_E1_Elche,NO2,67,-0.10542287494284122
T1_E1_Alicante,O3,T2_E1_Elche,NO2,68,-0.14677774725940562
T1_E1_Alicante,O3,T2_E1_Elche,NO2,69,-0.20753591328423973
T1_E1_Alicante,O3,T2_E1_Elche,NO2,70,-0.28154572378437687
T1_E1_Alicante,O3,T2_E1_Elche,NO2,71,-0.3451951153081128
T1_E1_Alicante,O3,T2_E1_Elche,NO2,72,-0.3649756345348254
T1_E1_Alicante,O3,T2_E1_Elche,O3,-72,0.6315748487717521
T1_E1_Alicante,O3,T2_E1_Elche,O3,-71,0.6021954399216104
T1_E1_Alicante,O3,T2_E1_Elche,O3,-70,0.527234095698849
T1_E1_Alicante,O3,T2_E1_Elche,O3,-69,0.4281487248036698
T1_E1_Alicante,O3,T2_E1_Elche,O3,-68,0.3242424927733899
T1_E1_Alicante,O3,T2_E1_Elche,O3,-67,0.22847103083879672
T1_E1_Alicante,O3,T2_E1_Elche,O3,-66,0.1473380212732769
T1_E1_Alicante,O3,T2_E1_Elche,O3,-65,0.08210957286919433
T1_E1_Alicante,O3,T2_E1_Elche,O3,-64,0.03338747628928246
T1_E1_Alicante,O3,T2_E1_Elche,O3,-63,0.0028940418822070513
T1_E1_Alicante,O3,T2_E1_Elche,O3,-62,-0.011743319050015284
T1_E1_Alicante,O3,T2_E1_Elche,O3,-61,-0.014954349097099532
T1_E1_Alicante,O3,T2_E1_Elche,O3,-60,-0.010999845260784671
T1_E1_Alicante,O3,T2_E1_Elche,O3,-59,-0.0016453737550855222
T1_E1_Alicante,O3,T2_E1_Elche,O3,-58,0.013335824715283658
T1_E1_Alicante,O3,T2_E1_Elche,O3,-57,0.03679758578098831
T1_E1_Alicante,O3,T2_E1_Elche,O3,-56,0.07286808454765946
T1_E1_Alicante,O3,T2_E1_Elche,O3,-55,0.12327743439162352
T1_E1_Alicante,O3,T2_E1_Elche,O3,-54,0.1891128258320361
T1_E1_Alicante,O3,T2_E1_Elche,O3,-53,0.2697787743789866
T1_E1_Alicante,O3,T2_E1_Elche,O3,-52,0.3616391287817812
T1_E1_Alicante,O3,T2_E1_Elche,O3,-51,0.45955979181258766
T1_E1_Alicante,O3,T2_E1_Elche,O3,-50,0.5527295010815992
T1_E1_Alicante,O3,T2_E1_Elche,O3,-49,0.6226697874350127
T1_E1_Alicante,O3,T2_E1_Elche,O3,-48,0.6485486350282061
T1_E1_Alicante,O3,T2_E1_Elche,O3,-47,0.6173305152892787
T1_E1_Alicante,O3,T2_E1_Elche,O3,-46,0.540376881504478
T1_E1_Alicante,O3,T2_E1_Elche,O3,-45,0.43898717808505
T1_E1_Alicante,O3,T2_E1_Elche,O3,-44,0.3328512104951168
T1_E1_Alicante,O3,T2_E1_Elche,O3,-43,0.23543217310470094
T1_E1_Alicante,O3,T2_E1_Elche,O3,-42,0.15279095762404002
T1_E1_Alicante,O3,T2_E1_Elche,O3,-41,0.08668363687933313
T1_E1_Alicante,O3,T2_E1_Elche,O3,-40,0.03834501365885781
T1_E1_Alicante,O3,T2_E1_Elche,O3,-39,0.008221867947863889
T1_E1_Alicante,O3,T2_E1_Elche,O3,-38,-0.005773459799910311
T1_E1_Alicante,O3,T2_E1_Elche,O3,-37,-0.007825023135488886
T1_E1_Alicante,O3,T2_E1_Elche,O3,-36,-0.0025626924211950173
T1_E1_Alicante,O3,T2_E1_Elche,O3,-35,0.007478044157681843
T1_E1_Alicante,O3,T2_E1_Elche,O3,-34,0.022948550950975168
T1_E1_Alicante,O3,T2_E1_Elche,O3,-33,0.04768375048648284
T1_E1_Alicante,O3,T2_E1_Elche,O3,-32,0.08620597198200357
T1_E1_Alicante,O3,T2_E1_Elche,O3,-31,0.14031821030277702
T1_E1_Alicante,O3,T2_E1_Elche,O3,-30,0.2101037447605213
T1_E1_Alicante,O3,T2_E1_Elche,O3,-29,0.2949842617526935
T1_E1_Alicante,O3,T2_E1_Elche,O3,-28,0.3923201261475249
T1_E1_Alicante,O3,T2_E1_Elche,O3,-27,0.49571188406094213
T1_E1_Alicante,O3,T2_E1_Elche,O3,-26,0.5937877942724616
T1_E1_Alicante,O3,T2_E1_Elche,O3,-25,0.6703371238506501
T1_E1_Alicante,O3,T2_E1_Elche,O3,-24,0.7005142445476391
T1_E1_Alicante,O3,T2_E1_Elche,O3,-23,0.6690247335216313
T1_E1_Alicante,O3,T2_E1_Elche,O3,-22,0.5878164628002415
T1_E1_Alicante,O3,T2_E1_Elche,O3,-21,0.4817571866247331
T1_E1_Alicante,O3,T2_E1_Elche,O3,-20,0.37226483428022744
T1_E1_Alicante,O3,T2_E1_Elche,O3,-19,0.2725530530027083
T1_E1_Alicante,O3,T2_E1_Elche,O3,-18,0.18921705326732957
T1_E1_Alicante,O3,T2_E1_Elche,O3,-17,0.12370456323252213
T1_E1_Alicante,O3,T2_E1_Elche,O3,-16,0.07733732689182808
T1_E1_Alicante,O3,T2_E1_Elche,O3,-15,0.04966582129154383
T1_E1_Alicante,O3,T2_E1_Elche,O3,-14,0.0388772677880101
T1_E1_Alicante,O3,T2_E1_Elche,O3,-13,0.03976544807938899
T1_E1_Alicante,O3,T2_E1_Elche,O3,-12,0.04818349830747162
T1_E1_Alicante,O3,T2_E1_Elche,O3,-11,0.0620787944914094
T1_E1_Alicante,O3,T2_E1_Elche,O3,-10,0.08067689054085521
T1_E1_Alicante,O3,T2_E1_Elche,O3,-9,0.1082312708687164
T1_E1_Alicante,O3,T2_E1_Elche,O3,-8,0.15138818237467616
T1_E1_Alicante,O3,T2_E1_Elche,O3,-7,0.21311597942793112
T1_E1_Alicante,O3,T2_E1_Elche,O3,-6,0.294788766980479
T1_E1_Alicante,O3,T2_E1_Elche,O3,-5,0.395810264039479
T1_E1_Alicante,O3,T2_E1_Elche,O3,-4,0.5125531546553797
T1_E1_Alicante,O3,T2_E1_Elche,O3,-3,0.6389063124557988
T1_E1_Alicante,O3,T2_E1_Elche,O3,-2,0.7635990245493016
T1_E1_Alicante,O3,T2_E1_Elche,O3,-1,0.8655217936344834
T1_E1_Alicante,O3,T2_E1_Elche,O3,0,0.9091450628173905
T1_E1_Alicante,O3,T2_E1_Elche,O3,1,0.8663004619806385
T1_E1_Alicante,O3,T2_E1_Elche,O3,2,0.7564487039499315
T1_E1_Alicante,O3,T2_E1_Elche,O3,3,0.6186197831157945
T1_E1_Alicante,O3,T2_E1_Elche,O3,4,0.48192033211936386
T1_E1_Alicante,O3,T2_E1_Elche,O3,5,0.35966847766464105
T1_E1_Alicante,O3,T2_E1_Elche,O3,6,0.2564396753809088
T1_E1_Alicante,O3,T2_E1_Elche,O3,7,0.17423561305690363
T1_E1_Alicante,O3,T2_E1_Elche,O3,8,0.11387846508825122
T1_E1_Alicante,O3,T2_E1_Elche,O3,9,0.07534639022775629
T1_E1_Alicante,O3,T2_E1_Elche,O3,10,0.05530052514224942
T1_E1_Alicante,O3,T2_E1_Elche,O3,11,0.04839115346495152
T1_E1_Alicante,O3,T2_E1_Elche,O3,12,0.049454787797913284
T1_E1_Alicante,O3,T2_E1_Elche,O3,13,0.05531737141354411
T1_E1_Alicante,O3,T2_E1_Elche,O3,14,0.06613374163240121
T1_E1_Alicante,O3,T2_E1_Elche,O3,15,0.08612654065966449
T1_E1_Alicante,O3,T2_E1_Elche,O3,16,0.11981727243005992
T1_E1_Alicante,O3,T2_E1_Elche,O3,17,0.1706581059344427
T1_E1_Alicante,O3,T2_E1_Elche,O3,18,0.2385310252697005
T1_E1_Alicante,O3,T2_E1_Elche,O3,19,0.321888763222191
T1_E1_Alicante,O3,T2_E1_Elche,O3,20,0.41737604687422836
T1_E1_Alicante,O3,T2_E1_Elche,O3,21,0.5195235982241819
T1_E1_Alicante,O3,T2_E1_Elche,O3,22,0.616706684480384
T1_E1_Alicante,O3,T2_E1_Elche,O3,23,0.6893288871588241
T1_E1_Alicante,O3,T2_E1_Elche,O3,24,0.7142760443437576
T1_E1_Alicante,O3,T2_E1_Elche,O3,25,0.6778653096435475
T1_E1_Alicante,O3,T2_E1_Elche,O3,26,0.59164188923564
T1_E1_Alicante,O3,T2_E1_Elche,O3,27,0.47969709485994483
T1_E1_Alicante,O3,T2_E1_Elche,O3,28,0.36437339108487876
T1_E1_Alicante,O3,T2_E1_Elche,O3,29,0.2597055489021271
T1_E1_Alicante,O3,T2_E1_Elche,O3,30,0.17176113367665813
T1_E1_Alicante,O3,T2_E1_Elche,O3,31,0.10201759856490535
T1_E1_Alicante,O3,T2_E1_Elche,O3,32,0.050621633939301705
T1_E1_Alicante,O3,T2_E1_Elche,O3,33,0.018024004967057063
T1_E1_Alicante,O3,T2_E1_Elche,O3,34,0.0017297465562697602
T1_E1_Alicante,O3,T2_E1_Elche,O3,35,-0.002418074751474595
T1_E1_Alicante,O3,T2_E1_Elche,O3,36,0.0007401850951099432
T1_E1_Alicante,O3,T2_E1_Elche,O3,37,0.008559879425880917
T1_E1_Alicante,O3,T2_E1_Elche,O3,38,0.020438205022854206
T1_E1_Alicante,O3,T2_E1_Elche,O3,39,0.040278978316721954
T1_E1_Alicante,O3,T2_E1_Elche,O3,40,0.07378250766322035
T1_E1_Alicante,O3,T2_E1_Elche,O3,41,0.12428347057631886
T1_E1_Alicante,O3,T2_E1_Elche,O3,42,0.19242959048804675
T1_E1_Alicante,O3,T2_E1_Elche,O3,43,0.27637406096320505
T1_E1_Alicante,O3,T2_E1_Elche,O3,44,0.37188860106070837
T1_E1_Alicante,O3,T2_E1_Elche,O3,45,0.47245581856361923
T1_E1_Alicante,O3,T2_E1_Elche,O3,46,0.566826664506186
T1_E1_Alicante,O3,T2_E1_Elche,O3,47,0.63764995216676
T1_E1_Alicante,O3,T2_E1_Elche,O3,48,0.662346688672872
T1_E1_Alicante,O3,T2_E1_Elche,O3,49,0.6285591380269873
T1_E1_Alicante,O3,T2_E1_Elche,O3,50,0.548723661842081
T1_E1_Alicante,O3,T2_E1_Elche,O3,51,0.44572513364715705
T1_E1_Alicante,O3,T2_E1_Elche,O3,52,0.33902676788755937
T1_E1_Alicante,O3,T2_E1_Elche,O3,53,0.24154475166673353
T1_E1_Alicante,O3,T2_E1_Elche,O3,54,0.15927990063172873
T1_E1_Alicante,O3,T2_E1_Elche,O3,55,0.09392436686593342
T1_E1_Alicante,O3,T2_E1_Elche,O3,56,0.04579650819828503
T1_E1_Alicante,O3,T2_E1_Elche,O3,57,0.014873379671311316
T1_E1_Alicante,O3,T2_E1_Elche,O3,58,-0.00016205355045253154
T1_E1_Alicante,O3,T2_E1_Elche,O3,59,-0.004186853819826904
T1_E1_Alicante,O3,T2_E1_Elche,O3,60,-0.001347982499187173
T1_E1_Alicante,O3,T2_E1_Elche,O3,61,0.006157588216663982
T1_E1_Alicante,O3,T2_E1_Elche,O3,62,0.019644484893240534
T1_E1_Alicante,O3,T2_E1_Elche,O3,63,0.04159398586269962
T1_E1_Alicante,O3,T2_E1_Elche,O3,64,0.07654213387131793
T1_E1_Alicante,O3,T2_E1_Elche,O3,65,0.1280507562957053
T1_E1_Alicante,O3,T2_E1_Elche,O3,66,0.19569317290572552
T1_E1_Alicante,O3,T2_E1_Elche,O3,67,0.27661093960141747
T1_E1_Alicante,O3,T2_E1_Elche,O3,68,0.36764097530543843
T1_E1_Alicante,O3,T2_E1_Elche,O3,69,0.462613078656993
T1_E1_Alicante,O3,T2_E1_Elche,O3,70,0.5520255333366421
T1_E1_Alicante,O3,T2_E1_Elche,O3,71,0.6187078936976582
T1_E1_Alicante,O3,T2_E1_Elche,O3,72,0.6415593618902437
T1_E1_Alicante,O3,T2_E2_Elda,NO,-72,-0.1122725230598323
T1_E1_Alicante,O3,T2_E2_Elda,NO,-71,-0.15207615838007418
T1_E1_Alicante,O3,T2_E2_Elda,NO,-70,-0.15929813966485828
T1_E1_Alicante,O3,T2_E2_Elda,NO,-69,-0.1440897738040206
T1_E1_Alicante,O3,T2_E2_Elda,NO,-68,-0.12600647936128315
T1_E1_Alicante,O3,T2_E2_Elda,NO,-67,-0.11341018529353712
T1_E1_Alicante,O3,T2_E2_Elda,NO,-66,-0.1069654147225164
T1_E1_Alicante,O3,T2_E2_Elda,NO,-65,-0.10578020812849527
T1_E1_Alicante,O3,T2_E2_Elda,NO,-64,-0.10742726976339478
T1_E1_Alicante,O3,T2_E2_Elda,NO,-63,-0.11101623595560595
T1_E1_Alicante,O3,T2_E2_Elda,NO,-62,-0.11580924153332674
T1_E1_Alicante,O3,T2_E2_Elda,NO,-61,-0.11780723071505707
T1_E1_Alicante,O3,T2_E2_Elda,NO,-60,-0.11352511821543802
T1_E1_Alicante,O3,T2_E2_Elda,NO,-59,-0.09360008152342295
T1_E1_Alicante,O3,T2_E2_Elda,NO,-58,-0.060686829033113086
T1_E1_Alicante,O3,T2_E2_Elda,NO,-57,-0.019378384694808584
T1_E1_Alicante,O3,T2_E2_Elda,NO,-56,0.020990062257595584
T1_E1_Alicante,O3,T2_E2_Elda,NO,-55,0.05289537216749504
T1_E1_Alicante,O3,T2_E2_Elda,NO,-54,0.07223190925994921
T1_E1_Alicante,O3,T2_E2_Elda,NO,-53,0.07853161490806469
T1_E1_Alicante,O3,T2_E2_Elda,NO,-52,0.06998945063996559
T1_E1_Alicante,O3,T2_E2_Elda,NO,-51,0.04648766580219475
T1_E1_Alicante,O3,T2_E2_Elda,NO,-50,0.006587674057777536
T1_E1_Alicante,O3,T2_E2_Elda,NO,-49,-0.04981622239165836
T1_E1_Alicante,O3,T2_E2_Elda,NO,-48,-0.10781464082313748
T1_E1_Alicante,O3,T2_E2_Elda,NO,-47,-0.14578354651872777
T1_E1_Alicante,O3,T2_E2_Elda,NO,-46,-0.15512133976003403
T1_E1_Alicante,O3,T2_E2_Elda,NO,-45,-0.14680907625229975
T1_E1_Alicante,O3,T2_E2_Elda,NO,-44,-0.1325670996819547
T1_E1_Alicante,O3,T2_E2_Elda,NO,-43,-0.12246197296839341
T1_E1_Alicante,O3,T2_E2_Elda,NO,-42,-0.11686893428033938
T1_E1_Alicante,O3,T2_E2_Elda,NO,-41,-0.11470698072672407
T1_E1_Alicante,O3,T2_E2_Elda,NO,-40,-0.11420127116072779
T1_E1_Alicante,O3,T2_E2_Elda,NO,-39,-0.1141703521009013
T1_E1_Alicante,O3,T2_E2_Elda,NO,-38,-0.11686989251590027
T1_E1_Alicante,O3,T2_E2_Elda,NO,-37,-0.11878078424757649
T1_E1_Alicante,O3,T2_E2_Elda,NO,-36,-0.11460425614732137
T1_E1_Alicante,O3,T2_E2_Elda,NO,-35,-0.09644898277807827
T1_E1_Alicante,O3,T2_E2_Elda,NO,-34,-0.0651179063599899
T1_E1_Alicante,O3,T2_E2_Elda,NO,-33,-0.024255795948679878
T1_E1_Alicante,O3,T2_E2_Elda,NO,-32,0.014445574454283079
T1_E1_Alicante,O3,T2_E2_Elda,NO,-31,0.044590030812880356
T1_E1_Alicante,O3,T2_E2_Elda,NO,-30,0.06417993781413109
T1_E1_Alicante,O3,T2_E2_Elda,NO,-29,0.0710561015993933
T1_E1_Alicante,O3,T2_E2_Elda,NO,-28,0.062099618379845664
T1_E1_Alicante,O3,T2_E2_Elda,NO,-27,0.036218059683923005
T1_E1_Alicante,O3,T2_E2_Elda,NO,-26,-0.010549527458772391
T1_E1_Alicante,O3,T2_E2_Elda,NO,-25,-0.07566650203155738
T1_E1_Alicante,O3,T2_E2_Elda,NO,-24,-0.14306748573416905
T1_E1_Alicante,O3,T2_E2_Elda,NO,-23,-0.1860579056227567
T1_E1_Alicante,O3,T2_E2_Elda,NO,-22,-0.1922881071351158
T1_E1_Alicante,O3,T2_E2_Elda,NO,-21,-0.17602064984249777
T1_E1_Alicante,O3,T2_E2_Elda,NO,-20,-0.1544692633190392
T1_E1_Alicante,O3,T2_E2_Elda,NO,-19,-0.1386563049925109
T1_E1_Alicante,O3,T2_E2_Elda,NO,-18,-0.13151151780115922
T1_E1_Alicante,O3,T2_E2_Elda,NO,-17,-0.130878813334502
T1_E1_Alicante,O3,T2_E2_Elda,NO,-16,-0.13291788409909955
T1_E1_Alicante,O3,T2_E2_Elda,NO,-15,-0.13617566378055102
T1_E1_Alicante,O3,T2_E2_Elda,NO,-14,-0.14178345854775484
T1_E1_Alicante,O3,T2_E2_Elda,NO,-13,-0.1463652020246969
T1_E1_Alicante,O3,T2_E2_Elda,NO,-12,-0.1438588260910101
T1_E1_Alicante,O3,T2_E2_Elda,NO,-11,-0.12844831541756654
T1_E1_Alicante,O3,T2_E2_Elda,NO,-10,-0.09785029430941221
T1_E1_Alicante,O3,T2_E2_Elda,NO,-9,-0.05518937953623871
T1_E1_Alicante,O3,T2_E2_Elda,NO,-8,-0.011507549061029508
T1_E1_Alicante,O3,T2_E2_Elda,NO,-7,0.021299988704115924
T1_E1_Alicante,O3,T2_E2_Elda,NO,-6,0.0404522773631998
T1_E1_Alicante,O3,T2_E2_Elda,NO,-5,0.04478256746317546
T1_E1_Alicante,O3,T2_E2_Elda,NO,-4,0.03211565519058143
T1_E1_Alicante,O3,T2_E2_Elda,NO,-3,9.765303083373969e-05
T1_E1_Alicante,O3,T2_E2_Elda,NO,-2,-0.05364331493137003
T1_E1_Alicante,O3,T2_E2_Elda,NO,-1,-0.12849038544946445
T1_E1_Alicante,O3,T2_E2_Elda,NO,0,-0.20370854963253396
T1_E1_Alicante,O3,T2_E2_Elda,NO,1,-0.24910340189337957
T1_E1_Alicante,O3,T2_E2_Elda,NO,2,-0.25241129907869647
T1_E1_Alicante,O3,T2_E2_Elda,NO,3,-0.22785766997344806
T1_E1_Alicante,O3,T2_E2_Elda,NO,4,-0.1968486337928674
T1_E1_Alicante,O3,T2_E2_Elda,NO,5,-0.17291618900128158
T1_E1_Alicante,O3,T2_E2_Elda,NO,6,-0.1596400006227451
T1_E1_Alicante,O3,T2_E2_Elda,NO,7,-0.1529320500071892
T1_E1_Alicante,O3,T2_E2_Elda,NO,8,-0.14834626720149732
T1_E1_Alicante,O3,T2_E2_Elda,NO,9,-0.1459798892012307
T1_E1_Alicante,O3,T2_E2_Elda,NO,10,-0.1491444200158859
T1_E1_Alicante,O3,T2_E2_Elda,NO,11,-0.15160650319749225
T1_E1_Alicante,O3,T2_E2_Elda,NO,12,-0.14722261765597225
T1_E1_Alicante,O3,T2_E2_Elda,NO,13,-0.12849274986506512
T1_E1_Alicante,O3,T2_E2_Elda,NO,14,-0.09537667460574084
T1_E1_Alicante,O3,T2_E2_Elda,NO,15,-0.05016533273783249
T1_E1_Alicante,O3,T2_E2_Elda,NO,16,-0.0036848210472609413
T1_E1_Alicante,O3,T2_E2_Elda,NO,17,0.03368794794271844
T1_E1_Alicante,O3,T2_E2_Elda,NO,18,0.058547219239545964
T1_E1_Alicante,O3,T2_E2_Elda,NO,19,0.06805007041604526
T1_E1_Alicante,O3,T2_E2_Elda,NO,20,0.062263121704248435
T1_E1_Alicante,O3,T2_E2_Elda,NO,21,0.03809174445784847
T1_E1_Alicante,O3,T2_E2_Elda,NO,22,-0.00859579827838845
T1_E1_Alicante,O3,T2_E2_Elda,NO,23,-0.07508567654318556
T1_E1_Alicante,O3,T2_E2_Elda,NO,24,-0.14473272670351942
T1_E1_Alicante,O3,T2_E2_Elda,NO,25,-0.18888260050692346
T1_E1_Alicante,O3,T2_E2_Elda,NO,26,-0.19348028736061174
T1_E1_Alicante,O3,T2_E2_Elda,NO,27,-0.17426050505821658
T1_E1_Alicante,O3,T2_E2_Elda,NO,28,-0.1481608650287329
T1_E1_Alicante,O3,T2_E2_Elda,NO,29,-0.12570340483518763
T1_E1_Alicante,O3,T2_E2_Elda,NO,30,-0.11327077384202894
T1_E1_Alicante,O3,T2_E2_Elda,NO,31,-0.10882694059872271
T1_E1_Alicante,O3,T2_E2_Elda,NO,32,-0.10857851058526174
T1_E1_Alicante,O3,T2_E2_Elda,NO,33,-0.11209742069667998
T1_E1_Alicante,O3,T2_E2_Elda,NO,34,-0.11724411578483089
T1_E1_Alicante,O3,T2_E2_Elda,NO,35,-0.1202947740019793
T1_E1_Alicante,O3,T2_E2_Elda,NO,36,-0.11662626562072884
T1_E1_Alicante,O3,T2_E2_Elda,NO,37,-0.09996689819754176
T1_E1_Alicante,O3,T2_E2_Elda,NO,38,-0.06671548129259933
T1_E1_Alicante,O3,T2_E2_Elda,NO,39,-0.021861609840539805
T1_E1_Alicante,O3,T2_E2_Elda,NO,40,0.024468634835833895
T1_E1_Alicante,O3,T2_E2_Elda,NO,41,0.05950465897815415
T1_E1_Alicante,O3,T2_E2_Elda,NO,42,0.0790588060118854
T1_E1_Alicante,O3,T2_E2_Elda,NO,43,0.08341447547183094
T1_E1_Alicante,O3,T2_E2_Elda,NO,44,0.07483099224946693
T1_E1_Alicante,O3,T2_E2_Elda,NO,45,0.0516948729197201
T1_E1_Alicante,O3,T2_E2_Elda,NO,46,0.00866406323105118
T1_E1_Alicante,O3,T2_E2_Elda,NO,47,-0.053322101869638226
T1_E1_Alicante,O3,T2_E2_Elda,NO,48,-0.1153986039712614
T1_E1_Alicante,O3,T2_E2_Elda,NO,49,-0.15337604236081956
T1_E1_Alicante,O3,T2_E2_Elda,NO,50,-0.15854613230115175
T1_E1_Alicante,O3,T2_E2_Elda,NO,51,-0.14326013596852186
T1_E1_Alicante,O3,T2_E2_Elda,NO,52,-0.12368871764921166
T1_E1_Alicante,O3,T2_E2_Elda,NO,53,-0.10776171291807031
T1_E1_Alicante,O3,T2_E2_Elda,NO,54,-0.09915704218936186
T1_E1_Alicante,O3,T2_E2_Elda,NO,55,-0.0967046937706145
T1_E1_Alicante,O3,T2_E2_Elda,NO,56,-0.09649322342440853
T1_E1_Alicante,O3,T2_E2_Elda,NO,57,-0.09774768527590025
T1_E1_Alicante,O3,T2_E2_Elda,NO,58,-0.10044470099430322
T1_E1_Alicante,O3,T2_E2_Elda,NO,59,-0.10298804339681557
T1_E1_Alicante,O3,T2_E2_Elda,NO,60,-0.10115697458714344
T1_E1_Alicante,O3,T2_E2_Elda,NO,61,-0.08792377699212149
T1_E1_Alicante,O3,T2_E2_Elda,NO,62,-0.05764377962321733
T1_E1_Alicante,O3,T2_E2_Elda,NO,63,-0.014891186883209725
T1_E1_Alicante,O3,T2_E2_Elda,NO,64,0.028943020427427923
T1_E1_Alicante,O3,T2_E2_Elda,NO,65,0.06253386808821136
T1_E1_Alicante,O3,T2_E2_Elda,NO,66,0.08259464365116283
T1_E1_Alicante,O3,T2_E2_Elda,NO,67,0.08911294773300343
T1_E1_Alicante,O3,T2_E2_Elda,NO,68,0.08412522284338342
T1_E1_Alicante,O3,T2_E2_Elda,NO,69,0.062084166811193574
T1_E1_Alicante,O3,T2_E2_Elda,NO,70,0.02269770407187284
T1_E1_Alicante,O3,T2_E2_Elda,NO,71,-0.034601549383540924
T1_E1_Alicante,O3,T2_E2_Elda,NO,72,-0.09477907058010243
T1_E1_Alicante,O3,T2_E2_Elda,NO2,-72,-0.22744897948124074
T1_E1_Alicante,O3,T2_E2_Elda,NO2,-71,-0.2340040869453711
T1_E1_Alicante,O3,T2_E2_Elda,NO2,-70,-0.19928013911932063
T1_E1_Alicante,O3,T2_E2_Elda,NO2,-69,-0.14259471559261314
T1_E1_Alicante,O3,T2_E2_Elda,NO2,-68,-0.08656057816988219
T1_E1_Alicante,O3,T2_E2_Elda,NO2,-67,-0.042980448575180887
T1_E1_Alicante,O3,T2_E2_Elda,NO2,-66,-0.01477773740621615
T1_E1_Alicante,O3,T2_E2_Elda,NO2,-65,-0.0008516803615458418
T1_E1_Alicante,O3,T2_E2_Elda,NO2,-64,0.0013342223138706208
T1_E1_Alicante,O3,T2_E2_Elda,NO2,-63,-0.005831009798012663
T1_E1_Alicante,O3,T2_E2_Elda,NO2,-62,-0.020246465478049935
T1_E1_Alicante,O3,T2_E2_Elda,NO2,-61,-0.03430812701103445
T1_E1_Alicante,O3,T2_E2_Elda,NO2,-60,-0.043362009531955306
T1_E1_Alicante,O3,T2_E2_Elda,NO2,-59,-0.04074608614757049
T1_E1_Alicante,O3,T2_E2_Elda,NO2,-58,-0.024819169166348493
T1_E1_Alicante,O3,T2_E2_Elda,NO2,-57,-0.0008226015309386078
T1_E1_Alicante,O3,T2_E2_Elda,NO2,-56,0.021623494069046012
T1_E1_Alicante,O3,T2_E2_Elda,NO2,-55,0.036103010837744684
T1_E1_Alicante,O3,T2_E2_Elda,NO2,-54,0.03768187505276706
T1_E1_Alicante,O3,T2_E2_Elda,NO2,-53,0.025105907601586513
T1_E1_Alicante,O3,T2_E2_Elda,NO2,-52,-0.00292970315271631
T1_E1_Alicante,O3,T2_E2_Elda,NO2,-51,-0.04854179042033906
T1_E1_Alicante,O3,T2_E2_Elda,NO2,-50,-0.11247528812337021
T1_E1_Alicante,O3,T2_E2_Elda,NO2,-49,-0.18248516403387946
T1_E1_Alicante,O3,T2_E2_Elda,NO2,-48,-0.22979775077414244
T1_E1_Alicante,O3,T2_E2_Elda,NO2,-47,-0.23351294191267066
T1_E1_Alicante,O3,T2_E2_Elda,NO2,-46,-0.19576553396399718
T1_E1_Alicante,O3,T2_E2_Elda,NO2,-45,-0.1396871674990698
T1_E1_Alicante,O3,T2_E2_Elda,NO2,-44,-0.08394623467736849
T1_E1_Alicante,O3,T2_E2_Elda,NO2,-43,-0.040128967359008554
T1_E1_Alicante,O3,T2_E2_Elda,NO2,-42,-0.01033135330179759
T1_E1_Alicante,O3,T2_E2_Elda,NO2,-41,0.0068274754800945045
T1_E1_Alicante,O3,T2_E2_Elda,NO2,-40,0.009911606664659477
T1_E1_Alicante,O3,T2_E2_Elda,NO2,-39,0.0011243256360360368
T1_E1_Alicante,O3,T2_E2_Elda,NO2,-38,-0.01512117791884169
T1_E1_Alicante,O3,T2_E2_Elda,NO2,-37,-0.03094304821558707
T1_E1_Alicante,O3,T2_E2_Elda,NO2,-36,-0.04040093609511903
T1_E1_Alicante,O3,T2_E2_Elda,NO2,-35,-0.03687404761062329
T1_E1_Alicante,O3,T2_E2_Elda,NO2,-34,-0.021596916032835926
T1_E1_Alicante,O3,T2_E2_Elda,NO2,-33,-0.00038568884955716
T1_E1_Alicante,O3,T2_E2_Elda,NO2,-32,0.019379850361243678
T1_E1_Alicante,O3,T2_E2_Elda,NO2,-31,0.02990251523256527
T1_E1_Alicante,O3,T2_E2_Elda,NO2,-30,0.028033933940152425
T1_E1_Alicante,O3,T2_E2_Elda,NO2,-29,0.011157541973041056
T1_E1_Alicante,O3,T2_E2_Elda,NO2,-28,-0.022289859463217862
T1_E1_Alicante,O3,T2_E2_Elda,NO2,-27,-0.07619483698854798
T1_E1_Alicante,O3,T2_E2_Elda,NO2,-26,-0.15018405010982186
T1_E1_Alicante,O3,T2_E2_Elda,NO2,-25,-0.22884054722341668
T1_E1_Alicante,O3,T2_E2_Elda,NO2,-24,-0.2839484536510101
T1_E1_Alicante,O3,T2_E2_Elda,NO2,-23,-0.28966331819326985
T1_E1_Alicante,O3,T2_E2_Elda,NO2,-22,-0.24804175914999765
T1_E1_Alicante,O3,T2_E2_Elda,NO2,-21,-0.18438040767411368
T1_E1_Alicante,O3,T2_E2_Elda,NO2,-20,-0.12128804994779542
T1_E1_Alicante,O3,T2_E2_Elda,NO2,-19,-0.07335823748704429
T1_E1_Alicante,O3,T2_E2_Elda,NO2,-18,-0.04360795506672823
T1_E1_Alicante,O3,T2_E2_Elda,NO2,-17,-0.031099901339440263
T1_E1_Alicante,O3,T2_E2_Elda,NO2,-16,-0.03337482234468733
T1_E1_Alicante,O3,T2_E2_Elda,NO2,-15,-0.046758948277272464
T1_E1_Alicante,O3,T2_E2_Elda,NO2,-14,-0.0680099698494849
T1_E1_Alicante,O3,T2_E2_Elda,NO2,-13,-0.08997018303840254
T1_E1_Alicante,O3,T2_E2_Elda,NO2,-12,-0.10482266789411533
T1_E1_Alicante,O3,T2_E2_Elda,NO2,-11,-0.10705611188941934
T1_E1_Alicante,O3,T2_E2_Elda,NO2,-10,-0.09416485130808819
T1_E1_Alicante,O3,T2_E2_Elda,NO2,-9,-0.07347955352312635
T1_E1_Alicante,O3,T2_E2_Elda,NO2,-8,-0.054257858369240304
T1_E1_Alicante,O3,T2_E2_Elda,NO2,-7,-0.04446409373616131
T1_E1_Alicante,O3,T2_E2_Elda,NO2,-6,-0.04998485550685378
T1_E1_Alicante,O3,T2_E2_Elda,NO2,-5,-0.07385852888894194
T1_E1_Alicante,O3,T2_E2_Elda,NO2,-4,-0.11858705449765433
T1_E1_Alicante,O3,T2_E2_Elda,NO2,-3,-0.18518844222461997
T1_E1_Alicante,O3,T2_E2_Elda,NO2,-2,-0.27091707820994143
T1_E1_Alicante,O3,T2_E2_Elda,NO2,-1,-0.35941334479797715
T1_E1_Alicante,O3,T2_E2_Elda,NO2,0,-0.4199849225813162
T1_E1_Alicante,O3,T2_E2_Elda,NO2,1,-0.4208391318099651
T1_E1_Alicante,O3,T2_E2_Elda,NO2,2,-0.3641561734361887
T1_E1_Alicante,O3,T2_E2_Elda,NO2,3,-0.28004304274219505
T1_E1_Alicante,O3,T2_E2_Elda,NO2,4,-0.19894413973240843
T1_E1_Alicante,O3,T2_E2_Elda,NO2,5,-0.1360542471207009
T1_E1_Alicante,O3,T2_E2_Elda,NO2,6,-0.09527314468985225
T1_E1_Alicante,O3,T2_E2_Elda,NO2,7,-0.07403173533116635
T1_E1_Alicante,O3,T2_E2_Elda,NO2,8,-0.0678236058593433
T1_E1_Alicante,O3,T2_E2_Elda,NO2,9,-0.07370337392214717
T1_E1_Alicante,O3,T2_E2_Elda,NO2,10,-0.08942826365763036
T1_E1_Alicante,O3,T2_E2_Elda,NO2,11,-0.10612189443054912
T1_E1_Alicante,O3,T2_E2_Elda,NO2,12,-0.114015162813336
T1_E1_Alicante,O3,T2_E2_Elda,NO2,13,-0.10720603168269639
T1_E1_Alicante,O3,T2_E2_Elda,NO2,14,-0.08668649202033603
T1_E1_Alicante,O3,T2_E2_Elda,NO2,15,-0.05796481149525539
T1_E1_Alicante,O3,T2_E2_Elda,NO2,16,-0.030445821964512083
T1_E1_Alicante,O3,T2_E2_Elda,NO2,17,-0.013077593459314156
T1_E1_Alicante,O3,T2_E2_Elda,NO2,18,-0.009599128714823593
T1_E1_Alicante,O3,T2_E2_Elda,NO2,19,-0.022294477087092642
T1_E1_Alicante,O3,T2_E2_Elda,NO2,20,-0.05379591248792988
T1_E1_Alicante,O3,T2_E2_Elda,NO2,21,-0.10541853397540046
T1_E1_Alicante,O3,T2_E2_Elda,NO2,22,-0.17590299184020114
T1_E1_Alicante,O3,T2_E2_Elda,NO2,23,-0.25082578119954424
T1_E1_Alicante,O3,T2_E2_Elda,NO2,24,-0.3026579455385711
T1_E1_Alicante,O3,T2_E2_Elda,NO2,25,-0.30516894609913564
T1_E1_Alicante,O3,T2_E2_Elda,NO2,26,-0.25832411856868015
T1_E1_Alicante,O3,T2_E2_Elda,NO2,27,-0.18816298121119493
T1_E1_Alicante,O3,T2_E2_Elda,NO2,28,-0.12059598190276509
T1_E1_Alicante,O3,T2_E2_Elda,NO2,29,-0.06766653924013359
T1_E1_Alicante,O3,T2_E2_Elda,NO2,30,-0.03316350436923361
T1_E1_Alicante,O3,T2_E2_Elda,NO2,31,-0.015200035889450736
T1_E1_Alicante,O3,T2_E2_Elda,NO2,32,-0.011867192427333093
T1_E1_Alicante,O3,T2_E2_Elda,NO2,33,-0.02091541421037222
T1_E1_Alicante,O3,T2_E2_Elda,NO2,34,-0.0364633055305065
T1_E1_Alicante,O3,T2_E2_Elda,NO2,35,-0.050565913367922516
T1_E1_Alicante,O3,T2_E2_Elda,NO2,36,-0.05767454350354433
T1_E1_Alicante,O3,T2_E2_Elda,NO2,37,-0.05298158084375125
T1_E1_Alicante,O3,T2_E2_Elda,NO2,38,-0.035203338422932925
T1_E1_Alicante,O3,T2_E2_Elda,NO2,39,-0.00988227295886994
T1_E1_Alicante,O3,T2_E2_Elda,NO2,40,0.014135580426720461
T1_E1_Alicante,O3,T2_E2_Elda,NO2,41,0.02850283327683471
T1_E1_Alicante,O3,T2_E2_Elda,NO2,42,0.030380829495663418
T1_E1_Alicante,O3,T2_E2_Elda,NO2,43,0.01681979087177829
T1_E1_Alicante,O3,T2_E2_Elda,NO2,44,-0.013439914049623398
T1_E1_Alicante,O3,T2_E2_Elda,NO2,45,-0.06230487574145622
T1_E1_Alicante,O3,T2_E2_Elda,NO2,46,-0.12893373645521827
T1_E1_Alicante,O3,T2_E2_Elda,NO2,47,-0.20041251507033292
T1_E1_Alicante,O3,T2_E2_Elda,NO2,48,-0.24978810380566888
T1_E1_Alicante,O3,T2_E2_Elda,NO2,49,-0.25533243991211513
T1_E1_Alicante,O3,T2_E2_Elda,NO2,50,-0.21742119996111245
T1_E1_Alicante,O3,T2_E2_Elda,NO2,51,-0.15868503223393055
T1_E1_Alicante,O3,T2_E2_Elda,NO2,52,-0.101432156428429
T1_E1_Alicante,O3,T2_E2_Elda,NO2,53,-0.05547993197032049
T1_E1_Alicante,O3,T2_E2_Elda,NO2,54,-0.02485488252082106
T1_E1_Alicante,O3,T2_E2_Elda,NO2,55,-0.009926258923207311
T1_E1_Alicante,O3,T2_E2_Elda,NO2,56,-0.00848860774277754
T1_E1_Alicante,O3,T2_E2_Elda,NO2,57,-0.016825129196128344
T1_E1_Alicante,O3,T2_E2_Elda,NO2,58,-0.03170907321751541
T1_E1_Alicante,O3,T2_E2_Elda,NO2,59,-0.04533320647308705
T1_E1_Alicante,O3,T2_E2_Elda,NO2,60,-0.0518183949581775
T1_E1_Alicante,O3,T2_E2_Elda,NO2,61,-0.047120881431103635
T1_E1_Alicante,O3,T2_E2_Elda,NO2,62,-0.0284851319398171
T1_E1_Alicante,O3,T2_E2_Elda,NO2,63,-0.002989333681881084
T1_E1_Alicante,O3,T2_E2_Elda,NO2,64,0.020257936063657795
T1_E1_Alicante,O3,T2_E2_Elda,NO2,65,0.03391371536444942
T1_E1_Alicante,O3,T2_E2_Elda,NO2,66,0.034163889746720036
T1_E1_Alicante,O3,T2_E2_Elda,NO2,67,0.02076216522427741
T1_E1_Alicante,O3,T2_E2_Elda,NO2,68,-0.007532289949796817
T1_E1_Alicante,O3,T2_E2_Elda,NO2,69,-0.05389937045732523
T1_E1_Alicante,O3,T2_E2_Elda,NO2,70,-0.11615460877723537
T1_E1_Alicante,O3,T2_E2_Elda,NO2,71,-0.18198929658567845
T1_E1_Alicante,O3,T2_E2_Elda,NO2,72,-0.2262119942105828
T1_E1_Alicante,O3,T2_E2_Elda,O3,-72,0.6070202627181654
T1_E1_Alicante,O3,T2_E2_Elda,O3,-71,0.5649632414095783
T1_E1_Alicante,O3,T2_E2_Elda,O3,-70,0.4862450651017858
T1_E1_Alicante,O3,T2_E2_Elda,O3,-69,0.3868425158836224
T1_E1_Alicante,O3,T2_E2_Elda,O3,-68,0.27995890985848354
T1_E1_Alicante,O3,T2_E2_Elda,O3,-67,0.17429047858577765
T1_E1_Alicante,O3,T2_E2_Elda,O3,-66,0.07514623191015961
T1_E1_Alicante,O3,T2_E2_Elda,O3,-65,-0.012415364632336641
T1_E1_Alicante,O3,T2_E2_Elda,O3,-64,-0.08400785159057556
T1_E1_Alicante,O3,T2_E2_Elda,O3,-63,-0.13610617811498274
T1_E1_Alicante,O3,T2_E2_Elda,O3,-62,-0.1667792987395541
T1_E1_Alicante,O3,T2_E2_Elda,O3,-61,-0.17645015566050157
T1_E1_Alicante,O3,T2_E2_Elda,O3,-60,-0.16543074354542764
T1_E1_Alicante,O3,T2_E2_Elda,O3,-59,-0.13462154092852244
T1_E1_Alicante,O3,T2_E2_Elda,O3,-58,-0.08677883292493498
T1_E1_Alicante,O3,T2_E2_Elda,O3,-57,-0.024429048216633373
T1_E1_Alicante,O3,T2_E2_Elda,O3,-56,0.050332605085272826
T1_E1_Alicante,O3,T2_E2_Elda,O3,-55,0.13416069469416594
T1_E1_Alicante,O3,T2_E2_Elda,O3,-54,0.22481115679862496
T1_E1_Alicante,O3,T2_E2_Elda,O3,-53,0.3197667566896321
T1_E1_Alicante,O3,T2_E2_Elda,O3,-52,0.41469932358764217
T1_E1_Alicante,O3,T2_E2_Elda,O3,-51,0.5035015673163814
T1_E1_Alicante,O3,T2_E2_Elda,O3,-50,0.5768738827415697
T1_E1_Alicante,O3,T2_E2_Elda,O3,-49,0.6222930002554593
T1_E1_Alicante,O3,T2_E2_Elda,O3,-48,0.6249683317928973
T1_E1_Alicante,O3,T2_E2_Elda,O3,-47,0.5809651796331636
T1_E1_Alicante,O3,T2_E2_Elda,O3,-46,0.49997824561113385
T1_E1_Alicante,O3,T2_E2_Elda,O3,-45,0.39922541794561306
T1_E1_Alicante,O3,T2_E2_Elda,O3,-44,0.2916908938294429
T1_E1_Alicante,O3,T2_E2_Elda,O3,-43,0.18524466242000215
T1_E1_Alicante,O3,T2_E2_Elda,O3,-42,0.0843144767039861
T1_E1_Alicante,O3,T2_E2_Elda,O3,-41,-0.005364216085521788
T1_E1_Alicante,O3,T2_E2_Elda,O3,-40,-0.078473423986732
T1_E1_Alicante,O3,T2_E2_Elda,O3,-39,-0.1311233560002764
T1_E1_Alicante,O3,T2_E2_Elda,O3,-38,-0.16161394073687452
T1_E1_Alicante,O3,T2_E2_Elda,O3,-37,-0.1705976423591395
T1_E1_Alicante,O3,T2_E2_Elda,O3,-36,-0.15859790432265594
T1_E1_Alicante,O3,T2_E2_Elda,O3,-35,-0.12719244847069797
T1_E1_Alicante,O3,T2_E2_Elda,O3,-34,-0.07771517801561988
T1_E1_Alicante,O3,T2_E2_Elda,O3,-33,-0.01288856796947691
T1_E1_Alicante,O3,T2_E2_Elda,O3,-32,0.06519690318489096
T1_E1_Alicante,O3,T2_E2_Elda,O3,-31,0.15336621299073103
T1_E1_Alicante,O3,T2_E2_Elda,O3,-30,0.24888209370382514
T1_E1_Alicante,O3,T2_E2_Elda,O3,-29,0.3485012725847373
T1_E1_Alicante,O3,T2_E2_Elda,O3,-28,0.44877102555059956
T1_E1_Alicante,O3,T2_E2_Elda,O3,-27,0.543344155051763
T1_E1_Alicante,O3,T2_E2_Elda,O3,-26,0.6233227190985036
T1_E1_Alicante,O3,T2_E2_Elda,O3,-25,0.674924056223037
T1_E1_Alicante,O3,T2_E2_Elda,O3,-24,0.6817551975915105
T1_E1_Alicante,O3,T2_E2_Elda,O3,-23,0.6384040073852676
T1_E1_Alicante,O3,T2_E2_Elda,O3,-22,0.5551131067857741
T1_E1_Alicante,O3,T2_E2_Elda,O3,-21,0.45036853543683547
T1_E1_Alicante,O3,T2_E2_Elda,O3,-20,0.33739476711800176
T1_E1_Alicante,O3,T2_E2_Elda,O3,-19,0.22544810304862634
T1_E1_Alicante,O3,T2_E2_Elda,O3,-18,0.1199212837789067
T1_E1_Alicante,O3,T2_E2_Elda,O3,-17,0.026673195952316195
T1_E1_Alicante,O3,T2_E2_Elda,O3,-16,-0.04918063520294556
T1_E1_Alicante,O3,T2_E2_Elda,O3,-15,-0.10374026065787871
T1_E1_Alicante,O3,T2_E2_Elda,O3,-14,-0.13450813972845158
T1_E1_Alicante,O3,T2_E2_Elda,O3,-13,-0.14187741307961232
T1_E1_Alicante,O3,T2_E2_Elda,O3,-12,-0.12710768856897417
T1_E1_Alicante,O3,T2_E2_Elda,O3,-11,-0.09120118324108237
T1_E1_Alicante,O3,T2_E2_Elda,O3,-10,-0.03653568966104102
T1_E1_Alicante,O3,T2_E2_Elda,O3,-9,0.034750808121238104
T1_E1_Alicante,O3,T2_E2_Elda,O3,-8,0.12007178411530295
T1_E1_Alicante,O3,T2_E2_Elda,O3,-7,0.2167674936246387
T1_E1_Alicante,O3,T2_E2_Elda,O3,-6,0.3217023212868275
T1_E1_Alicante,O3,T2_E2_Elda,O3,-5,0.43126783647773065
T1_E1_Alicante,O3,T2_E2_Elda,O3,-4,0.541510927081859
T1_E1_Alicante,O3,T2_E2_Elda,O3,-3,0.6459094371234457
T1_E1_Alicante,O3,T2_E2_Elda,O3,-2,0.7341540616410076
T1_E1_Alicante,O3,T2_E2_Elda,O3,-1,0.7906749897021366
T1_E1_Alicante,O3,T2_E2_Elda,O3,0,0.795705824922546
T1_E1_Alicante,O3,T2_E2_Elda,O3,1,0.7413614604920977
T1_E1_Alicante,O3,T2_E2_Elda,O3,2,0.6410890031089456
T1_E1_Alicante,O3,T2_E2_Elda,O3,3,0.5172984313654473
T1_E1_Alicante,O3,T2_E2_Elda,O3,4,0.3866385229821671
T1_E1_Alicante,O3,T2_E2_Elda,O3,5,0.2591547524064517
T1_E1_Alicante,O3,T2_E2_Elda,O3,6,0.1417049557918635
T1_E1_Alicante,O3,T2_E2_Elda,O3,7,0.03928976333990197
T1_E1_Alicante,O3,T2_E2_Elda,O3,8,-0.043534528597297194
T1_E1_Alicante,O3,T2_E2_Elda,O3,9,-0.10337875698157362
T1_E1_Alicante,O3,T2_E2_Elda,O3,10,-0.13885600465188416
T1_E1_Alicante,O3,T2_E2_Elda,O3,11,-0.15043642767802667
T1_E1_Alicante,O3,T2_E2_Elda,O3,12,-0.13932539246767964
T1_E1_Alicante,O3,T2_E2_Elda,O3,13,-0.10799296254513777
T1_E1_Alicante,O3,T2_E2_Elda,O3,14,-0.058581730505894075
T1_E1_Alicante,O3,T2_E2_Elda,O3,15,0.006017635368484968
T1_E1_Alicante,O3,T2_E2_Elda,O3,16,0.08268160429222673
T1_E1_Alicante,O3,T2_E2_Elda,O3,17,0.1690300191099163
T1_E1_Alicante,O3,T2_E2_Elda,O3,18,0.2626963572141219
T1_E1_Alicante,O3,T2_E2_Elda,O3,19,0.35980339540728995
T1_E1_Alicante,O3,T2_E2_Elda,O3,20,0.4562144464713545
T1_E1_Alicante,O3,T2_E2_Elda,O3,21,0.5459329906163838
T1_E1_Alicante,O3,T2_E2_Elda,O3,22,0.6200876423477656
T1_E1_Alicante,O3,T2_E2_Elda,O3,23,0.6659306326013684
T1_E1_Alicante,O3,T2_E2_Elda,O3,24,0.6674282006891182
T1_E1_Alicante,O3,T2_E2_Elda,O3,25,0.6187754640640166
T1_E1_Alicante,O3,T2_E2_Elda,O3,26,0.5307590305182269
T1_E1_Alicante,O3,T2_E2_Elda,O3,27,0.42215141311918886
T1_E1_Alicante,O3,T2_E2_Elda,O3,28,0.30692713867263155
T1_E1_Alicante,O3,T2_E2_Elda,O3,29,0.1935232532313047
T1_E1_Alicante,O3,T2_E2_Elda,O3,30,0.08808620205065691
T1_E1_Alicante,O3,T2_E2_Elda,O3,31,-0.004109168477296018
T1_E1_Alicante,O3,T2_E2_Elda,O3,32,-0.0793457014959707
T1_E1_Alicante,O3,T2_E2_Elda,O3,33,-0.1340574391912845
T1_E1_Alicante,O3,T2_E2_Elda,O3,34,-0.16612218869603737
T1_E1_Alicante,O3,T2_E2_Elda,O3,35,-0.17602708060506136
T1_E1_Alicante,O3,T2_E2_Elda,O3,36,-0.1653798247339959
T1_E1_Alicante,O3,T2_E2_Elda,O3,37,-0.134945730883129
T1_E1_Alicante,O3,T2_E2_Elda,O3,38,-0.0870589647128171
T1_E1_Alicante,O3,T2_E2_Elda,O3,39,-0.025408213057277702
T1_E1_Alicante,O3,T2_E2_Elda,O3,40,0.048100242120968195
T1_E1_Alicante,O3,T2_E2_Elda,O3,41,0.1317378170816812
T1_E1_Alicante,O3,T2_E2_Elda,O3,42,0.2226375288489367
T1_E1_Alicante,O3,T2_E2_Elda,O3,43,0.31755128956820816
T1_E1_Alicante,O3,T2_E2_Elda,O3,44,0.41184742236284927
T1_E1_Alicante,O3,T2_E2_Elda,O3,45,0.4993111282180896
T1_E1_Alicante,O3,T2_E2_Elda,O3,46,0.5722405135197298
T1_E1_Alicante,O3,T2_E2_Elda,O3,47,0.6174333772067675
T1_E1_Alicante,O3,T2_E2_Elda,O3,48,0.62080082257771
T1_E1_Alicante,O3,T2_E2_Elda,O3,49,0.5769854501948671
T1_E1_Alicante,O3,T2_E2_Elda,O3,50,0.49599402712743973
T1_E1_Alicante,O3,T2_E2_Elda,O3,51,0.39456856044397837
T1_E1_Alicante,O3,T2_E2_Elda,O3,52,0.2855908888816231
T1_E1_Alicante,O3,T2_E2_Elda,O3,53,0.17702015395405618
T1_E1_Alicante,O3,T2_E2_Elda,O3,54,0.07517874390458051
T1_E1_Alicante,O3,T2_E2_Elda,O3,55,-0.014641334297685755
T1_E1_Alicante,O3,T2_E2_Elda,O3,56,-0.08769952158236062
T1_E1_Alicante,O3,T2_E2_Elda,O3,57,-0.14066908700440806
T1_E1_Alicante,O3,T2_E2_Elda,O3,58,-0.17157198875030416
T1_E1_Alicante,O3,T2_E2_Elda,O3,59,-0.18084562682605887
T1_E1_Alicante,O3,T2_E2_Elda,O3,60,-0.16908824942262576
T1_E1_Alicante,O3,T2_E2_Elda,O3,61,-0.13774020966093167
T1_E1_Alicante,O3,T2_E2_Elda,O3,62,-0.08988681729150824
T1_E1_Alicante,O3,T2_E2_Elda,O3,63,-0.02801593635639832
T1_E1_Alicante,O3,T2_E2_Elda,O3,64,0.04541214201397563
T1_E1_Alicante,O3,T2_E2_Elda,O3,65,0.12815983291352118
T1_E1_Alicante,O3,T2_E2_Elda,O3,66,0.21736932116496901
T1_E1_Alicante,O3,T2_E2_Elda,O3,67,0.3104422929738473
T1_E1_Alicante,O3,T2_E2_Elda,O3,68,0.40286846343497557
T1_E1_Alicante,O3,T2_E2_Elda,O3,69,0.48832144720671133
T1_E1_Alicante,O3,T2_E2_Elda,O3,70,0.5586740001781957
T1_E1_Alicante,O3,T2_E2_Elda,O3,71,0.6018755277834857
T1_E1_Alicante,O3,T2_E2_Elda,O3,72,0.6039930134637312
T1_E2_Elda,NO,T1_E1_Alicante,NO,-72,0.1253261561922671
T1_E2_Elda,NO,T1_E1_Alicante,NO,-71,0.06887712088679908
T1_E2_Elda,NO,T1_E1_Alicante,NO,-70,0.019032343036159423
T1_E2_Elda,NO,T1_E1_Alicante,NO,-69,-0.011929398327196576
T1_E2_Elda,NO,T1_E1_Alicante,NO,-68,-0.02831347834884234
T1_E2_Elda,NO,T1_E1_Alicante,NO,-67,-0.03366448020802258
T1_E2_Elda,NO,T1_E1_Alicante,NO,-66,-0.030183176415636434
T1_E2_Elda,NO,T1_E1_Alicante,NO,-65,-0.017738053064293033
T1_E2_Elda,NO,T1_E1_Alicante,NO,-64,0.008319790529322522
T1_E2_Elda,NO,T1_E1_Alicante,NO,-63,0.049788874814095184
T1_E2_Elda,NO,T1_E1_Alicante,NO,-62,0.10460629088568443
T1_E2_Elda,NO,T1_E1_Alicante,NO,-61,0.13121203317948685
T1_E2_Elda,NO,T1_E1_Alicante,NO,-60,0.10097263375217432
T1_E2_Elda,NO,T1_E1_Alicante,NO,-59,0.05474041385067636
T1_E2_Elda,NO,T1_E1_Alicante,NO,-58,0.02031679367208584
T1_E2_Elda,NO,T1_E1_Alicante,NO,-57,-0.0074024715430847906
T1_E2_Elda,NO,T1_E1_Alicante,NO,-56,-0.02197379953936806
T1_E2_Elda,NO,T1_E1_Alicante,NO,-55,-0.026393634953963636
T1_E2_Elda,NO,T1_E1_Alicante,NO,-54,-0.022274311233150497
T1_E2_Elda,NO,T1_E1_Alicante,NO,-53,-0.007429022809413527
T1_E2_Elda,NO,T1_E1_Alicante,NO,-52,0.026658942482108716
T1_E2_Elda,NO,T1_E1_Alicante,NO,-51,0.0780386842075357
T1_E2_Elda,NO,T1_E1_Alicante,NO,-50,0.1415086933030651
T1_E2_Elda,NO,T1_E1_Alicante,NO,-49,0.1786875923348601
T1_E2_Elda,NO,T1_E1_Alicante,NO,-48,0.1513491771150267
T1_E2_Elda,NO,T1_E1_Alicante,NO,-47,0.08433895252080922
T1_E2_Elda,NO,T1_E1_Alicante,NO,-46,0.02099732554816097
T1_E2_Elda,NO,T1_E1_Alicante,NO,-45,-0.014238491527087924
T1_E2_Elda,NO,T1_E1_Alicante,NO,-44,-0.028488727068135537
T1_E2_Elda,NO,T1_E1_Alicante,NO,-43,-0.03289658319898913
T1_E2_Elda,NO,T1_E1_Alicante,NO,-42,-0.027645387672637422
T1_E2_Elda,NO,T1_E1_Alicante,NO,-41,-0.012043479891121535
T1_E2_Elda,NO,T1_E1_Alicante,NO,-40,0.017389612410668324
T1_E2_Elda,NO,T1_E1_Alicante,NO,-39,0.060665091748262914
T1_E2_Elda,NO,T1_E1_Alicante,NO,-38,0.10348515135278699
T1_E2_Elda,NO,T1_E1_Alicante,NO,-37,0.11329729043376532
T1_E2_Elda,NO,T1_E1_Alicante,NO,-36,0.08049200872834059
T1_E2_Elda,NO,T1_E1_Alicante,NO,-35,0.03894529198319613
T1_E2_Elda,NO,T1_E1_Alicante,NO,-34,0.005843851411607973
T1_E2_Elda,NO,T1_E1_Alicante,NO,-33,-0.013290719034203027
T1_E2_Elda,NO,T1_E1_Alicante,NO,-32,-0.020589085939277444
T1_E2_Elda,NO,T1_E1_Alicante,NO,-31,-0.01942663802845547
T1_E2_Elda,NO,T1_E1_Alicante,NO,-30,-0.013005612368558777
T1_E2_Elda,NO,T1_E1_Alicante,NO,-29,0.005297949801170185
T1_E2_Elda,NO,T1_E1_Alicante,NO,-28,0.04432775306259881
T1_E2_Elda,NO,T1_E1_Alicante,NO,-27,0.10659539258248077
T1_E2_Elda,NO,T1_E1_Alicante,NO,-26,0.18487113189114895
T1_E2_Elda,NO,T1_E1_Alicante,NO,-25,0.23039900775451688
T1_E2_Elda,NO,T1_E1_Alicante,NO,-24,0.19756094707814598
T1_E2_Elda,NO,T1_E1_Alicante,NO,-23,0.10994124110184685
T1_E2_Elda,NO,T1_E1_Alicante,NO,-22,0.03487741772383556
T1_E2_Elda,NO,T1_E1_Alicante,NO,-21,-0.007448317168628513
T1_E2_Elda,NO,T1_E1_Alicante,NO,-20,-0.024615279566466555
T1_E2_Elda,NO,T1_E1_Alicante,NO,-19,-0.027371791185719835
T1_E2_Elda,NO,T1_E1_Alicante,NO,-18,-0.0190666440646989
T1_E2_Elda,NO,T1_E1_Alicante,NO,-17,0.005437942864051875
T1_E2_Elda,NO,T1_E1_Alicante,NO,-16,0.052521660700242896
T1_E2_Elda,NO,T1_E1_Alicante,NO,-15,0.11649036308754998
T1_E2_Elda,NO,T1_E1_Alicante,NO,-14,0.17533329537934905
T1_E2_Elda,NO,T1_E1_Alicante,NO,-13,0.19069190526741472
T1_E2_Elda,NO,T1_E1_Alicante,NO,-12,0.15995678544693476
T1_E2_Elda,NO,T1_E1_Alicante,NO,-11,0.1038014318193658
T1_E2_Elda,NO,T1_E1_Alicante,NO,-10,0.04623537440067181
T1_E2_Elda,NO,T1_E1_Alicante,NO,-9,0.013753915485460027
T1_E2_Elda,NO,T1_E1_Alicante,NO,-8,-0.0036932949514710176
T1_E2_Elda,NO,T1_E1_Alicante,NO,-7,-0.005671085136368321
T1_E2_Elda,NO,T1_E1_Alicante,NO,-6,0.0034660669171769493
T1_E2_Elda,NO,T1_E1_Alicante,NO,-5,0.03175109928108179
T1_E2_Elda,NO,T1_E1_Alicante,NO,-4,0.09027743431521426
T1_E2_Elda,NO,T1_E1_Alicante,NO,-3,0.18761075859655713
T1_E2_Elda,NO,T1_E1_Alicante,NO,-2,0.3137589326322358
T1_E2_Elda,NO,T1_E1_Alicante,NO,-1,0.40304128742827783
T1_E2_Elda,NO,T1_E1_Alicante,NO,0,0.3721933061730039
T1_E2_Elda,NO,T1_E1_Alicante,NO,1,0.25319358738920705
T1_E2_Elda,NO,T1_E1_Alicante,NO,2,0.13192826052328932
T1_E2_Elda,NO,T1_E1_Alicante,NO,3,0.05262392490834498
T1_E2_Elda,NO,T1_E1_Alicante,NO,4,0.00893544773628083
T1_E2_Elda,NO,T1_E1_Alicante,NO,5,-0.010925586418880426
T1_E2_Elda,NO,T1_E1_Alicante,NO,6,-0.011187168744426185
T1_E2_Elda,NO,T1_E1_Alicante,NO,7,0.007160915563455429
T1_E2_Elda,NO,T1_E1_Alicante,NO,8,0.05007993461482453
T1_E2_Elda,NO,T1_E1_Alicante,NO,9,0.11907685498646947
T1_E2_Elda,NO,T1_E1_Alicante,NO,10,0.18754319816412854
T1_E2_Elda,NO,T1_E1_Alicante,NO,11,0.20956737378820736
T1_E2_Elda,NO,T1_E1_Alicante,NO,12,0.17114393222880894
T1_E2_Elda,NO,T1_E1_Alicante,NO,13,0.10742749301239428
T1_E2_Elda,NO,T1_E1_Alicante,NO,14,0.051390494637021125
T1_E2_Elda,NO,T1_E1_Alicante,NO,15,0.013607104859568505
T1_E2_Elda,NO,T1_E1_Alicante,NO,16,-0.0029891473655787463
T1_E2_Elda,NO,T1_E1_Alicante,NO,17,-0.008904367321947049
T1_E2_Elda,NO,T1_E1_Alicante,NO,18,-0.00556820861088036
T1_E2_Elda,NO,T1_E1_Alicante,NO,19,0.013503964725421546
T1_E2_Elda,NO,T1_E1_Alicante,NO,20,0.05740778004678015
T1_E2_Elda,NO,T1_E1_Alicante,NO,21,0.1311753819775139
T1_E2_Elda,NO,T1_E1_Alicante,NO,22,0.22684870959995898
T1_E2_Elda,NO,T1_E1_Alicante,NO,23,0.27715760086864116
T1_E2_Elda,NO,T1_E1_Alicante,NO,24,0.2417662630857015
T1_E2_Elda,NO,T1_E1_Alicante,NO,25,0.15068837322063883
T1_E2_Elda,NO,T1_E1_Alicante,NO,26,0.06399764365577779
T1_E2_Elda,NO,T1_E1_Alicante,NO,27,0.008997522808815113
T1_E2_Elda,NO,T1_E1_Alicante,NO,28,-0.01680986867140128
T1_E2_Elda,NO,T1_E1_Alicante,NO,29,-0.023732439925501288
T1_E2_Elda,NO,T1_E1_Alicante,NO,30,-0.020888663520778415
T1_E2_Elda,NO,T1_E1_Alicante,NO,31,-0.007275860660055956
T1_E2_Elda,NO,T1_E1_Alicante,NO,32,0.023667090640199322
T1_E2_Elda,NO,T1_E1_Alicante,NO,33,0.07196502845704313
T1_E2_Elda,NO,T1_E1_Alicante,NO,34,0.12880907662984636
T1_E2_Elda,NO,T1_E1_Alicante,NO,35,0.15244751480964394
T1_E2_Elda,NO,T1_E1_Alicante,NO,36,0.12578788175146066
T1_E2_Elda,NO,T1_E1_Alicante,NO,37,0.07914632599839845
T1_E2_Elda,NO,T1_E1_Alicante,NO,38,0.03568155364995574
T1_E2_Elda,NO,T1_E1_Alicante,NO,39,0.005805732908834814
T1_E2_Elda,NO,T1_E1_Alicante,NO,40,-0.0075786513338845524
T1_E2_Elda,NO,T1_E1_Alicante,NO,41,-0.011010862869547559
T1_E2_Elda,NO,T1_E1_Alicante,NO,42,-0.006294501781842023
T1_E2_Elda,NO,T1_E1_Alicante,NO,43,0.009411038411198515
T1_E2_Elda,NO,T1_E1_Alicante,NO,44,0.04471020351605995
T1_E2_Elda,NO,T1_E1_Alicante,NO,45,0.10284255820781012
T1_E2_Elda,NO,T1_E1_Alicante,NO,46,0.16789079990069466
T1_E2_Elda,NO,T1_E1_Alicante,NO,47,0.20510868118807077
T1_E2_Elda,NO,T1_E1_Alicante,NO,48,0.17751128062814517
T1_E2_Elda,NO,T1_E1_Alicante,NO,49,0.09972171142221735
T1_E2_Elda,NO,T1_E1_Alicante,NO,50,0.03557318590793614
T1_E2_Elda,NO,T1_E1_Alicante,NO,51,-0.006384431790487207
T1_E2_Elda,NO,T1_E1_Alicante,NO,52,-0.023593758097175586
T1_E2_Elda,NO,T1_E1_Alicante,NO,53,-0.03056719490652653
T1_E2_Elda,NO,T1_E1_Alicante,NO,54,-0.02745793625751218
T1_E2_Elda,NO,T1_E1_Alicante,NO,55,-0.012935725028092265
T1_E2_Elda,NO,T1_E1_Alicante,NO,56,0.021986807508981437
T1_E2_Elda,NO,T1_E1_Alicante,NO,57,0.07933196788937917
T1_E2_Elda,NO,T1_E1_Alicante,NO,58,0.12933768428811415
T1_E2_Elda,NO,T1_E1_Alicante,NO,59,0.14442258054161264
T1_E2_Elda,NO,T1_E1_Alicante,NO,60,0.10976899530437977
T1_E2_Elda,NO,T1_E1_Alicante,NO,61,0.05885845454201157
T1_E2_Elda,NO,T1_E1_Alicante,NO,62,0.02100491882964095
T1_E2_Elda,NO,T1_E1_Alicante,NO,63,-0.0030366583186357573
T1_E2_Elda,NO,T1_E1_Alicante,NO,64,-0.015642371597506855
T1_E2_Elda,NO,T1_E1_Alicante,NO,65,-0.020067366609465207
T1_E2_Elda,NO,T1_E1_Alicante,NO,66,-0.01692394232417555
T1_E2_Elda,NO,T1_E1_Alicante,NO,67,-0.0032028660450385553
T1_E2_Elda,NO,T1_E1_Alicante,NO,68,0.02568681552628957
T1_E2_Elda,NO,T1_E1_Alicante,NO,69,0.07445059990806589
T1_E2_Elda,NO,T1_E1_Alicante,NO,70,0.12874912350098264
T1_E2_Elda,NO,T1_E1_Alicante,NO,71,0.15839686025137276
T1_E2_Elda,NO,T1_E1_Alicante,NO,72,0.13728907513373634
T1_E2_Elda,NO,T1_E1_Alicante,NO2,-72,0.11580783798501576
T1_E2_Elda,NO,T1_E1_Alicante,NO2,-71,0.054970936288768285
T1_E2_Elda,NO,T1_E1_Alicante,NO2,-70,0.0008957785110489421
T1_E2_Elda,NO,T1_E1_Alicante,NO2,-69,-0.03296120854938796
T1_E2_Elda,NO,T1_E1_Alicante,NO2,-68,-0.051244888282783826
T1_E2_Elda,NO,T1_E1_Alicante,NO2,-67,-0.05396035662927858
T1_E2_Elda,NO,T1_E1_Alicante,NO2,-66,-0.0428395256560304
T1_E2_Elda,NO,T1_E1_Alicante,NO2,-65,-0.017211613614051977
T1_E2_Elda,NO,T1_E1_Alicante,NO2,-64,0.026060741936881675
T1_E2_Elda,NO,T1_E1_Alicante,NO2,-63,0.08158732930442382
T1_E2_Elda,NO,T1_E1_Alicante,NO2,-62,0.13279630718253527
T1_E2_Elda,NO,T1_E1_Alicante,NO2,-61,0.1478110368074323
T1_E2_Elda,NO,T1_E1_Alicante,NO2,-60,0.11968571409757493
T1_E2_Elda,NO,T1_E1_Alicante,NO2,-59,0.0732248468584463
T1_E2_Elda,NO,T1_E1_Alicante,NO2,-58,0.03080865270834695
T1_E2_Elda,NO,T1_E1_Alicante,NO2,-57,-0.004660390854356951
T1_E2_Elda,NO,T1_E1_Alicante,NO2,-56,-0.02976107443043875
T1_E2_Elda,NO,T1_E1_Alicante,NO2,-55,-0.04483560140218174
T1_E2_Elda,NO,T1_E1_Alicante,NO2,-54,-0.04720697863193939
T1_E2_Elda,NO,T1_E1_Alicante,NO2,-53,-0.03174114450231581
T1_E2_Elda,NO,T1_E1_Alicante,NO2,-52,0.008247353473592846
T1_E2_Elda,NO,T1_E1_Alicante,NO2,-51,0.06713958977549374
T1_E2_Elda,NO,T1_E1_Alicante,NO2,-50,0.1314302373697657
T1_E2_Elda,NO,T1_E1_Alicante,NO2,-49,0.16373133908223872
T1_E2_Elda,NO,T1_E1_Alicante,NO2,-48,0.14135136765509823
T1_E2_Elda,NO,T1_E1_Alicante,NO2,-47,0.08002986457564626
T1_E2_Elda,NO,T1_E1_Alicante,NO2,-46,0.01598891612572719
T1_E2_Elda,NO,T1_E1_Alicante,NO2,-45,-0.023581506987613868
T1_E2_Elda,NO,T1_E1_Alicante,NO2,-44,-0.04242567360852452
T1_E2_Elda,NO,T1_E1_Alicante,NO2,-43,-0.04754212833174437
T1_E2_Elda,NO,T1_E1_Alicante,NO2,-42,-0.03715862275856873
T1_E2_Elda,NO,T1_E1_Alicante,NO2,-41,-0.009126057260125714
T1_E2_Elda,NO,T1_E1_Alicante,NO2,-40,0.04006033363304596
T1_E2_Elda,NO,T1_E1_Alicante,NO2,-39,0.09934212579366412
T1_E2_Elda,NO,T1_E1_Alicante,NO2,-38,0.14555843997325363
T1_E2_Elda,NO,T1_E1_Alicante,NO2,-37,0.16129848088796517
T1_E2_Elda,NO,T1_E1_Alicante,NO2,-36,0.14025179510398397
T1_E2_Elda,NO,T1_E1_Alicante,NO2,-35,0.09737780684530448
T1_E2_Elda,NO,T1_E1_Alicante,NO2,-34,0.049581995418593684
T1_E2_Elda,NO,T1_E1_Alicante,NO2,-33,0.006637481844039322
T1_E2_Elda,NO,T1_E1_Alicante,NO2,-32,-0.023574805753143357
T1_E2_Elda,NO,T1_E1_Alicante,NO2,-31,-0.03797432246837454
T1_E2_Elda,NO,T1_E1_Alicante,NO2,-30,-0.03698851790207698
T1_E2_Elda,NO,T1_E1_Alicante,NO2,-29,-0.012215076744376052
T1_E2_Elda,NO,T1_E1_Alicante,NO2,-28,0.038522846732747196
T1_E2_Elda,NO,T1_E1_Alicante,NO2,-27,0.11007033571388117
T1_E2_Elda,NO,T1_E1_Alicante,NO2,-26,0.18412229300513494
T1_E2_Elda,NO,T1_E1_Alicante,NO2,-25,0.22077279962816823
T1_E2_Elda,NO,T1_E1_Alicante,NO2,-24,0.18879160510398235
T1_E2_Elda,NO,T1_E1_Alicante,NO2,-23,0.11220031816884697
T1_E2_Elda,NO,T1_E1_Alicante,NO2,-22,0.04071890857258068
T1_E2_Elda,NO,T1_E1_Alicante,NO2,-21,-0.006456340125621476
T1_E2_Elda,NO,T1_E1_Alicante,NO2,-20,-0.02817350970601433
T1_E2_Elda,NO,T1_E1_Alicante,NO2,-19,-0.03046475958773294
T1_E2_Elda,NO,T1_E1_Alicante,NO2,-18,-0.014895250954401812
T1_E2_Elda,NO,T1_E1_Alicante,NO2,-17,0.020679128826441764
T1_E2_Elda,NO,T1_E1_Alicante,NO2,-16,0.07253620620218888
T1_E2_Elda,NO,T1_E1_Alicante,NO2,-15,0.13507117080073724
T1_E2_Elda,NO,T1_E1_Alicante,NO2,-14,0.18695788861203733
T1_E2_Elda,NO,T1_E1_Alicante,NO2,-13,0.20488448155981873
T1_E2_Elda,NO,T1_E1_Alicante,NO2,-12,0.18128653547290502
T1_E2_Elda,NO,T1_E1_Alicante,NO2,-11,0.13493245459051953
T1_E2_Elda,NO,T1_E1_Alicante,NO2,-10,0.08183625979407703
T1_E2_Elda,NO,T1_E1_Alicante,NO2,-9,0.037723228076626626
T1_E2_Elda,NO,T1_E1_Alicante,NO2,-8,0.010717748493580533
T1_E2_Elda,NO,T1_E1_Alicante,NO2,-7,-0.002158033743791157
T1_E2_Elda,NO,T1_E1_Alicante,NO2,-6,0.0026383981992863345
T1_E2_Elda,NO,T1_E1_Alicante,NO2,-5,0.03263897089577269
T1_E2_Elda,NO,T1_E1_Alicante,NO2,-4,0.09544315453078146
T1_E2_Elda,NO,T1_E1_Alicante,NO2,-3,0.18760695566306845
T1_E2_Elda,NO,T1_E1_Alicante,NO2,-2,0.28389840824137225
T1_E2_Elda,NO,T1_E1_Alicante,NO2,-1,0.3354940624824245
T1_E2_Elda,NO,T1_E1_Alicante,NO2,0,0.30234664272926015
T1_E2_Elda,NO,T1_E1_Alicante,NO2,1,0.21498573614288305
T1_E2_Elda,NO,T1_E1_Alicante,NO2,2,0.12356864486764106
T1_E2_Elda,NO,T1_E1_Alicante,NO2,3,0.060902465575323306
T1_E2_Elda,NO,T1_E1_Alicante,NO2,4,0.023539825210319408
T1_E2_Elda,NO,T1_E1_Alicante,NO2,5,0.01080510902461588
T1_E2_Elda,NO,T1_E1_Alicante,NO2,6,0.02016417242571163
T1_E2_Elda,NO,T1_E1_Alicante,NO2,7,0.048676965885031884
T1_E2_Elda,NO,T1_E1_Alicante,NO2,8,0.0984469638115731
T1_E2_Elda,NO,T1_E1_Alicante,NO2,9,0.16234003715852066
T1_E2_Elda,NO,T1_E1_Alicante,NO2,10,0.21454733283139313
T1_E2_Elda,NO,T1_E1_Alicante,NO2,11,0.22750531080723022
T1_E2_Elda,NO,T1_E1_Alicante,NO2,12,0.19914108171428915
T1_E2_Elda,NO,T1_E1_Alicante,NO2,13,0.1492625957561571
T1_E2_Elda,NO,T1_E1_Alicante,NO2,14,0.09781210615596966
T1_E2_Elda,NO,T1_E1_Alicante,NO2,15,0.0550605696613937
T1_E2_Elda,NO,T1_E1_Alicante,NO2,16,0.02450987329806795
T1_E2_Elda,NO,T1_E1_Alicante,NO2,17,0.00505449119914544
T1_E2_Elda,NO,T1_E1_Alicante,NO2,18,0.0009254981182698362
T1_E2_Elda,NO,T1_E1_Alicante,NO2,19,0.019991640756636075
T1_E2_Elda,NO,T1_E1_Alicante,NO2,20,0.06708783550603044
T1_E2_Elda,NO,T1_E1_Alicante,NO2,21,0.1427179004700287
T1_E2_Elda,NO,T1_E1_Alicante,NO2,22,0.2189512249776902
T1_E2_Elda,NO,T1_E1_Alicante,NO2,23,0.2518196924342477
T1_E2_Elda,NO,T1_E1_Alicante,NO2,24,0.21916291399808877
T1_E2_Elda,NO,T1_E1_Alicante,NO2,25,0.1426203110175429
T1_E2_Elda,NO,T1_E1_Alicante,NO2,26,0.06732008693497299
T1_E2_Elda,NO,T1_E1_Alicante,NO2,27,0.016683120609001637
T1_E2_Elda,NO,T1_E1_Alicante,NO2,28,-0.009239082531952008
T1_E2_Elda,NO,T1_E1_Alicante,NO2,29,-0.01638031287778954
T1_E2_Elda,NO,T1_E1_Alicante,NO2,30,-0.005386841262928748
T1_E2_Elda,NO,T1_E1_Alicante,NO2,31,0.021488368472289784
T1_E2_Elda,NO,T1_E1_Alicante,NO2,32,0.06358411206914283
T1_E2_Elda,NO,T1_E1_Alicante,NO2,33,0.11670695909868717
T1_E2_Elda,NO,T1_E1_Alicante,NO2,34,0.16152866929334428
T1_E2_Elda,NO,T1_E1_Alicante,NO2,35,0.17689589822221438
T1_E2_Elda,NO,T1_E1_Alicante,NO2,36,0.15910685594085497
T1_E2_Elda,NO,T1_E1_Alicante,NO2,37,0.1191348227318369
T1_E2_Elda,NO,T1_E1_Alicante,NO2,38,0.07554604777917723
T1_E2_Elda,NO,T1_E1_Alicante,NO2,39,0.03900786738748673
T1_E2_Elda,NO,T1_E1_Alicante,NO2,40,0.013847950334898246
T1_E2_Elda,NO,T1_E1_Alicante,NO2,41,-0.0013414280110584048
T1_E2_Elda,NO,T1_E1_Alicante,NO2,42,-0.0043288373443891946
T1_E2_Elda,NO,T1_E1_Alicante,NO2,43,0.008794311934594767
T1_E2_Elda,NO,T1_E1_Alicante,NO2,44,0.0421397114160989
T1_E2_Elda,NO,T1_E1_Alicante,NO2,45,0.09572356545481452
T1_E2_Elda,NO,T1_E1_Alicante,NO2,46,0.15298971297241368
T1_E2_Elda,NO,T1_E1_Alicante,NO2,47,0.18329432121822017
T1_E2_Elda,NO,T1_E1_Alicante,NO2,48,0.1600275099221584
T1_E2_Elda,NO,T1_E1_Alicante,NO2,49,0.0965566013683642
T1_E2_Elda,NO,T1_E1_Alicante,NO2,50,0.034394286173129986
T1_E2_Elda,NO,T1_E1_Alicante,NO2,51,-0.006993262290989932
T1_E2_Elda,NO,T1_E1_Alicante,NO2,52,-0.03008910591567793
T1_E2_Elda,NO,T1_E1_Alicante,NO2,53,-0.03526310370944031
T1_E2_Elda,NO,T1_E1_Alicante,NO2,54,-0.02527051305048132
T1_E2_Elda,NO,T1_E1_Alicante,NO2,55,0.0010709653273273624
T1_E2_Elda,NO,T1_E1_Alicante,NO2,56,0.046509751103472455
T1_E2_Elda,NO,T1_E1_Alicante,NO2,57,0.10380078517336541
T1_E2_Elda,NO,T1_E1_Alicante,NO2,58,0.1491765098184796
T1_E2_Elda,NO,T1_E1_Alicante,NO2,59,0.1647191333065162
T1_E2_Elda,NO,T1_E1_Alicante,NO2,60,0.14598127730970759
T1_E2_Elda,NO,T1_E1_Alicante,NO2,61,0.10219721991886269
T1_E2_Elda,NO,T1_E1_Alicante,NO2,62,0.0574386087510809
T1_E2_Elda,NO,T1_E1_Alicante,NO2,63,0.01763004613683065
T1_E2_Elda,NO,T1_E1_Alicante,NO2,64,-0.012448725305343198
T1_E2_Elda,NO,T1_E1_Alicante,NO2,65,-0.02903158214180232
T1_E2_Elda,NO,T1_E1_Alicante,NO2,66,-0.030841195426882347
T1_E2_Elda,NO,T1_E1_Alicante,NO2,67,-0.01674521501219772
T1_E2_Elda,NO,T1_E1_Alicante,NO2,68,0.019238821508777128
T1_E2_Elda,NO,T1_E1_Alicante,NO2,69,0.07710366230572822
T1_E2_Elda,NO,T1_E1_Alicante,NO2,70,0.13913834806648895
T1_E2_Elda,NO,T1_E1_Alicante,NO2,71,0.16474822999303088
T1_E2_Elda,NO,T1_E1_Alicante,NO2,72,0.13673584864752386
T1_E2_Elda,NO,T1_E1_Alicante,O3,-72,-0.09519600047089088
T1_E2_Elda,NO,T1_E1_Alicante,O3,-71,-0.035063909799679646
T1_E2_Elda,NO,T1_E1_Alicante,O3,-70,0.022273367969239587
T1_E2_Elda,NO,T1_E1_Alicante,O3,-69,0.061841652294266636
T1_E2_Elda,NO,T1_E1_Alicante,O3,-68,0.08402247205485627
T1_E2_Elda,NO,T1_E1_Alicante,O3,-67,0.0890899821781099
T1_E2_Elda,NO,T1_E1_Alicante,O3,-66,0.08263045358853562
T1_E2_Elda,NO,T1_E1_Alicante,O3,-65,0.06259487907083205
T1_E2_Elda,NO,T1_E1_Alicante,O3,-64,0.029032451380948055
T1_E2_Elda,NO,T1_E1_Alicante,O3,-63,-0.014778548330622202
T1_E2_Elda,NO,T1_E1_Alicante,O3,-62,-0.05758994609404415
T1_E2_Elda,NO,T1_E1_Alicante,O3,-61,-0.08798694501232121
T1_E2_Elda,NO,T1_E1_Alicante,O3,-60,-0.10147905685346141
T1_E2_Elda,NO,T1_E1_Alicante,O3,-59,-0.10368552713137821
T1_E2_Elda,NO,T1_E1_Alicante,O3,-58,-0.10129148904503116
T1_E2_Elda,NO,T1_E1_Alicante,O3,-57,-0.09860050705356463
T1_E2_Elda,NO,T1_E1_Alicante,O3,-56,-0.09732302938438837
T1_E2_Elda,NO,T1_E1_Alicante,O3,-55,-0.09749608874883214
T1_E2_Elda,NO,T1_E1_Alicante,O3,-54,-0.09990586367130634
T1_E2_Elda,NO,T1_E1_Alicante,O3,-53,-0.10849226908716661
T1_E2_Elda,NO,T1_E1_Alicante,O3,-52,-0.12440719006869004
T1_E2_Elda,NO,T1_E1_Alicante,O3,-51,-0.14390443601001393
T1_E2_Elda,NO,T1_E1_Alicante,O3,-50,-0.1590255425216492
T1_E2_Elda,NO,T1_E1_Alicante,O3,-49,-0.15378849874154688
T1_E2_Elda,NO,T1_E1_Alicante,O3,-48,-0.11584463705062532
T1_E2_Elda,NO,T1_E1_Alicante,O3,-47,-0.05378278949746279
T1_E2_Elda,NO,T1_E1_Alicante,O3,-46,0.008274617866667996
T1_E2_Elda,NO,T1_E1_Alicante,O3,-45,0.05141323534239789
T1_E2_Elda,NO,T1_E1_Alicante,O3,-44,0.07472220778543892
T1_E2_Elda,NO,T1_E1_Alicante,O3,-43,0.08344380942634075
T1_E2_Elda,NO,T1_E1_Alicante,O3,-42,0.07914858240959047
T1_E2_Elda,NO,T1_E1_Alicante,O3,-41,0.05962208768147276
T1_E2_Elda,NO,T1_E1_Alicante,O3,-40,0.02459088221818755
T1_E2_Elda,NO,T1_E1_Alicante,O3,-39,-0.021781632522465354
T1_E2_Elda,NO,T1_E1_Alicante,O3,-38,-0.06678654708929584
T1_E2_Elda,NO,T1_E1_Alicante,O3,-37,-0.10033652563974406
T1_E2_Elda,NO,T1_E1_Alicante,O3,-36,-0.11711553626811495
T1_E2_Elda,NO,T1_E1_Alicante,O3,-35,-0.12079909725172025
T1_E2_Elda,NO,T1_E1_Alicante,O3,-34,-0.11772367730590816
T1_E2_Elda,NO,T1_E1_Alicante,O3,-33,-0.1125495037668047
T1_E2_Elda,NO,T1_E1_Alicante,O3,-32,-0.1090148647296634
T1_E2_Elda,NO,T1_E1_Alicante,O3,-31,-0.10931656568896246
T1_E2_Elda,NO,T1_E1_Alicante,O3,-30,-0.11389791312062075
T1_E2_Elda,NO,T1_E1_Alicante,O3,-29,-0.12643688243258072
T1_E2_Elda,NO,T1_E1_Alicante,O3,-28,-0.14890789909035385
T1_E2_Elda,NO,T1_E1_Alicante,O3,-27,-0.17498716934075967
T1_E2_Elda,NO,T1_E1_Alicante,O3,-26,-0.19407483994448374
T1_E2_Elda,NO,T1_E1_Alicante,O3,-25,-0.18938166823217617
T1_E2_Elda,NO,T1_E1_Alicante,O3,-24,-0.14529028259187862
T1_E2_Elda,NO,T1_E1_Alicante,O3,-23,-0.07571962898976183
T1_E2_Elda,NO,T1_E1_Alicante,O3,-22,-0.009196387068833248
T1_E2_Elda,NO,T1_E1_Alicante,O3,-21,0.03762982168470057
T1_E2_Elda,NO,T1_E1_Alicante,O3,-20,0.06194116014039914
T1_E2_Elda,NO,T1_E1_Alicante,O3,-19,0.06786211758151904
T1_E2_Elda,NO,T1_E1_Alicante,O3,-18,0.058440603872590535
T1_E2_Elda,NO,T1_E1_Alicante,O3,-17,0.03364360324560776
T1_E2_Elda,NO,T1_E1_Alicante,O3,-16,-0.003724785608171533
T1_E2_Elda,NO,T1_E1_Alicante,O3,-15,-0.050265045531726546
T1_E2_Elda,NO,T1_E1_Alicante,O3,-14,-0.09563989005771494
T1_E2_Elda,NO,T1_E1_Alicante,O3,-13,-0.12890681905547324
T1_E2_Elda,NO,T1_E1_Alicante,O3,-12,-0.1476893802969341
T1_E2_Elda,NO,T1_E1_Alicante,O3,-11,-0.15216930536439116
T1_E2_Elda,NO,T1_E1_Alicante,O3,-10,-0.14971452256343062
T1_E2_Elda,NO,T1_E1_Alicante,O3,-9,-0.14652090027142659
T1_E2_Elda,NO,T1_E1_Alicante,O3,-8,-0.1488822706920449
T1_E2_Elda,NO,T1_E1_Alicante,O3,-7,-0.15346015417719264
T1_E2_Elda,NO,T1_E1_Alicante,O3,-6,-0.16012333289500474
T1_E2_Elda,NO,T1_E1_Alicante,O3,-5,-0.1733371947972019
T1_E2_Elda,NO,T1_E1_Alicante,O3,-4,-0.19721192836894946
T1_E2_Elda,NO,T1_E1_Alicante,O3,-3,-0.22818714303392765
T1_E2_Elda,NO,T1_E1_Alicante,O3,-2,-0.25261849336164915
T1_E2_Elda,NO,T1_E1_Alicante,O3,-1,-0.249268694804931
T1_E2_Elda,NO,T1_E1_Alicante,O3,0,-0.2039358032393418
T1_E2_Elda,NO,T1_E1_Alicante,O3,1,-0.12877102316545064
T1_E2_Elda,NO,T1_E1_Alicante,O3,2,-0.05393613791398252
T1_E2_Elda,NO,T1_E1_Alicante,O3,3,-0.00018020210218978714
T1_E2_Elda,NO,T1_E1_Alicante,O3,4,0.031935442445155726
T1_E2_Elda,NO,T1_E1_Alicante,O3,5,0.04469652579576028
T1_E2_Elda,NO,T1_E1_Alicante,O3,6,0.0404217594020428
T1_E2_Elda,NO,T1_E1_Alicante,O3,7,0.02131506708532947
T1_E2_Elda,NO,T1_E1_Alicante,O3,8,-0.011516530835074812
T1_E2_Elda,NO,T1_E1_Alicante,O3,9,-0.055264721202754864
T1_E2_Elda,NO,T1_E1_Alicante,O3,10,-0.09805800561765116
T1_E2_Elda,NO,T1_E1_Alicante,O3,11,-0.12882041752589962
T1_E2_Elda,NO,T1_E1_Alicante,O3,12,-0.1442668751041696
T1_E2_Elda,NO,T1_E1_Alicante,O3,13,-0.1466552575974703
T1_E2_Elda,NO,T1_E1_Alicante,O3,14,-0.14201088646154922
T1_E2_Elda,NO,T1_E1_Alicante,O3,15,-0.13631843694218174
T1_E2_Elda,NO,T1_E1_Alicante,O3,16,-0.13303985896515655
T1_E2_Elda,NO,T1_E1_Alicante,O3,17,-0.13101294866366422
T1_E2_Elda,NO,T1_E1_Alicante,O3,18,-0.1316983238208668
T1_E2_Elda,NO,T1_E1_Alicante,O3,19,-0.13889384475427738
T1_E2_Elda,NO,T1_E1_Alicante,O3,20,-0.1547372060466821
T1_E2_Elda,NO,T1_E1_Alicante,O3,21,-0.17624745875284137
T1_E2_Elda,NO,T1_E1_Alicante,O3,22,-0.19246778749722698
T1_E2_Elda,NO,T1_E1_Alicante,O3,23,-0.18629584285230613
T1_E2_Elda,NO,T1_E1_Alicante,O3,24,-0.1434972284852551
T1_E2_Elda,NO,T1_E1_Alicante,O3,25,-0.07620311786429611
T1_E2_Elda,NO,T1_E1_Alicante,O3,26,-0.01113400510927622
T1_E2_Elda,NO,T1_E1_Alicante,O3,27,0.035608717494545306
T1_E2_Elda,NO,T1_E1_Alicante,O3,28,0.06153603679381174
T1_E2_Elda,NO,T1_E1_Alicante,O3,29,0.07058508422875877
T1_E2_Elda,NO,T1_E1_Alicante,O3,30,0.06375291829205383
T1_E2_Elda,NO,T1_E1_Alicante,O3,31,0.04419016921896411
T1_E2_Elda,NO,T1_E1_Alicante,O3,32,0.01407322458032135
T1_E2_Elda,NO,T1_E1_Alicante,O3,33,-0.02467486095565568
T1_E2_Elda,NO,T1_E1_Alicante,O3,34,-0.06571755162987815
T1_E2_Elda,NO,T1_E1_Alicante,O3,35,-0.0973035355872596
T1_E2_Elda,NO,T1_E1_Alicante,O3,36,-0.1156406163705652
T1_E2_Elda,NO,T1_E1_Alicante,O3,37,-0.11974885925133252
T1_E2_Elda,NO,T1_E1_Alicante,O3,38,-0.11771816694149453
T1_E2_Elda,NO,T1_E1_Alicante,O3,39,-0.11489365408528615
T1_E2_Elda,NO,T1_E1_Alicante,O3,40,-0.11488973409073737
T1_E2_Elda,NO,T1_E1_Alicante,O3,41,-0.11538579965100458
T1_E2_Elda,NO,T1_E1_Alicante,O3,42,-0.11751719237046183
T1_E2_Elda,NO,T1_E1_Alicante,O3,43,-0.12303597446930632
T1_E2_Elda,NO,T1_E1_Alicante,O3,44,-0.1330754322546268
T1_E2_Elda,NO,T1_E1_Alicante,O3,45,-0.14728597230914234
T1_E2_Elda,NO,T1_E1_Alicante,O3,46,-0.15564439983180559
T1_E2_Elda,NO,T1_E1_Alicante,O3,47,-0.14639021790083098
T1_E2_Elda,NO,T1_E1_Alicante,O3,48,-0.10842583305410931
T1_E2_Elda,NO,T1_E1_Alicante,O3,49,-0.050312184552979616
T1_E2_Elda,NO,T1_E1_Alicante,O3,50,0.006225270214744234
T1_E2_Elda,NO,T1_E1_Alicante,O3,51,0.046288655292464946
T1_E2_Elda,NO,T1_E1_Alicante,O3,52,0.0699379155692453
T1_E2_Elda,NO,T1_E1_Alicante,O3,53,0.0785938560747773
T1_E2_Elda,NO,T1_E1_Alicante,O3,54,0.07236649930081994
T1_E2_Elda,NO,T1_E1_Alicante,O3,55,0.05304258649510131
T1_E2_Elda,NO,T1_E1_Alicante,O3,56,0.02107721355234217
T1_E2_Elda,NO,T1_E1_Alicante,O3,57,-0.019463322680430262
T1_E2_Elda,NO,T1_E1_Alicante,O3,58,-0.06103742949130333
T1_E2_Elda,NO,T1_E1_Alicante,O3,59,-0.09412508404296084
T1_E2_Elda,NO,T1_E1_Alicante,O3,60,-0.11404558532964632
T1_E2_Elda,NO,T1_E1_Alicante,O3,61,-0.1182484010206993
T1_E2_Elda,NO,T1_E1_Alicante,O3,62,-0.11621291263125043
T1_E2_Elda,NO,T1_E1_Alicante,O3,63,-0.11141187242948061
T1_E2_Elda,NO,T1_E1_Alicante,O3,64,-0.10782116352687107
T1_E2_Elda,NO,T1_E1_Alicante,O3,65,-0.10622854448705439
T1_E2_Elda,NO,T1_E1_Alicante,O3,66,-0.10729551214827958
T1_E2_Elda,NO,T1_E1_Alicante,O3,67,-0.11352255488212566
T1_E2_Elda,NO,T1_E1_Alicante,O3,68,-0.12594175233561633
T1_E2_Elda,NO,T1_E1_Alicante,O3,69,-0.14395087945814533
T1_E2_Elda,NO,T1_E1_Alicante,O3,70,-0.1591779250433937
T1_E2_Elda,NO,T1_E1_Alicante,O3,71,-0.15205932522722837
T1_E2_Elda,NO,T1_E1_Alicante,O3,72,-0.11240641050646305
T1_E2_Elda,NO,T2_E1_Elche,NO,-72,0.126085606911851
T1_E2_Elda,NO,T2_E1_Elche,NO,-71,0.07105956376398573
T1_E2_Elda,NO,T2_E1_Elche,NO,-70,0.02635637029479808
T1_E2_Elda,NO,T2_E1_Elche,NO,-69,0.003227994382135573
T1_E2_Elda,NO,T2_E1_Elche,NO,-68,-0.007092793247736572
T1_E2_Elda,NO,T2_E1_Elche,NO,-67,-0.00881263829753321
T1_E2_Elda,NO,T2_E1_Elche,NO,-66,-0.0023724255763989516
T1_E2_Elda,NO,T2_E1_Elche,NO,-65,0.013177644410992949
T1_E2_Elda,NO,T2_E1_Elche,NO,-64,0.040853173612178925
T1_E2_Elda,NO,T2_E1_Elche,NO,-63,0.07874658330549264
T1_E2_Elda,NO,T2_E1_Elche,NO,-62,0.11237803699936573
T1_E2_Elda,NO,T2_E1_Elche,NO,-61,0.10360947927396782
T1_E2_Elda,NO,T2_E1_Elche,NO,-60,0.07083645956398549
T1_E2_Elda,NO,T2_E1_Elche,NO,-59,0.03266787838492673
T1_E2_Elda,NO,T2_E1_Elche,NO,-58,-0.000632978047117407
T1_E2_Elda,NO,T2_E1_Elche,NO,-57,-0.016363818619419813
T1_E2_Elda,NO,T2_E1_Elche,NO,-56,-0.0221363411407788
T1_E2_Elda,NO,T2_E1_Elche,NO,-55,-0.020976144510311098
T1_E2_Elda,NO,T2_E1_Elche,NO,-54,-0.014184203715018037
T1_E2_Elda,NO,T2_E1_Elche,NO,-53,0.0001221071504482635
T1_E2_Elda,NO,T2_E1_Elche,NO,-52,0.03150089841922733
T1_E2_Elda,NO,T2_E1_Elche,NO,-51,0.0809630847631916
T1_E2_Elda,NO,T2_E1_Elche,NO,-50,0.12901608411750035
T1_E2_Elda,NO,T2_E1_Elche,NO,-49,0.1602615046509343
T1_E2_Elda,NO,T2_E1_Elche,NO,-48,0.13184046702433058
T1_E2_Elda,NO,T2_E1_Elche,NO,-47,0.07840240767412356
T1_E2_Elda,NO,T2_E1_Elche,NO,-46,0.03750641864725392
T1_E2_Elda,NO,T2_E1_Elche,NO,-45,0.014226975322040598
T1_E2_Elda,NO,T2_E1_Elche,NO,-44,0.006768019795264461
T1_E2_Elda,NO,T2_E1_Elche,NO,-43,-0.001054172066652759
T1_E2_Elda,NO,T2_E1_Elche,NO,-42,-0.00014261516722661872
T1_E2_Elda,NO,T2_E1_Elche,NO,-41,0.009274712623016027
T1_E2_Elda,NO,T2_E1_Elche,NO,-40,0.03618126116180463
T1_E2_Elda,NO,T2_E1_Elche,NO,-39,0.07861691015016871
T1_E2_Elda,NO,T2_E1_Elche,NO,-38,0.11251543713726343
T1_E2_Elda,NO,T2_E1_Elche,NO,-37,0.10864248242531117
T1_E2_Elda,NO,T2_E1_Elche,NO,-36,0.07716523046774094
T1_E2_Elda,NO,T2_E1_Elche,NO,-35,0.031960924387720815
T1_E2_Elda,NO,T2_E1_Elche,NO,-34,0.0007495028322780987
T1_E2_Elda,NO,T2_E1_Elche,NO,-33,-0.01422043153883345
T1_E2_Elda,NO,T2_E1_Elche,NO,-32,-0.019082434328934625
T1_E2_Elda,NO,T2_E1_Elche,NO,-31,-0.014894472558359309
T1_E2_Elda,NO,T2_E1_Elche,NO,-30,-0.006521461875961878
T1_E2_Elda,NO,T2_E1_Elche,NO,-29,0.011078188917965016
T1_E2_Elda,NO,T2_E1_Elche,NO,-28,0.039004315669770584
T1_E2_Elda,NO,T2_E1_Elche,NO,-27,0.09030184948523812
T1_E2_Elda,NO,T2_E1_Elche,NO,-26,0.15007631797997242
T1_E2_Elda,NO,T2_E1_Elche,NO,-25,0.18663989614956253
T1_E2_Elda,NO,T2_E1_Elche,NO,-24,0.16756124711988254
T1_E2_Elda,NO,T2_E1_Elche,NO,-23,0.10705983747062862
T1_E2_Elda,NO,T2_E1_Elche,NO,-22,0.04720263205113371
T1_E2_Elda,NO,T2_E1_Elche,NO,-21,0.018100203812283912
T1_E2_Elda,NO,T2_E1_Elche,NO,-20,0.0075376949433062276
T1_E2_Elda,NO,T2_E1_Elche,NO,-19,0.004181201181401828
T1_E2_Elda,NO,T2_E1_Elche,NO,-18,0.010397867885502881
T1_E2_Elda,NO,T2_E1_Elche,NO,-17,0.036724255570753754
T1_E2_Elda,NO,T2_E1_Elche,NO,-16,0.08549021612774982
T1_E2_Elda,NO,T2_E1_Elche,NO,-15,0.13872688530667238
T1_E2_Elda,NO,T2_E1_Elche,NO,-14,0.1798494173864898
T1_E2_Elda,NO,T2_E1_Elche,NO,-13,0.17306940691361308
T1_E2_Elda,NO,T2_E1_Elche,NO,-12,0.13420904223828162
T1_E2_Elda,NO,T2_E1_Elche,NO,-11,0.07954412125691875
T1_E2_Elda,NO,T2_E1_Elche,NO,-10,0.02691147750447456
T1_E2_Elda,NO,T2_E1_Elche,NO,-9,0.003150455771831502
T1_E2_Elda,NO,T2_E1_Elche,NO,-8,-0.0022855647359800186
T1_E2_Elda,NO,T2_E1_Elche,NO,-7,-0.0009503897726309446
T1_E2_Elda,NO,T2_E1_Elche,NO,-6,0.008511230880600022
T1_E2_Elda,NO,T2_E1_Elche,NO,-5,0.034731761830868964
T1_E2_Elda,NO,T2_E1_Elche,NO,-4,0.08850495934455946
T1_E2_Elda,NO,T2_E1_Elche,NO,-3,0.18581132814846157
T1_E2_Elda,NO,T2_E1_Elche,NO,-2,0.31091005167152974
T1_E2_Elda,NO,T2_E1_Elche,NO,-1,0.393676042217551
T1_E2_Elda,NO,T2_E1_Elche,NO,0,0.3536967772688505
T1_E2_Elda,NO,T2_E1_Elche,NO,1,0.2496221477330898
T1_E2_Elda,NO,T2_E1_Elche,NO,2,0.13116260867990248
T1_E2_Elda,NO,T2_E1_Elche,NO,3,0.05594847831253246
T1_E2_Elda,NO,T2_E1_Elche,NO,4,0.027827423717210236
T1_E2_Elda,NO,T2_E1_Elche,NO,5,0.0185092713720545
T1_E2_Elda,NO,T2_E1_Elche,NO,6,0.01895904355430908
T1_E2_Elda,NO,T2_E1_Elche,NO,7,0.040302764751229105
T1_E2_Elda,NO,T2_E1_Elche,NO,8,0.08975107155232208
T1_E2_Elda,NO,T2_E1_Elche,NO,9,0.16093776683612315
T1_E2_Elda,NO,T2_E1_Elche,NO,10,0.23231028354470454
T1_E2_Elda,NO,T2_E1_Elche,NO,11,0.24079182712043587
T1_E2_Elda,NO,T2_E1_Elche,NO,12,0.18292798098211607
T1_E2_Elda,NO,T2_E1_Elche,NO,13,0.09503453980337954
T1_E2_Elda,NO,T2_E1_Elche,NO,14,0.029100646185482245
T1_E2_Elda,NO,T2_E1_Elche,NO,15,-0.0036197619925669887
T1_E2_Elda,NO,T2_E1_Elche,NO,16,-0.013304654681481272
T1_E2_Elda,NO,T2_E1_Elche,NO,17,-0.011208732423593475
T1_E2_Elda,NO,T2_E1_Elche,NO,18,-0.0027934455848199814
T1_E2_Elda,NO,T2_E1_Elche,NO,19,0.016342968341849402
T1_E2_Elda,NO,T2_E1_Elche,NO,20,0.06028827028065241
T1_E2_Elda,NO,T2_E1_Elche,NO,21,0.13174925912839072
T1_E2_Elda,NO,T2_E1_Elche,NO,22,0.20422131539639318
T1_E2_Elda,NO,T2_E1_Elche,NO,23,0.22789567381270673
T1_E2_Elda,NO,T2_E1_Elche,NO,24,0.1984176007595158
T1_E2_Elda,NO,T2_E1_Elche,NO,25,0.13260911897748015
T1_E2_Elda,NO,T2_E1_Elche,NO,26,0.06529288994172343
T1_E2_Elda,NO,T2_E1_Elche,NO,27,0.026472190472649683
T1_E2_Elda,NO,T2_E1_Elche,NO,28,0.007447988902114494
T1_E2_Elda,NO,T2_E1_Elche,NO,29,-0.00022306069894343662
T1_E2_Elda,NO,T2_E1_Elche,NO,30,0.0021323835272249645
T1_E2_Elda,NO,T2_E1_Elche,NO,31,0.030286886437610384
T1_E2_Elda,NO,T2_E1_Elche,NO,32,0.08037776289876893
T1_E2_Elda,NO,T2_E1_Elche,NO,33,0.13483487462457658
T1_E2_Elda,NO,T2_E1_Elche,NO,34,0.18386185295782842
T1_E2_Elda,NO,T2_E1_Elche,NO,35,0.18472502266535
T1_E2_Elda,NO,T2_E1_Elche,NO,36,0.13437119625880847
T1_E2_Elda,NO,T2_E1_Elche,NO,37,0.0634386634717174
T1_E2_Elda,NO,T2_E1_Elche,NO,38,0.012896993442683361
T1_E2_Elda,NO,T2_E1_Elche,NO,39,-0.010959279620525075
T1_E2_Elda,NO,T2_E1_Elche,NO,40,-0.01708993908392516
T1_E2_Elda,NO,T2_E1_Elche,NO,41,-0.013856903385368966
T1_E2_Elda,NO,T2_E1_Elche,NO,42,-0.005284050642344249
T1_E2_Elda,NO,T2_E1_Elche,NO,43,0.017627918468031335
T1_E2_Elda,NO,T2_E1_Elche,NO,44,0.058746934564143045
T1_E2_Elda,NO,T2_E1_Elche,NO,45,0.11226988125044679
T1_E2_Elda,NO,T2_E1_Elche,NO,46,0.15543260756396682
T1_E2_Elda,NO,T2_E1_Elche,NO,47,0.1782738239252704
T1_E2_Elda,NO,T2_E1_Elche,NO,48,0.16048819517343108
T1_E2_Elda,NO,T2_E1_Elche,NO,49,0.09811699577240587
T1_E2_Elda,NO,T2_E1_Elche,NO,50,0.045045074176541314
T1_E2_Elda,NO,T2_E1_Elche,NO,51,0.017037078716111004
T1_E2_Elda,NO,T2_E1_Elche,NO,52,0.007476539817795886
T1_E2_Elda,NO,T2_E1_Elche,NO,53,-0.0007277614580306824
T1_E2_Elda,NO,T2_E1_Elche,NO,54,-0.00011372031172649324
T1_E2_Elda,NO,T2_E1_Elche,NO,55,0.011940210977647716
T1_E2_Elda,NO,T2_E1_Elche,NO,56,0.03971738278442747
T1_E2_Elda,NO,T2_E1_Elche,NO,57,0.08550091210125521
T1_E2_Elda,NO,T2_E1_Elche,NO,58,0.13544013590685217
T1_E2_Elda,NO,T2_E1_Elche,NO,59,0.14737194561520164
T1_E2_Elda,NO,T2_E1_Elche,NO,60,0.1106200017644719
T1_E2_Elda,NO,T2_E1_Elche,NO,61,0.05551924508740228
T1_E2_Elda,NO,T2_E1_Elche,NO,62,0.013276658365367526
T1_E2_Elda,NO,T2_E1_Elche,NO,63,-0.013395956739133054
T1_E2_Elda,NO,T2_E1_Elche,NO,64,-0.020167100767340913
T1_E2_Elda,NO,T2_E1_Elche,NO,65,-0.020412913457595393
T1_E2_Elda,NO,T2_E1_Elche,NO,66,-0.015056993993739267
T1_E2_Elda,NO,T2_E1_Elche,NO,67,-0.0016391095967635896
T1_E2_Elda,NO,T2_E1_Elche,NO,68,0.021162142536909446
T1_E2_Elda,NO,T2_E1_Elche,NO,69,0.055509346060116635
T1_E2_Elda,NO,T2_E1_Elche,NO,70,0.10062490501370819
T1_E2_Elda,NO,T2_E1_Elche,NO,71,0.13312710878590844
T1_E2_Elda,NO,T2_E1_Elche,NO,72,0.1237381945445855
T1_E2_Elda,NO,T2_E1_Elche,NO2,-72,0.11260239200949428
T1_E2_Elda,NO,T2_E1_Elche,NO2,-71,0.04937129699782321
T1_E2_Elda,NO,T2_E1_Elche,NO2,-70,-0.005438604890566069
T1_E2_Elda,NO,T2_E1_Elche,NO2,-69,-0.03458148720441855
T1_E2_Elda,NO,T2_E1_Elche,NO2,-68,-0.04544621404975296
T1_E2_Elda,NO,T2_E1_Elche,NO2,-67,-0.04423696456926403
T1_E2_Elda,NO,T2_E1_Elche,NO2,-66,-0.03238855244570052
T1_E2_Elda,NO,T2_E1_Elche,NO2,-65,-0.00807631750938566
T1_E2_Elda,NO,T2_E1_Elche,NO2,-64,0.030985012239017947
T1_E2_Elda,NO,T2_E1_Elche,NO2,-63,0.08423148875906276
T1_E2_Elda,NO,T2_E1_Elche,NO2,-62,0.13010811927648527
T1_E2_Elda,NO,T2_E1_Elche,NO2,-61,0.14362086514444097
T1_E2_Elda,NO,T2_E1_Elche,NO2,-60,0.12061087294299006
T1_E2_Elda,NO,T2_E1_Elche,NO2,-59,0.07459361760820096
T1_E2_Elda,NO,T2_E1_Elche,NO2,-58,0.024375337384613883
T1_E2_Elda,NO,T2_E1_Elche,NO2,-57,-0.016091791226438293
T1_E2_Elda,NO,T2_E1_Elche,NO2,-56,-0.04206717274425378
T1_E2_Elda,NO,T2_E1_Elche,NO2,-55,-0.05425690534573473
T1_E2_Elda,NO,T2_E1_Elche,NO2,-54,-0.05330551359649374
T1_E2_Elda,NO,T2_E1_Elche,NO2,-53,-0.03417047599579483
T1_E2_Elda,NO,T2_E1_Elche,NO2,-52,0.004613361202063618
T1_E2_Elda,NO,T2_E1_Elche,NO2,-51,0.06017022823937019
T1_E2_Elda,NO,T2_E1_Elche,NO2,-50,0.11754693748708249
T1_E2_Elda,NO,T2_E1_Elche,NO2,-49,0.14514208671634
T1_E2_Elda,NO,T2_E1_Elche,NO2,-48,0.11599396767134977
T1_E2_Elda,NO,T2_E1_Elche,NO2,-47,0.056919135005163525
T1_E2_Elda,NO,T2_E1_Elche,NO2,-46,0.007190677535425004
T1_E2_Elda,NO,T2_E1_Elche,NO2,-45,-0.022363651506096198
T1_E2_Elda,NO,T2_E1_Elche,NO2,-44,-0.03652951667798848
T1_E2_Elda,NO,T2_E1_Elche,NO2,-43,-0.03883007257927948
T1_E2_Elda,NO,T2_E1_Elche,NO2,-42,-0.02901431236865192
T1_E2_Elda,NO,T2_E1_Elche,NO2,-41,-0.0031336294958089093
T1_E2_Elda,NO,T2_E1_Elche,NO2,-40,0.04298468986038791
T1_E2_Elda,NO,T2_E1_Elche,NO2,-39,0.1000881546278957
T1_E2_Elda,NO,T2_E1_Elche,NO2,-38,0.15210154150133073
T1_E2_Elda,NO,T2_E1_Elche,NO2,-37,0.17020815041949686
T1_E2_Elda,NO,T2_E1_Elche,NO2,-36,0.1485451947862618
T1_E2_Elda,NO,T2_E1_Elche,NO2,-35,0.09439727076837669
T1_E2_Elda,NO,T2_E1_Elche,NO2,-34,0.03634439119358228
T1_E2_Elda,NO,T2_E1_Elche,NO2,-33,-0.008709904978857935
T1_E2_Elda,NO,T2_E1_Elche,NO2,-32,-0.0378355558051303
T1_E2_Elda,NO,T2_E1_Elche,NO2,-31,-0.04844421695828663
T1_E2_Elda,NO,T2_E1_Elche,NO2,-30,-0.042313813689665226
T1_E2_Elda,NO,T2_E1_Elche,NO2,-29,-0.017236716931774632
T1_E2_Elda,NO,T2_E1_Elche,NO2,-28,0.028073279766667764
T1_E2_Elda,NO,T2_E1_Elche,NO2,-27,0.09264015199820336
T1_E2_Elda,NO,T2_E1_Elche,NO2,-26,0.16144173453449398
T1_E2_Elda,NO,T2_E1_Elche,NO2,-25,0.19347192259406934
T1_E2_Elda,NO,T2_E1_Elche,NO2,-24,0.16053949317923882
T1_E2_Elda,NO,T2_E1_Elche,NO2,-23,0.09218146759846663
T1_E2_Elda,NO,T2_E1_Elche,NO2,-22,0.027885581720921378
T1_E2_Elda,NO,T2_E1_Elche,NO2,-21,-0.007870602833876937
T1_E2_Elda,NO,T2_E1_Elche,NO2,-20,-0.023562263593588074
T1_E2_Elda,NO,T2_E1_Elche,NO2,-19,-0.024153813228601786
T1_E2_Elda,NO,T2_E1_Elche,NO2,-18,-0.0063623555225202294
T1_E2_Elda,NO,T2_E1_Elche,NO2,-17,0.032909858387149736
T1_E2_Elda,NO,T2_E1_Elche,NO2,-16,0.09081621227264133
T1_E2_Elda,NO,T2_E1_Elche,NO2,-15,0.15665630726394358
T1_E2_Elda,NO,T2_E1_Elche,NO2,-14,0.21145503898160553
T1_E2_Elda,NO,T2_E1_Elche,NO2,-13,0.22807527368457015
T1_E2_Elda,NO,T2_E1_Elche,NO2,-12,0.20087636240897883
T1_E2_Elda,NO,T2_E1_Elche,NO2,-11,0.14273704162313525
T1_E2_Elda,NO,T2_E1_Elche,NO2,-10,0.07754380089305755
T1_E2_Elda,NO,T2_E1_Elche,NO2,-9,0.026817444336624908
T1_E2_Elda,NO,T2_E1_Elche,NO2,-8,-0.0035857324697086807
T1_E2_Elda,NO,T2_E1_Elche,NO2,-7,-0.015566848671406957
T1_E2_Elda,NO,T2_E1_Elche,NO2,-6,-0.007077604640138299
T1_E2_Elda,NO,T2_E1_Elche,NO2,-5,0.026376463578398502
T1_E2_Elda,NO,T2_E1_Elche,NO2,-4,0.09206401778778703
T1_E2_Elda,NO,T2_E1_Elche,NO2,-3,0.18831957037599265
T1_E2_Elda,NO,T2_E1_Elche,NO2,-2,0.29133298224649495
T1_E2_Elda,NO,T2_E1_Elche,NO2,-1,0.3427321181496769
T1_E2_Elda,NO,T2_E1_Elche,NO2,0,0.29898615502386444
T1_E2_Elda,NO,T2_E1_Elche,NO2,1,0.20259526324963711
T1_E2_Elda,NO,T2_E1_Elche,NO2,2,0.1108432629698017
T1_E2_Elda,NO,T2_E1_Elche,NO2,3,0.05205020008184384
T1_E2_Elda,NO,T2_E1_Elche,NO2,4,0.020884109315616902
T1_E2_Elda,NO,T2_E1_Elche,NO2,5,0.01160675689107354
T1_E2_Elda,NO,T2_E1_Elche,NO2,6,0.020604262091309236
T1_E2_Elda,NO,T2_E1_Elche,NO2,7,0.05296423897760014
T1_E2_Elda,NO,T2_E1_Elche,NO2,8,0.10876558595780736
T1_E2_Elda,NO,T2_E1_Elche,NO2,9,0.1812824251118869
T1_E2_Elda,NO,T2_E1_Elche,NO2,10,0.24728601637516737
T1_E2_Elda,NO,T2_E1_Elche,NO2,11,0.2689334983684692
T1_E2_Elda,NO,T2_E1_Elche,NO2,12,0.23838394148607941
T1_E2_Elda,NO,T2_E1_Elche,NO2,13,0.17109184879709385
T1_E2_Elda,NO,T2_E1_Elche,NO2,14,0.09700767472198836
T1_E2_Elda,NO,T2_E1_Elche,NO2,15,0.04035420234108258
T1_E2_Elda,NO,T2_E1_Elche,NO2,16,0.004677991196186074
T1_E2_Elda,NO,T2_E1_Elche,NO2,17,-0.015272731105066176
T1_E2_Elda,NO,T2_E1_Elche,NO2,18,-0.016623400635388114
T1_E2_Elda,NO,T2_E1_Elche,NO2,19,0.00862769690234412
T1_E2_Elda,NO,T2_E1_Elche,NO2,20,0.06564589511070665
T1_E2_Elda,NO,T2_E1_Elche,NO2,21,0.14185609494487894
T1_E2_Elda,NO,T2_E1_Elche,NO2,22,0.21623473509686134
T1_E2_Elda,NO,T2_E1_Elche,NO2,23,0.24504160100483224
T1_E2_Elda,NO,T2_E1_Elche,NO2,24,0.20785134609921435
T1_E2_Elda,NO,T2_E1_Elche,NO2,25,0.12979594020205584
T1_E2_Elda,NO,T2_E1_Elche,NO2,26,0.05900263878621222
T1_E2_Elda,NO,T2_E1_Elche,NO2,27,0.014022942741676779
T1_E2_Elda,NO,T2_E1_Elche,NO2,28,-0.01037527158639892
T1_E2_Elda,NO,T2_E1_Elche,NO2,29,-0.01703883566678932
T1_E2_Elda,NO,T2_E1_Elche,NO2,30,-0.006036617182413833
T1_E2_Elda,NO,T2_E1_Elche,NO2,31,0.029175104252932474
T1_E2_Elda,NO,T2_E1_Elche,NO2,32,0.08310170040122737
T1_E2_Elda,NO,T2_E1_Elche,NO2,33,0.1454413561955706
T1_E2_Elda,NO,T2_E1_Elche,NO2,34,0.19386357266099702
T1_E2_Elda,NO,T2_E1_Elche,NO2,35,0.20396733070171577
T1_E2_Elda,NO,T2_E1_Elche,NO2,36,0.17303767384969215
T1_E2_Elda,NO,T2_E1_Elche,NO2,37,0.11622404642310244
T1_E2_Elda,NO,T2_E1_Elche,NO2,38,0.0606477648216857
T1_E2_Elda,NO,T2_E1_Elche,NO2,39,0.019500878727679253
T1_E2_Elda,NO,T2_E1_Elche,NO2,40,-0.009796406796975639
T1_E2_Elda,NO,T2_E1_Elche,NO2,41,-0.024857496702350493
T1_E2_Elda,NO,T2_E1_Elche,NO2,42,-0.027240908895423972
T1_E2_Elda,NO,T2_E1_Elche,NO2,43,-0.005703920421176595
T1_E2_Elda,NO,T2_E1_Elche,NO2,44,0.03617657773805169
T1_E2_Elda,NO,T2_E1_Elche,NO2,45,0.09485018846787928
T1_E2_Elda,NO,T2_E1_Elche,NO2,46,0.15428084690610747
T1_E2_Elda,NO,T2_E1_Elche,NO2,47,0.18178468038924514
T1_E2_Elda,NO,T2_E1_Elche,NO2,48,0.1527883339633621
T1_E2_Elda,NO,T2_E1_Elche,NO2,49,0.08811928067791158
T1_E2_Elda,NO,T2_E1_Elche,NO2,50,0.028320339147898978
T1_E2_Elda,NO,T2_E1_Elche,NO2,51,-0.008257934322024098
T1_E2_Elda,NO,T2_E1_Elche,NO2,52,-0.026240878756605805
T1_E2_Elda,NO,T2_E1_Elche,NO2,53,-0.031847925322590495
T1_E2_Elda,NO,T2_E1_Elche,NO2,54,-0.023762055994711855
T1_E2_Elda,NO,T2_E1_Elche,NO2,55,0.0037415261236844995
T1_E2_Elda,NO,T2_E1_Elche,NO2,56,0.04925239181710431
T1_E2_Elda,NO,T2_E1_Elche,NO2,57,0.10450548229490499
T1_E2_Elda,NO,T2_E1_Elche,NO2,58,0.1562122367026751
T1_E2_Elda,NO,T2_E1_Elche,NO2,59,0.1838212173653976
T1_E2_Elda,NO,T2_E1_Elche,NO2,60,0.16901602677917643
T1_E2_Elda,NO,T2_E1_Elche,NO2,61,0.11913760819756357
T1_E2_Elda,NO,T2_E1_Elche,NO2,62,0.059643336247324215
T1_E2_Elda,NO,T2_E1_Elche,NO2,63,0.00885308547438124
T1_E2_Elda,NO,T2_E1_Elche,NO2,64,-0.02456404501507581
T1_E2_Elda,NO,T2_E1_Elche,NO2,65,-0.04227733849808638
T1_E2_Elda,NO,T2_E1_Elche,NO2,66,-0.04271702878869019
T1_E2_Elda,NO,T2_E1_Elche,NO2,67,-0.025639862625356214
T1_E2_Elda,NO,T2_E1_Elche,NO2,68,0.00934427926613883
T1_E2_Elda,NO,T2_E1_Elche,NO2,69,0.062413019319015106
T1_E2_Elda,NO,T2_E1_Elche,NO2,70,0.1200553521787846
T1_E2_Elda,NO,T2_E1_Elche,NO2,71,0.15087379679305327
T1_E2_Elda,NO,T2_E1_Elche,NO2,72,0.12755635153984443
T1_E2_Elda,NO,T2_E1_Elche,O3,-72,-0.11703400357555843
T1_E2_Elda,NO,T2_E1_Elche,O3,-71,-0.058106850564821275
T1_E2_Elda,NO,T2_E1_Elche,O3,-70,-0.0005424897718192639
T1_E2_Elda,NO,T2_E1_Elche,O3,-69,0.04024887408416331
T1_E2_Elda,NO,T2_E1_Elche,O3,-68,0.06284035050312622
T1_E2_Elda,NO,T2_E1_Elche,O3,-67,0.06931765593328348
T1_E2_Elda,NO,T2_E1_Elche,O3,-66,0.061830874061556414
T1_E2_Elda,NO,T2_E1_Elche,O3,-65,0.04154003362419263
T1_E2_Elda,NO,T2_E1_Elche,O3,-64,0.00831757393222205
T1_E2_Elda,NO,T2_E1_Elche,O3,-63,-0.035941147221925124
T1_E2_Elda,NO,T2_E1_Elche,O3,-62,-0.07604105941473592
T1_E2_Elda,NO,T2_E1_Elche,O3,-61,-0.10284696710768135
T1_E2_Elda,NO,T2_E1_Elche,O3,-60,-0.11402876598700797
T1_E2_Elda,NO,T2_E1_Elche,O3,-59,-0.1130265431170644
T1_E2_Elda,NO,T2_E1_Elche,O3,-58,-0.10788163102385312
T1_E2_Elda,NO,T2_E1_Elche,O3,-57,-0.10279991559032102
T1_E2_Elda,NO,T2_E1_Elche,O3,-56,-0.0992413169244738
T1_E2_Elda,NO,T2_E1_Elche,O3,-55,-0.09752583620722514
T1_E2_Elda,NO,T2_E1_Elche,O3,-54,-0.09916662348423763
T1_E2_Elda,NO,T2_E1_Elche,O3,-53,-0.1079364454881124
T1_E2_Elda,NO,T2_E1_Elche,O3,-52,-0.12355937606622251
T1_E2_Elda,NO,T2_E1_Elche,O3,-51,-0.14367893573610038
T1_E2_Elda,NO,T2_E1_Elche,O3,-50,-0.15985917835009264
T1_E2_Elda,NO,T2_E1_Elche,O3,-49,-0.15793039984865664
T1_E2_Elda,NO,T2_E1_Elche,O3,-48,-0.1229916213560968
T1_E2_Elda,NO,T2_E1_Elche,O3,-47,-0.0658054631427429
T1_E2_Elda,NO,T2_E1_Elche,O3,-46,-0.009276839475190184
T1_E2_Elda,NO,T2_E1_Elche,O3,-45,0.03277018460302718
T1_E2_Elda,NO,T2_E1_Elche,O3,-44,0.05885263096187422
T1_E2_Elda,NO,T2_E1_Elche,O3,-43,0.06711734705103799
T1_E2_Elda,NO,T2_E1_Elche,O3,-42,0.06099014500311978
T1_E2_Elda,NO,T2_E1_Elche,O3,-41,0.040357472041592686
T1_E2_Elda,NO,T2_E1_Elche,O3,-40,0.006545495093762262
T1_E2_Elda,NO,T2_E1_Elche,O3,-39,-0.035978581227413396
T1_E2_Elda,NO,T2_E1_Elche,O3,-38,-0.07958949879024448
T1_E2_Elda,NO,T2_E1_Elche,O3,-37,-0.1118632215020127
T1_E2_Elda,NO,T2_E1_Elche,O3,-36,-0.12688787260624643
T1_E2_Elda,NO,T2_E1_Elche,O3,-35,-0.12912546362844865
T1_E2_Elda,NO,T2_E1_Elche,O3,-34,-0.12234238111772111
T1_E2_Elda,NO,T2_E1_Elche,O3,-33,-0.11496178023145347
T1_E2_Elda,NO,T2_E1_Elche,O3,-32,-0.10915999171201039
T1_E2_Elda,NO,T2_E1_Elche,O3,-31,-0.10794151753764783
T1_E2_Elda,NO,T2_E1_Elche,O3,-30,-0.11300629737388312
T1_E2_Elda,NO,T2_E1_Elche,O3,-29,-0.1257055147560027
T1_E2_Elda,NO,T2_E1_Elche,O3,-28,-0.14618771837404812
T1_E2_Elda,NO,T2_E1_Elche,O3,-27,-0.17171658573684442
T1_E2_Elda,NO,T2_E1_Elche,O3,-26,-0.19269662213494468
T1_E2_Elda,NO,T2_E1_Elche,O3,-25,-0.19104102658234431
T1_E2_Elda,NO,T2_E1_Elche,O3,-24,-0.15262978120483453
T1_E2_Elda,NO,T2_E1_Elche,O3,-23,-0.08997604219757144
T1_E2_Elda,NO,T2_E1_Elche,O3,-22,-0.024668213784980807
T1_E2_Elda,NO,T2_E1_Elche,O3,-21,0.021632271651533322
T1_E2_Elda,NO,T2_E1_Elche,O3,-20,0.04584237509622621
T1_E2_Elda,NO,T2_E1_Elche,O3,-19,0.05211141442250306
T1_E2_Elda,NO,T2_E1_Elche,O3,-18,0.04133753432721528
T1_E2_Elda,NO,T2_E1_Elche,O3,-17,0.015164160769751326
T1_E2_Elda,NO,T2_E1_Elche,O3,-16,-0.02317111168241858
T1_E2_Elda,NO,T2_E1_Elche,O3,-15,-0.07001562885575402
T1_E2_Elda,NO,T2_E1_Elche,O3,-14,-0.11600272167582218
T1_E2_Elda,NO,T2_E1_Elche,O3,-13,-0.14862262911172047
T1_E2_Elda,NO,T2_E1_Elche,O3,-12,-0.16378784712941305
T1_E2_Elda,NO,T2_E1_Elche,O3,-11,-0.16450144154397922
T1_E2_Elda,NO,T2_E1_Elche,O3,-10,-0.15800439840736577
T1_E2_Elda,NO,T2_E1_Elche,O3,-9,-0.14952034506631756
T1_E2_Elda,NO,T2_E1_Elche,O3,-8,-0.14575278196780922
T1_E2_Elda,NO,T2_E1_Elche,O3,-7,-0.1464622788412073
T1_E2_Elda,NO,T2_E1_Elche,O3,-6,-0.15425907302513336
T1_E2_Elda,NO,T2_E1_Elche,O3,-5,-0.1722911715853908
T1_E2_Elda,NO,T2_E1_Elche,O3,-4,-0.2003874345707189
T1_E2_Elda,NO,T2_E1_Elche,O3,-3,-0.2343661625164169
T1_E2_Elda,NO,T2_E1_Elche,O3,-2,-0.26267496518323774
T1_E2_Elda,NO,T2_E1_Elche,O3,-1,-0.26340455645677785
T1_E2_Elda,NO,T2_E1_Elche,O3,0,-0.22080112879340513
T1_E2_Elda,NO,T2_E1_Elche,O3,1,-0.14557243632757028
T1_E2_Elda,NO,T2_E1_Elche,O3,2,-0.06690138380772806
T1_E2_Elda,NO,T2_E1_Elche,O3,3,-0.008151273787906416
T1_E2_Elda,NO,T2_E1_Elche,O3,4,0.026918103511209362
T1_E2_Elda,NO,T2_E1_Elche,O3,5,0.0394175423068411
T1_E2_Elda,NO,T2_E1_Elche,O3,6,0.03392250171451738
T1_E2_Elda,NO,T2_E1_Elche,O3,7,0.012165005932062626
T1_E2_Elda,NO,T2_E1_Elche,O3,8,-0.024756005557890665
T1_E2_Elda,NO,T2_E1_Elche,O3,9,-0.07113336146241367
T1_E2_Elda,NO,T2_E1_Elche,O3,10,-0.1174931991495822
T1_E2_Elda,NO,T2_E1_Elche,O3,11,-0.15032627275006552
T1_E2_Elda,NO,T2_E1_Elche,O3,12,-0.1653420607345072
T1_E2_Elda,NO,T2_E1_Elche,O3,13,-0.16356212815414015
T1_E2_Elda,NO,T2_E1_Elche,O3,14,-0.15108697647832242
T1_E2_Elda,NO,T2_E1_Elche,O3,15,-0.13790440727462386
T1_E2_Elda,NO,T2_E1_Elche,O3,16,-0.1294629975264907
T1_E2_Elda,NO,T2_E1_Elche,O3,17,-0.12419409555051626
T1_E2_Elda,NO,T2_E1_Elche,O3,18,-0.12557002167990405
T1_E2_Elda,NO,T2_E1_Elche,O3,19,-0.1365777954897957
T1_E2_Elda,NO,T2_E1_Elche,O3,20,-0.15885306180071992
T1_E2_Elda,NO,T2_E1_Elche,O3,21,-0.18364008290229158
T1_E2_Elda,NO,T2_E1_Elche,O3,22,-0.20202684349443237
T1_E2_Elda,NO,T2_E1_Elche,O3,23,-0.19614014772231536
T1_E2_Elda,NO,T2_E1_Elche,O3,24,-0.15488083234961353
T1_E2_Elda,NO,T2_E1_Elche,O3,25,-0.08956722841639617
T1_E2_Elda,NO,T2_E1_Elche,O3,26,-0.02442013680023154
T1_E2_Elda,NO,T2_E1_Elche,O3,27,0.024018988480747145
T1_E2_Elda,NO,T2_E1_Elche,O3,28,0.053424057058794286
T1_E2_Elda,NO,T2_E1_Elche,O3,29,0.06487866766844606
T1_E2_Elda,NO,T2_E1_Elche,O3,30,0.058537415098637885
T1_E2_Elda,NO,T2_E1_Elche,O3,31,0.03505352785543564
T1_E2_Elda,NO,T2_E1_Elche,O3,32,-0.0006545742598140592
T1_E2_Elda,NO,T2_E1_Elche,O3,33,-0.043495334920322204
T1_E2_Elda,NO,T2_E1_Elche,O3,34,-0.08415247015941028
T1_E2_Elda,NO,T2_E1_Elche,O3,35,-0.11209536815231748
T1_E2_Elda,NO,T2_E1_Elche,O3,36,-0.1260326480589659
T1_E2_Elda,NO,T2_E1_Elche,O3,37,-0.12478448029650797
T1_E2_Elda,NO,T2_E1_Elche,O3,38,-0.11868162071785426
T1_E2_Elda,NO,T2_E1_Elche,O3,39,-0.113417005571999
T1_E2_Elda,NO,T2_E1_Elche,O3,40,-0.10931279805397075
T1_E2_Elda,NO,T2_E1_Elche,O3,41,-0.10796518467677779
T1_E2_Elda,NO,T2_E1_Elche,O3,42,-0.10855788296651465
T1_E2_Elda,NO,T2_E1_Elche,O3,43,-0.11621348294907267
T1_E2_Elda,NO,T2_E1_Elche,O3,44,-0.13072648617929306
T1_E2_Elda,NO,T2_E1_Elche,O3,45,-0.14691575560868142
T1_E2_Elda,NO,T2_E1_Elche,O3,46,-0.15991817989457205
T1_E2_Elda,NO,T2_E1_Elche,O3,47,-0.15487163614979385
T1_E2_Elda,NO,T2_E1_Elche,O3,48,-0.11947923860604683
T1_E2_Elda,NO,T2_E1_Elche,O3,49,-0.06329557620525772
T1_E2_Elda,NO,T2_E1_Elche,O3,50,-0.008076743150422205
T1_E2_Elda,NO,T2_E1_Elche,O3,51,0.032581611759981914
T1_E2_Elda,NO,T2_E1_Elche,O3,52,0.05781990831718788
T1_E2_Elda,NO,T2_E1_Elche,O3,53,0.06693448095326682
T1_E2_Elda,NO,T2_E1_Elche,O3,54,0.061640125665393966
T1_E2_Elda,NO,T2_E1_Elche,O3,55,0.04023911933994005
T1_E2_Elda,NO,T2_E1_Elche,O3,56,0.006040020108304217
T1_E2_Elda,NO,T2_E1_Elche,O3,57,-0.03476072162618762
T1_E2_Elda,NO,T2_E1_Elche,O3,58,-0.07594224622307143
T1_E2_Elda,NO,T2_E1_Elche,O3,59,-0.10944301659992924
T1_E2_Elda,NO,T2_E1_Elche,O3,60,-0.12663699289046393
T1_E2_Elda,NO,T2_E1_Elche,O3,61,-0.12872401857487434
T1_E2_Elda,NO,T2_E1_Elche,O3,62,-0.12176792761629857
T1_E2_Elda,NO,T2_E1_Elche,O3,63,-0.11221288387275416
T1_E2_Elda,NO,T2_E1_Elche,O3,64,-0.10451008927471753
T1_E2_Elda,NO,T2_E1_Elche,O3,65,-0.1023889137805707
T1_E2_Elda,NO,T2_E1_Elche,O3,66,-0.10573560638817808
T1_E2_Elda,NO,T2_E1_Elche,O3,67,-0.11457874067048618
T1_E2_Elda,NO,T2_E1_Elche,O3,68,-0.12689548260591357
T1_E2_Elda,NO,T2_E1_Elche,O3,69,-0.14459492726602166
T1_E2_Elda,NO,T2_E1_Elche,O3,70,-0.15994175604247715
T1_E2_Elda,NO,T2_E1_Elche,O3,71,-0.15718440083231683
T1_E2_Elda,NO,T2_E1_Elche,O3,72,-0.12419663012988284
T1_E2_Elda,NO2,T1_E1_Alicante,NO,-72,0.17653439194614165
T1_E2_Elda,NO2,T1_E1_Alicante,NO,-71,0.13681908192824868
T1_E2_Elda,NO2,T1_E1_Alicante,NO,-70,0.07281005381666276
T1_E2_Elda,NO2,T1_E1_Alicante,NO,-69,0.015470048510346446
T1_E2_Elda,NO2,T1_E1_Alicante,NO,-68,-0.02026795358996379
T1_E2_Elda,NO2,T1_E1_Alicante,NO,-67,-0.03514300337246082
T1_E2_Elda,NO2,T1_E1_Alicante,NO,-66,-0.028927807498311614
T1_E2_Elda,NO2,T1_E1_Alicante,NO,-65,-0.00431830017729931
T1_E2_Elda,NO2,T1_E1_Alicante,NO,-64,0.04001255037498907
T1_E2_Elda,NO2,T1_E1_Alicante,NO,-63,0.09963215963360585
T1_E2_Elda,NO2,T1_E1_Alicante,NO,-62,0.15671613597176076
T1_E2_Elda,NO2,T1_E1_Alicante,NO,-61,0.18794388974907308
T1_E2_Elda,NO2,T1_E1_Alicante,NO,-60,0.17618165462100543
T1_E2_Elda,NO2,T1_E1_Alicante,NO,-59,0.1313476414774796
T1_E2_Elda,NO2,T1_E1_Alicante,NO,-58,0.07176975315153962
T1_E2_Elda,NO2,T1_E1_Alicante,NO,-57,0.01846405907887999
T1_E2_Elda,NO2,T1_E1_Alicante,NO,-56,-0.019748568001561356
T1_E2_Elda,NO2,T1_E1_Alicante,NO,-55,-0.041173027533513845
T1_E2_Elda,NO2,T1_E1_Alicante,NO,-54,-0.04250793706241792
T1_E2_Elda,NO2,T1_E1_Alicante,NO,-53,-0.022416293653137097
T1_E2_Elda,NO2,T1_E1_Alicante,NO,-52,0.017953627111531582
T1_E2_Elda,NO2,T1_E1_Alicante,NO,-51,0.07492565154486844
T1_E2_Elda,NO2,T1_E1_Alicante,NO,-50,0.14843943036755786
T1_E2_Elda,NO2,T1_E1_Alicante,NO,-49,0.21013767353735618
T1_E2_Elda,NO2,T1_E1_Alicante,NO,-48,0.21794991052769924
T1_E2_Elda,NO2,T1_E1_Alicante,NO,-47,0.16766035092300113
T1_E2_Elda,NO2,T1_E1_Alicante,NO,-46,0.08788140858987264
T1_E2_Elda,NO2,T1_E1_Alicante,NO,-45,0.01994246349248232
T1_E2_Elda,NO2,T1_E1_Alicante,NO,-44,-0.01958780880515852
T1_E2_Elda,NO2,T1_E1_Alicante,NO,-43,-0.036311654483178545
T1_E2_Elda,NO2,T1_E1_Alicante,NO,-42,-0.032015687338709714
T1_E2_Elda,NO2,T1_E1_Alicante,NO,-41,-0.007132847762784426
T1_E2_Elda,NO2,T1_E1_Alicante,NO,-40,0.03722564945504152
T1_E2_Elda,NO2,T1_E1_Alicante,NO,-39,0.09173180459328496
T1_E2_Elda,NO2,T1_E1_Alicante,NO,-38,0.14324542469986914
T1_E2_Elda,NO2,T1_E1_Alicante,NO,-37,0.17685267255727777
T1_E2_Elda,NO2,T1_E1_Alicante,NO,-36,0.17023042769674795
T1_E2_Elda,NO2,T1_E1_Alicante,NO,-35,0.1287755041003016
T1_E2_Elda,NO2,T1_E1_Alicante,NO,-34,0.07654119410048651
T1_E2_Elda,NO2,T1_E1_Alicante,NO,-33,0.026672102736262047
T1_E2_Elda,NO2,T1_E1_Alicante,NO,-32,-0.009081324902155134
T1_E2_Elda,NO2,T1_E1_Alicante,NO,-31,-0.0298918637351395
T1_E2_Elda,NO2,T1_E1_Alicante,NO,-30,-0.030510980855643643
T1_E2_Elda,NO2,T1_E1_Alicante,NO,-29,-0.010516129550043243
T1_E2_Elda,NO2,T1_E1_Alicante,NO,-28,0.032102090179823184
T1_E2_Elda,NO2,T1_E1_Alicante,NO,-27,0.09925120130555827
T1_E2_Elda,NO2,T1_E1_Alicante,NO,-26,0.18618971619109442
T1_E2_Elda,NO2,T1_E1_Alicante,NO,-25,0.26455498057206817
T1_E2_Elda,NO2,T1_E1_Alicante,NO,-24,0.28566349198536456
T1_E2_Elda,NO2,T1_E1_Alicante,NO,-23,0.22800437082592545
T1_E2_Elda,NO2,T1_E1_Alicante,NO,-22,0.13497120626551576
T1_E2_Elda,NO2,T1_E1_Alicante,NO,-21,0.05543261684110239
T1_E2_Elda,NO2,T1_E1_Alicante,NO,-20,0.009993762865717992
T1_E2_Elda,NO2,T1_E1_Alicante,NO,-19,-0.0092202306953154
T1_E2_Elda,NO2,T1_E1_Alicante,NO,-18,-0.00368524377046616
T1_E2_Elda,NO2,T1_E1_Alicante,NO,-17,0.0274835776748564
T1_E2_Elda,NO2,T1_E1_Alicante,NO,-16,0.08167810944149329
T1_E2_Elda,NO2,T1_E1_Alicante,NO,-15,0.14939977072361035
T1_E2_Elda,NO2,T1_E1_Alicante,NO,-14,0.2144504877934482
T1_E2_Elda,NO2,T1_E1_Alicante,NO,-13,0.25906962769914343
T1_E2_Elda,NO2,T1_E1_Alicante,NO,-12,0.25752418081252154
T1_E2_Elda,NO2,T1_E1_Alicante,NO,-11,0.21668632059274873
T1_E2_Elda,NO2,T1_E1_Alicante,NO,-10,0.15396947246778786
T1_E2_Elda,NO2,T1_E1_Alicante,NO,-9,0.09324745518833147
T1_E2_Elda,NO2,T1_E1_Alicante,NO,-8,0.045679186600560175
T1_E2_Elda,NO2,T1_E1_Alicante,NO,-7,0.014809994079655798
T1_E2_Elda,NO2,T1_E1_Alicante,NO,-6,0.008301598997947732
T1_E2_Elda,NO2,T1_E1_Alicante,NO,-5,0.03355922721520848
T1_E2_Elda,NO2,T1_E1_Alicante,NO,-4,0.09018793859154368
T1_E2_Elda,NO2,T1_E1_Alicante,NO,-3,0.17897192874855963
T1_E2_Elda,NO2,T1_E1_Alicante,NO,-2,0.29551477104292906
T1_E2_Elda,NO2,T1_E1_Alicante,NO,-1,0.4078681064176863
T1_E2_Elda,NO2,T1_E1_Alicante,NO,0,0.44809764421649506
T1_E2_Elda,NO2,T1_E1_Alicante,NO,1,0.3845525533452568
T1_E2_Elda,NO2,T1_E1_Alicante,NO,2,0.2615369272718445
T1_E2_Elda,NO2,T1_E1_Alicante,NO,3,0.14871002936890873
T1_E2_Elda,NO2,T1_E1_Alicante,NO,4,0.0692803250145503
T1_E2_Elda,NO2,T1_E1_Alicante,NO,5,0.027203118201022714
T1_E2_Elda,NO2,T1_E1_Alicante,NO,6,0.017875933658390592
T1_E2_Elda,NO2,T1_E1_Alicante,NO,7,0.04074498425771327
T1_E2_Elda,NO2,T1_E1_Alicante,NO,8,0.09369135986077007
T1_E2_Elda,NO2,T1_E1_Alicante,NO,9,0.1618156030194959
T1_E2_Elda,NO2,T1_E1_Alicante,NO,10,0.23135626394396594
T1_E2_Elda,NO2,T1_E1_Alicante,NO,11,0.27626665720258714
T1_E2_Elda,NO2,T1_E1_Alicante,NO,12,0.26840907981753964
T1_E2_Elda,NO2,T1_E1_Alicante,NO,13,0.21679999159034455
T1_E2_Elda,NO2,T1_E1_Alicante,NO,14,0.14530393034618197
T1_E2_Elda,NO2,T1_E1_Alicante,NO,15,0.07731121848446856
T1_E2_Elda,NO2,T1_E1_Alicante,NO,16,0.022679500478682633
T1_E2_Elda,NO2,T1_E1_Alicante,NO,17,-0.012613839553042268
T1_E2_Elda,NO2,T1_E1_Alicante,NO,18,-0.025617554247988224
T1_E2_Elda,NO2,T1_E1_Alicante,NO,19,-0.011731823244256675
T1_E2_Elda,NO2,T1_E1_Alicante,NO,20,0.028176748525872323
T1_E2_Elda,NO2,T1_E1_Alicante,NO,21,0.09400249638868718
T1_E2_Elda,NO2,T1_E1_Alicante,NO,22,0.17789465550030992
T1_E2_Elda,NO2,T1_E1_Alicante,NO,23,0.25288146296583053
T1_E2_Elda,NO2,T1_E1_Alicante,NO,24,0.27856546786047326
T1_E2_Elda,NO2,T1_E1_Alicante,NO,25,0.22764773309404657
T1_E2_Elda,NO2,T1_E1_Alicante,NO,26,0.13304312727199907
T1_E2_Elda,NO2,T1_E1_Alicante,NO,27,0.048528453402355176
T1_E2_Elda,NO2,T1_E1_Alicante,NO,28,-0.0062512388320887105
T1_E2_Elda,NO2,T1_E1_Alicante,NO,29,-0.032192543291712554
T1_E2_Elda,NO2,T1_E1_Alicante,NO,30,-0.03523951421596315
T1_E2_Elda,NO2,T1_E1_Alicante,NO,31,-0.014422416618062603
T1_E2_Elda,NO2,T1_E1_Alicante,NO,32,0.028245007971193063
T1_E2_Elda,NO2,T1_E1_Alicante,NO,33,0.0849671751125828
T1_E2_Elda,NO2,T1_E1_Alicante,NO,34,0.14392131981648032
T1_E2_Elda,NO2,T1_E1_Alicante,NO,35,0.1797469021627921
T1_E2_Elda,NO2,T1_E1_Alicante,NO,36,0.17408031727231194
T1_E2_Elda,NO2,T1_E1_Alicante,NO,37,0.13434878716632984
T1_E2_Elda,NO2,T1_E1_Alicante,NO,38,0.07901697040971695
T1_E2_Elda,NO2,T1_E1_Alicante,NO,39,0.02545249051802143
T1_E2_Elda,NO2,T1_E1_Alicante,NO,40,-0.01571926291980817
T1_E2_Elda,NO2,T1_E1_Alicante,NO,41,-0.04328958232312831
T1_E2_Elda,NO2,T1_E1_Alicante,NO,42,-0.050515334583429924
T1_E2_Elda,NO2,T1_E1_Alicante,NO,43,-0.03656671542241425
T1_E2_Elda,NO2,T1_E1_Alicante,NO,44,-0.0017052856185681494
T1_E2_Elda,NO2,T1_E1_Alicante,NO,45,0.05497368356510961
T1_E2_Elda,NO2,T1_E1_Alicante,NO,46,0.12558101006905695
T1_E2_Elda,NO2,T1_E1_Alicante,NO,47,0.1897481354174737
T1_E2_Elda,NO2,T1_E1_Alicante,NO,48,0.20714587747489854
T1_E2_Elda,NO2,T1_E1_Alicante,NO,49,0.1612328869041106
T1_E2_Elda,NO2,T1_E1_Alicante,NO,50,0.08568027266876761
T1_E2_Elda,NO2,T1_E1_Alicante,NO,51,0.01895528087682422
T1_E2_Elda,NO2,T1_E1_Alicante,NO,52,-0.02138428716164734
T1_E2_Elda,NO2,T1_E1_Alicante,NO,53,-0.0397035569721276
T1_E2_Elda,NO2,T1_E1_Alicante,NO,54,-0.03671364904119576
T1_E2_Elda,NO2,T1_E1_Alicante,NO,55,-0.013495207396960715
T1_E2_Elda,NO2,T1_E1_Alicante,NO,56,0.027545103412551418
T1_E2_Elda,NO2,T1_E1_Alicante,NO,57,0.0791415432888256
T1_E2_Elda,NO2,T1_E1_Alicante,NO,58,0.1255218779582898
T1_E2_Elda,NO2,T1_E1_Alicante,NO,59,0.15042841105202803
T1_E2_Elda,NO2,T1_E1_Alicante,NO,60,0.1381958343364077
T1_E2_Elda,NO2,T1_E1_Alicante,NO,61,0.10344511684891257
T1_E2_Elda,NO2,T1_E1_Alicante,NO,62,0.05856627246089171
T1_E2_Elda,NO2,T1_E1_Alicante,NO,63,0.014695801528125534
T1_E2_Elda,NO2,T1_E1_Alicante,NO,64,-0.02002080009603513
T1_E2_Elda,NO2,T1_E1_Alicante,NO,65,-0.04555679730087486
T1_E2_Elda,NO2,T1_E1_Alicante,NO,66,-0.0539101866559879
T1_E2_Elda,NO2,T1_E1_Alicante,NO,67,-0.04369673337152314
T1_E2_Elda,NO2,T1_E1_Alicante,NO,68,-0.012552970579899002
T1_E2_Elda,NO2,T1_E1_Alicante,NO,69,0.03832035052425148
T1_E2_Elda,NO2,T1_E1_Alicante,NO,70,0.09988041035073782
T1_E2_Elda,NO2,T1_E1_Alicante,NO,71,0.15002882984904456
T1_E2_Elda,NO2,T1_E1_Alicante,NO,72,0.1608403167064072
T1_E2_Elda,NO2,T1_E1_Alicante,NO2,-72,0.24893978893111207
T1_E2_Elda,NO2,T1_E1_Alicante,NO2,-71,0.1938977691959784
T1_E2_Elda,NO2,T1_E1_Alicante,NO2,-70,0.1076086850197122
T1_E2_Elda,NO2,T1_E1_Alicante,NO2,-69,0.027227211061866714
T1_E2_Elda,NO2,T1_E1_Alicante,NO2,-68,-0.031148401023725118
T1_E2_Elda,NO2,T1_E1_Alicante,NO2,-67,-0.06118352275267158
T1_E2_Elda,NO2,T1_E1_Alicante,NO2,-66,-0.06384172086987427
T1_E2_Elda,NO2,T1_E1_Alicante,NO2,-65,-0.04186634842340075
T1_E2_Elda,NO2,T1_E1_Alicante,NO2,-64,0.0035118453740963233
T1_E2_Elda,NO2,T1_E1_Alicante,NO2,-63,0.06451676679676284
T1_E2_Elda,NO2,T1_E1_Alicante,NO2,-62,0.12466350508628644
T1_E2_Elda,NO2,T1_E1_Alicante,NO2,-61,0.16077428087584664
T1_E2_Elda,NO2,T1_E1_Alicante,NO2,-60,0.15800846487078102
T1_E2_Elda,NO2,T1_E1_Alicante,NO2,-59,0.121164315408667
T1_E2_Elda,NO2,T1_E1_Alicante,NO2,-58,0.06461417382649613
T1_E2_Elda,NO2,T1_E1_Alicante,NO2,-57,0.005200702304437208
T1_E2_Elda,NO2,T1_E1_Alicante,NO2,-56,-0.041697141902794554
T1_E2_Elda,NO2,T1_E1_Alicante,NO2,-55,-0.07078040042979501
T1_E2_Elda,NO2,T1_E1_Alicante,NO2,-54,-0.07316456309342745
T1_E2_Elda,NO2,T1_E1_Alicante,NO2,-53,-0.046114563107744956
T1_E2_Elda,NO2,T1_E1_Alicante,NO2,-52,0.013756418000913555
T1_E2_Elda,NO2,T1_E1_Alicante,NO2,-51,0.10311124410072292
T1_E2_Elda,NO2,T1_E1_Alicante,NO2,-50,0.20630888899033778
T1_E2_Elda,NO2,T1_E1_Alicante,NO2,-49,0.280034959704155
T1_E2_Elda,NO2,T1_E1_Alicante,NO2,-48,0.28747996497064987
T1_E2_Elda,NO2,T1_E1_Alicante,NO2,-47,0.2251776974878334
T1_E2_Elda,NO2,T1_E1_Alicante,NO2,-46,0.12776117499842402
T1_E2_Elda,NO2,T1_E1_Alicante,NO2,-45,0.039022488325012074
T1_E2_Elda,NO2,T1_E1_Alicante,NO2,-44,-0.02275190068220156
T1_E2_Elda,NO2,T1_E1_Alicante,NO2,-43,-0.05533735535796685
T1_E2_Elda,NO2,T1_E1_Alicante,NO2,-42,-0.060350201176955824
T1_E2_Elda,NO2,T1_E1_Alicante,NO2,-41,-0.03553005005366967
T1_E2_Elda,NO2,T1_E1_Alicante,NO2,-40,0.013361527628056724
T1_E2_Elda,NO2,T1_E1_Alicante,NO2,-39,0.07437313854537322
T1_E2_Elda,NO2,T1_E1_Alicante,NO2,-38,0.1327242455098813
T1_E2_Elda,NO2,T1_E1_Alicante,NO2,-37,0.17068990776633147
T1_E2_Elda,NO2,T1_E1_Alicante,NO2,-36,0.17218848354402155
T1_E2_Elda,NO2,T1_E1_Alicante,NO2,-35,0.13682960454663248
T1_E2_Elda,NO2,T1_E1_Alicante,NO2,-34,0.08159208419953409
T1_E2_Elda,NO2,T1_E1_Alicante,NO2,-33,0.021537848236040123
T1_E2_Elda,NO2,T1_E1_Alicante,NO2,-32,-0.027281117377080992
T1_E2_Elda,NO2,T1_E1_Alicante,NO2,-31,-0.05455189276757001
T1_E2_Elda,NO2,T1_E1_Alicante,NO2,-30,-0.05376151015798573
T1_E2_Elda,NO2,T1_E1_Alicante,NO2,-29,-0.019601543594614936
T1_E2_Elda,NO2,T1_E1_Alicante,NO2,-28,0.05122083383637974
T1_E2_Elda,NO2,T1_E1_Alicante,NO2,-27,0.15596488955632237
T1_E2_Elda,NO2,T1_E1_Alicante,NO2,-26,0.2757863741150877
T1_E2_Elda,NO2,T1_E1_Alicante,NO2,-25,0.36747323429840184
T1_E2_Elda,NO2,T1_E1_Alicante,NO2,-24,0.3829374005354338
T1_E2_Elda,NO2,T1_E1_Alicante,NO2,-23,0.3132372835251243
T1_E2_Elda,NO2,T1_E1_Alicante,NO2,-22,0.2034729181697233
T1_E2_Elda,NO2,T1_E1_Alicante,NO2,-21,0.10185461008070679
T1_E2_Elda,NO2,T1_E1_Alicante,NO2,-20,0.030815580184733765
T1_E2_Elda,NO2,T1_E1_Alicante,NO2,-19,-0.005775303672819298
T1_E2_Elda,NO2,T1_E1_Alicante,NO2,-18,-0.007448946908970936
T1_E2_Elda,NO2,T1_E1_Alicante,NO2,-17,0.021227277198816567
T1_E2_Elda,NO2,T1_E1_Alicante,NO2,-16,0.0762328464794351
T1_E2_Elda,NO2,T1_E1_Alicante,NO2,-15,0.1481769867338789
T1_E2_Elda,NO2,T1_E1_Alicante,NO2,-14,0.21833420359189418
T1_E2_Elda,NO2,T1_E1_Alicante,NO2,-13,0.26465038442732913
T1_E2_Elda,NO2,T1_E1_Alicante,NO2,-12,0.2700400883258459
T1_E2_Elda,NO2,T1_E1_Alicante,NO2,-11,0.2336739383007034
T1_E2_Elda,NO2,T1_E1_Alicante,NO2,-10,0.17086169546605584
T1_E2_Elda,NO2,T1_E1_Alicante,NO2,-9,0.10507231197856906
T1_E2_Elda,NO2,T1_E1_Alicante,NO2,-8,0.0519656210470229
T1_E2_Elda,NO2,T1_E1_Alicante,NO2,-7,0.021192465431815535
T1_E2_Elda,NO2,T1_E1_Alicante,NO2,-6,0.024502421659013434
T1_E2_Elda,NO2,T1_E1_Alicante,NO2,-5,0.07043431850663599
T1_E2_Elda,NO2,T1_E1_Alicante,NO2,-4,0.16263475115894507
T1_E2_Elda,NO2,T1_E1_Alicante,NO2,-3,0.29768975984239054
T1_E2_Elda,NO2,T1_E1_Alicante,NO2,-2,0.44893637856016533
T1_E2_Elda,NO2,T1_E1_Alicante,NO2,-1,0.5637851178260119
T1_E2_Elda,NO2,T1_E1_Alicante,NO2,0,0.5818990979953085
T1_E2_Elda,NO2,T1_E1_Alicante,NO2,1,0.4951069460562965
T1_E2_Elda,NO2,T1_E1_Alicante,NO2,2,0.3530111626460081
T1_E2_Elda,NO2,T1_E1_Alicante,NO2,3,0.21919353722064233
T1_E2_Elda,NO2,T1_E1_Alicante,NO2,4,0.11959176275666644
T1_E2_Elda,NO2,T1_E1_Alicante,NO2,5,0.061662132681775506
T1_E2_Elda,NO2,T1_E1_Alicante,NO2,6,0.04429689434283171
T1_E2_Elda,NO2,T1_E1_Alicante,NO2,7,0.06318858459472065
T1_E2_Elda,NO2,T1_E1_Alicante,NO2,8,0.11284133623704175
T1_E2_Elda,NO2,T1_E1_Alicante,NO2,9,0.1784907377068907
T1_E2_Elda,NO2,T1_E1_Alicante,NO2,10,0.24410242812890365
T1_E2_Elda,NO2,T1_E1_Alicante,NO2,11,0.28357312908549576
T1_E2_Elda,NO2,T1_E1_Alicante,NO2,12,0.27984584711867966
T1_E2_Elda,NO2,T1_E1_Alicante,NO2,13,0.2360867892716547
T1_E2_Elda,NO2,T1_E1_Alicante,NO2,14,0.1681545067514456
T1_E2_Elda,NO2,T1_E1_Alicante,NO2,15,0.09614961129728167
T1_E2_Elda,NO2,T1_E1_Alicante,NO2,16,0.034478933461223576
T1_E2_Elda,NO2,T1_E1_Alicante,NO2,17,-0.00454697104475574
T1_E2_Elda,NO2,T1_E1_Alicante,NO2,18,-0.013175788122449163
T1_E2_Elda,NO2,T1_E1_Alicante,NO2,19,0.01383763723585051
T1_E2_Elda,NO2,T1_E1_Alicante,NO2,20,0.07863581328367558
T1_E2_Elda,NO2,T1_E1_Alicante,NO2,21,0.17794404658424703
T1_E2_Elda,NO2,T1_E1_Alicante,NO2,22,0.29031907715688277
T1_E2_Elda,NO2,T1_E1_Alicante,NO2,23,0.3744710460629492
T1_E2_Elda,NO2,T1_E1_Alicante,NO2,24,0.3849347834468058
T1_E2_Elda,NO2,T1_E1_Alicante,NO2,25,0.312288381152839
T1_E2_Elda,NO2,T1_E1_Alicante,NO2,26,0.1960719799636438
T1_E2_Elda,NO2,T1_E1_Alicante,NO2,27,0.08826140067129591
T1_E2_Elda,NO2,T1_E1_Alicante,NO2,28,0.012432379289920869
T1_E2_Elda,NO2,T1_E1_Alicante,NO2,29,-0.027418019676561007
T1_E2_Elda,NO2,T1_E1_Alicante,NO2,30,-0.036342596299452364
T1_E2_Elda,NO2,T1_E1_Alicante,NO2,31,-0.016396713893223083
T1_E2_Elda,NO2,T1_E1_Alicante,NO2,32,0.027742705830889954
T1_E2_Elda,NO2,T1_E1_Alicante,NO2,33,0.08568339561747763
T1_E2_Elda,NO2,T1_E1_Alicante,NO2,34,0.14127058328899958
T1_E2_Elda,NO2,T1_E1_Alicante,NO2,35,0.17763053615609034
T1_E2_Elda,NO2,T1_E1_Alicante,NO2,36,0.17818318637092154
T1_E2_Elda,NO2,T1_E1_Alicante,NO2,37,0.14363972386411847
T1_E2_Elda,NO2,T1_E1_Alicante,NO2,38,0.08713010700803861
T1_E2_Elda,NO2,T1_E1_Alicante,NO2,39,0.025420255364524257
T1_E2_Elda,NO2,T1_E1_Alicante,NO2,40,-0.024193315081478664
T1_E2_Elda,NO2,T1_E1_Alicante,NO2,41,-0.05541211603580915
T1_E2_Elda,NO2,T1_E1_Alicante,NO2,42,-0.06002609836528132
T1_E2_Elda,NO2,T1_E1_Alicante,NO2,43,-0.03742568292032696
T1_E2_Elda,NO2,T1_E1_Alicante,NO2,44,0.01518751465182864
T1_E2_Elda,NO2,T1_E1_Alicante,NO2,45,0.096671884744057
T1_E2_Elda,NO2,T1_E1_Alicante,NO2,46,0.19328806446665692
T1_E2_Elda,NO2,T1_E1_Alicante,NO2,47,0.2699006495564015
T1_E2_Elda,NO2,T1_E1_Alicante,NO2,48,0.2799580300186278
T1_E2_Elda,NO2,T1_E1_Alicante,NO2,49,0.220120540318067
T1_E2_Elda,NO2,T1_E1_Alicante,NO2,50,0.1240307349057314
T1_E2_Elda,NO2,T1_E1_Alicante,NO2,51,0.036799719717232955
T1_E2_Elda,NO2,T1_E1_Alicante,NO2,52,-0.022959521905003593
T1_E2_Elda,NO2,T1_E1_Alicante,NO2,53,-0.05245484623215042
T1_E2_Elda,NO2,T1_E1_Alicante,NO2,54,-0.055016897101169096
T1_E2_Elda,NO2,T1_E1_Alicante,NO2,55,-0.031034007048379317
T1_E2_Elda,NO2,T1_E1_Alicante,NO2,56,0.014907326580607509
T1_E2_Elda,NO2,T1_E1_Alicante,NO2,57,0.07291015026091431
T1_E2_Elda,NO2,T1_E1_Alicante,NO2,58,0.12794584516395047
T1_E2_Elda,NO2,T1_E1_Alicante,NO2,59,0.1587463066634551
T1_E2_Elda,NO2,T1_E1_Alicante,NO2,60,0.15235831642080158
T1_E2_Elda,NO2,T1_E1_Alicante,NO2,61,0.11626855476982775
T1_E2_Elda,NO2,T1_E1_Alicante,NO2,62,0.06460780090010398
T1_E2_Elda,NO2,T1_E1_Alicante,NO2,63,0.008249483380316785
T1_E2_Elda,NO2,T1_E1_Alicante,NO2,64,-0.037938713006531836
T1_E2_Elda,NO2,T1_E1_Alicante,NO2,65,-0.0663273441713611
T1_E2_Elda,NO2,T1_E1_Alicante,NO2,66,-0.07137398778095821
T1_E2_Elda,NO2,T1_E1_Alicante,NO2,67,-0.04961497331115119
T1_E2_Elda,NO2,T1_E1_Alicante,NO2,68,0.0028935295570575825
T1_E2_Elda,NO2,T1_E1_Alicante,NO2,69,0.08570389870281257
T1_E2_Elda,NO2,T1_E1_Alicante,NO2,70,0.17900602770641003
T1_E2_Elda,NO2,T1_E1_Alicante,NO2,71,0.24570541029241336
T1_E2_Elda,NO2,T1_E1_Alicante,NO2,72,0.25120779769084417
T1_E2_Elda,NO2,T1_E1_Alicante,O3,-72,-0.22618456464854725
T1_E2_Elda,NO2,T1_E1_Alicante,O3,-71,-0.18199436559231014
T1_E2_Elda,NO2,T1_E1_Alicante,O3,-70,-0.1161728098308867
T1_E2_Elda,NO2,T1_E1_Alicante,O3,-69,-0.053882213425873675
T1_E2_Elda,NO2,T1_E1_Alicante,O3,-68,-0.007491335361464363
T1_E2_Elda,NO2,T1_E1_Alicante,O3,-67,0.020813746616651602
T1_E2_Elda,NO2,T1_E1_Alicante,O3,-66,0.03421752970426605
T1_E2_Elda,NO2,T1_E1_Alicante,O3,-65,0.033955397905974904
T1_E2_Elda,NO2,T1_E1_Alicante,O3,-64,0.020300310921412764
T1_E2_Elda,NO2,T1_E1_Alicante,O3,-63,-0.0029405732056790278
T1_E2_Elda,NO2,T1_E1_Alicante,O3,-62,-0.02848144744982909
T1_E2_Elda,NO2,T1_E1_Alicante,O3,-61,-0.047189156458545864
T1_E2_Elda,NO2,T1_E1_Alicante,O3,-60,-0.05202349414773854
T1_E2_Elda,NO2,T1_E1_Alicante,O3,-59,-0.045745082917966924
T1_E2_Elda,NO2,T1_E1_Alicante,O3,-58,-0.03222289002136893
T1_E2_Elda,NO2,T1_E1_Alicante,O3,-57,-0.017326514245985917
T1_E2_Elda,NO2,T1_E1_Alicante,O3,-56,-0.00895600069631121
T1_E2_Elda,NO2,T1_E1_Alicante,O3,-55,-0.010366960849222796
T1_E2_Elda,NO2,T1_E1_Alicante,O3,-54,-0.025264871723587976
T1_E2_Elda,NO2,T1_E1_Alicante,O3,-53,-0.05585928900872222
T1_E2_Elda,NO2,T1_E1_Alicante,O3,-52,-0.10176103522780497
T1_E2_Elda,NO2,T1_E1_Alicante,O3,-51,-0.15891774020085078
T1_E2_Elda,NO2,T1_E1_Alicante,O3,-50,-0.21750905376604973
T1_E2_Elda,NO2,T1_E1_Alicante,O3,-49,-0.25535104098460226
T1_E2_Elda,NO2,T1_E1_Alicante,O3,-48,-0.249828094900059
T1_E2_Elda,NO2,T1_E1_Alicante,O3,-47,-0.20045158958573897
T1_E2_Elda,NO2,T1_E1_Alicante,O3,-46,-0.12894731521624134
T1_E2_Elda,NO2,T1_E1_Alicante,O3,-45,-0.06229613595798115
T1_E2_Elda,NO2,T1_E1_Alicante,O3,-44,-0.0133896780853315
T1_E2_Elda,NO2,T1_E1_Alicante,O3,-43,0.016911531807096435
T1_E2_Elda,NO2,T1_E1_Alicante,O3,-42,0.03048948316875643
T1_E2_Elda,NO2,T1_E1_Alicante,O3,-41,0.02861418402747366
T1_E2_Elda,NO2,T1_E1_Alicante,O3,-40,0.014237504138889865
T1_E2_Elda,NO2,T1_E1_Alicante,O3,-39,-0.009806681020856196
T1_E2_Elda,NO2,T1_E1_Alicante,O3,-38,-0.035183849670666095
T1_E2_Elda,NO2,T1_E1_Alicante,O3,-37,-0.053094960976974644
T1_E2_Elda,NO2,T1_E1_Alicante,O3,-36,-0.057849464012541756
T1_E2_Elda,NO2,T1_E1_Alicante,O3,-35,-0.05073911519647963
T1_E2_Elda,NO2,T1_E1_Alicante,O3,-34,-0.03662496540173208
T1_E2_Elda,NO2,T1_E1_Alicante,O3,-33,-0.0210852322516397
T1_E2_Elda,NO2,T1_E1_Alicante,O3,-32,-0.012069573110324448
T1_E2_Elda,NO2,T1_E1_Alicante,O3,-31,-0.015465013776220138
T1_E2_Elda,NO2,T1_E1_Alicante,O3,-30,-0.033515408251655075
T1_E2_Elda,NO2,T1_E1_Alicante,O3,-29,-0.06807145645187224
T1_E2_Elda,NO2,T1_E1_Alicante,O3,-28,-0.1209588023581435
T1_E2_Elda,NO2,T1_E1_Alicante,O3,-27,-0.18844172360018693
T1_E2_Elda,NO2,T1_E1_Alicante,O3,-26,-0.25847739975021883
T1_E2_Elda,NO2,T1_E1_Alicante,O3,-25,-0.3052249202168105
T1_E2_Elda,NO2,T1_E1_Alicante,O3,-24,-0.30272004746997916
T1_E2_Elda,NO2,T1_E1_Alicante,O3,-23,-0.2509257363410689
T1_E2_Elda,NO2,T1_E1_Alicante,O3,-22,-0.1760013260670911
T1_E2_Elda,NO2,T1_E1_Alicante,O3,-21,-0.10547637243554264
T1_E2_Elda,NO2,T1_E1_Alicante,O3,-20,-0.05382476119868348
T1_E2_Elda,NO2,T1_E1_Alicante,O3,-19,-0.02230160712342117
T1_E2_Elda,NO2,T1_E1_Alicante,O3,-18,-0.009603917758108165
T1_E2_Elda,NO2,T1_E1_Alicante,O3,-17,-0.013072515649046868
T1_E2_Elda,NO2,T1_E1_Alicante,O3,-16,-0.030447572879017254
T1_E2_Elda,NO2,T1_E1_Alicante,O3,-15,-0.05799234277218305
T1_E2_Elda,NO2,T1_E1_Alicante,O3,-14,-0.08678749119163051
T1_E2_Elda,NO2,T1_E1_Alicante,O3,-13,-0.10739504728503602
T1_E2_Elda,NO2,T1_E1_Alicante,O3,-12,-0.11422815552506226
T1_E2_Elda,NO2,T1_E1_Alicante,O3,-11,-0.10636542037410493
T1_E2_Elda,NO2,T1_E1_Alicante,O3,-10,-0.08965800884020185
T1_E2_Elda,NO2,T1_E1_Alicante,O3,-9,-0.07390279967946393
T1_E2_Elda,NO2,T1_E1_Alicante,O3,-8,-0.06801660706868971
T1_E2_Elda,NO2,T1_E1_Alicante,O3,-7,-0.07423473505332823
T1_E2_Elda,NO2,T1_E1_Alicante,O3,-6,-0.09545638773109127
T1_E2_Elda,NO2,T1_E1_Alicante,O3,-5,-0.13616996210757526
T1_E2_Elda,NO2,T1_E1_Alicante,O3,-4,-0.19897220760947604
T1_E2_Elda,NO2,T1_E1_Alicante,O3,-3,-0.27998688018239065
T1_E2_Elda,NO2,T1_E1_Alicante,O3,-2,-0.36396146184745726
T1_E2_Elda,NO2,T1_E1_Alicante,O3,-1,-0.4205680205200356
T1_E2_Elda,NO2,T1_E1_Alicante,O3,0,-0.41971639045474474
T1_E2_Elda,NO2,T1_E1_Alicante,O3,1,-0.35916675982634605
T1_E2_Elda,NO2,T1_E1_Alicante,O3,2,-0.2706764518384131
T1_E2_Elda,NO2,T1_E1_Alicante,O3,3,-0.1849847060949045
T1_E2_Elda,NO2,T1_E1_Alicante,O3,4,-0.11841525705867446
T1_E2_Elda,NO2,T1_E1_Alicante,O3,5,-0.07370730423129344
T1_E2_Elda,NO2,T1_E1_Alicante,O3,6,-0.04985795210685532
T1_E2_Elda,NO2,T1_E1_Alicante,O3,7,-0.044334411758637
T1_E2_Elda,NO2,T1_E1_Alicante,O3,8,-0.05414105332665105
T1_E2_Elda,NO2,T1_E1_Alicante,O3,9,-0.07339282131390089
T1_E2_Elda,NO2,T1_E1_Alicante,O3,10,-0.09415190192693436
T1_E2_Elda,NO2,T1_E1_Alicante,O3,11,-0.10715125237746426
T1_E2_Elda,NO2,T1_E1_Alicante,O3,12,-0.10498368536296969
T1_E2_Elda,NO2,T1_E1_Alicante,O3,13,-0.09010347838596618
T1_E2_Elda,NO2,T1_E1_Alicante,O3,14,-0.06812474184500089
T1_E2_Elda,NO2,T1_E1_Alicante,O3,15,-0.04686286610314795
T1_E2_Elda,NO2,T1_E1_Alicante,O3,16,-0.03349169833490002
T1_E2_Elda,NO2,T1_E1_Alicante,O3,17,-0.031237304946775537
T1_E2_Elda,NO2,T1_E1_Alicante,O3,18,-0.043765578911148954
T1_E2_Elda,NO2,T1_E1_Alicante,O3,19,-0.0735300608907853
T1_E2_Elda,NO2,T1_E1_Alicante,O3,20,-0.12145732108422985
T1_E2_Elda,NO2,T1_E1_Alicante,O3,21,-0.1844819449516947
T1_E2_Elda,NO2,T1_E1_Alicante,O3,22,-0.24806052446509874
T1_E2_Elda,NO2,T1_E1_Alicante,O3,23,-0.2896685950824954
T1_E2_Elda,NO2,T1_E1_Alicante,O3,24,-0.2840694657270773
T1_E2_Elda,NO2,T1_E1_Alicante,O3,25,-0.22907800679365328
T1_E2_Elda,NO2,T1_E1_Alicante,O3,26,-0.15050927291677077
T1_E2_Elda,NO2,T1_E1_Alicante,O3,27,-0.07656790017990336
T1_E2_Elda,NO2,T1_E1_Alicante,O3,28,-0.02264867999954836
T1_E2_Elda,NO2,T1_E1_Alicante,O3,29,0.010837796040372171
T1_E2_Elda,NO2,T1_E1_Alicante,O3,30,0.02771935069038904
T1_E2_Elda,NO2,T1_E1_Alicante,O3,31,0.029567471629171293
T1_E2_Elda,NO2,T1_E1_Alicante,O3,32,0.019057076992214386
T1_E2_Elda,NO2,T1_E1_Alicante,O3,33,-0.0006963283964846458
T1_E2_Elda,NO2,T1_E1_Alicante,O3,34,-0.02196352969151705
T1_E2_Elda,NO2,T1_E1_Alicante,O3,35,-0.037369143740853324
T1_E2_Elda,NO2,T1_E1_Alicante,O3,36,-0.0410151133124502
T1_E2_Elda,NO2,T1_E1_Alicante,O3,37,-0.031553136964379495
T1_E2_Elda,NO2,T1_E1_Alicante,O3,38,-0.015673834820539658
T1_E2_Elda,NO2,T1_E1_Alicante,O3,39,0.0006434986840989995
T1_E2_Elda,NO2,T1_E1_Alicante,O3,40,0.00943210613897397
T1_E2_Elda,NO2,T1_E1_Alicante,O3,41,0.0063377316833306595
T1_E2_Elda,NO2,T1_E1_Alicante,O3,42,-0.010827450851002889
T1_E2_Elda,NO2,T1_E1_Alicante,O3,43,-0.04057827889334475
T1_E2_Elda,NO2,T1_E1_Alicante,O3,44,-0.08432344477222023
T1_E2_Elda,NO2,T1_E1_Alicante,O3,45,-0.1399627278001971
T1_E2_Elda,NO2,T1_E1_Alicante,O3,46,-0.1959538377473054
T1_E2_Elda,NO2,T1_E1_Alicante,O3,47,-0.2336675071575932
T1_E2_Elda,NO2,T1_E1_Alicante,O3,48,-0.22992377942418607
T1_E2_Elda,NO2,T1_E1_Alicante,O3,49,-0.1825505229676042
T1_E2_Elda,NO2,T1_E1_Alicante,O3,50,-0.1125029027533583
T1_E2_Elda,NO2,T1_E1_Alicante,O3,51,-0.04851239233387231
T1_E2_Elda,NO2,T1_E1_Alicante,O3,52,-0.0028454469066387924
T1_E2_Elda,NO2,T1_E1_Alicante,O3,53,0.025222876785531985
T1_E2_Elda,NO2,T1_E1_Alicante,O3,54,0.03781770659495456
T1_E2_Elda,NO2,T1_E1_Alicante,O3,55,0.036220613465103274
T1_E2_Elda,NO2,T1_E1_Alicante,O3,56,0.0217158184941107
T1_E2_Elda,NO2,T1_E1_Alicante,O3,57,-0.000786920733294825
T1_E2_Elda,NO2,T1_E1_Alicante,O3,58,-0.024886213759885263
T1_E2_Elda,NO2,T1_E1_Alicante,O3,59,-0.04090258369351253
T1_E2_Elda,NO2,T1_E1_Alicante,O3,60,-0.0435259848533466
T1_E2_Elda,NO2,T1_E1_Alicante,O3,61,-0.034430459975616355
T1_E2_Elda,NO2,T1_E1_Alicante,O3,62,-0.020339369307197395
T1_E2_Elda,NO2,T1_E1_Alicante,O3,63,-0.005909221713127896
T1_E2_Elda,NO2,T1_E1_Alicante,O3,64,0.0012585867599866195
T1_E2_Elda,NO2,T1_E1_Alicante,O3,65,-0.0009531623485867679
T1_E2_Elda,NO2,T1_E1_Alicante,O3,66,-0.014839064937046441
T1_E2_Elda,NO2,T1_E1_Alicante,O3,67,-0.04293997321873494
T1_E2_Elda,NO2,T1_E1_Alicante,O3,68,-0.08639020059593532
T1_E2_Elda,NO2,T1_E1_Alicante,O3,69,-0.142335591856797
T1_E2_Elda,NO2,T1_E1_Alicante,O3,70,-0.19898426139718023
T1_E2_Elda,NO2,T1_E1_Alicante,O3,71,-0.23372990616623412
T1_E2_Elda,NO2,T1_E1_Alicante,O3,72,-0.22725417587418553
T1_E2_Elda,NO2,T2_E1_Elche,NO,-72,0.15687072433461868
T1_E2_Elda,NO2,T2_E1_Elche,NO,-71,0.11782144413037984
T1_E2_Elda,NO2,T2_E1_Elche,NO,-70,0.06557643403491194
T1_E2_Elda,NO2,T2_E1_Elche,NO,-69,0.01722255691008737
T1_E2_Elda,NO2,T2_E1_Elche,NO,-68,-0.018491458726022387
T1_E2_Elda,NO2,T2_E1_Elche,NO,-67,-0.03322869094581047
T1_E2_Elda,NO2,T2_E1_Elche,NO,-66,-0.02849883917931333
T1_E2_Elda,NO2,T2_E1_Elche,NO,-65,-0.008630171854633896
T1_E2_Elda,NO2,T2_E1_Elche,NO,-64,0.0275894528233862
T1_E2_Elda,NO2,T2_E1_Elche,NO,-63,0.07534663162394115
T1_E2_Elda,NO2,T2_E1_Elche,NO,-62,0.11845229444242486
T1_E2_Elda,NO2,T2_E1_Elche,NO,-61,0.13765089204522576
T1_E2_Elda,NO2,T2_E1_Elche,NO,-60,0.12230649750798077
T1_E2_Elda,NO2,T2_E1_Elche,NO,-59,0.08309386213443319
T1_E2_Elda,NO2,T2_E1_Elche,NO,-58,0.037373479237581365
T1_E2_Elda,NO2,T2_E1_Elche,NO,-57,-0.003442227999335775
T1_E2_Elda,NO2,T2_E1_Elche,NO,-56,-0.028228480321862485
T1_E2_Elda,NO2,T2_E1_Elche,NO,-55,-0.03770524583849014
T1_E2_Elda,NO2,T2_E1_Elche,NO,-54,-0.027757167686224035
T1_E2_Elda,NO2,T2_E1_Elche,NO,-53,0.0009227975760527971
T1_E2_Elda,NO2,T2_E1_Elche,NO,-52,0.04760291510123562
T1_E2_Elda,NO2,T2_E1_Elche,NO,-51,0.10413098160254756
T1_E2_Elda,NO2,T2_E1_Elche,NO,-50,0.15652299055961091
T1_E2_Elda,NO2,T2_E1_Elche,NO,-49,0.185295335384658
T1_E2_Elda,NO2,T2_E1_Elche,NO,-48,0.1755379432639368
T1_E2_Elda,NO2,T2_E1_Elche,NO,-47,0.13939654537632826
T1_E2_Elda,NO2,T2_E1_Elche,NO,-46,0.08168630504978859
T1_E2_Elda,NO2,T2_E1_Elche,NO,-45,0.025633293226809042
T1_E2_Elda,NO2,T2_E1_Elche,NO,-44,-0.010887419177652331
T1_E2_Elda,NO2,T2_E1_Elche,NO,-43,-0.031659978408397814
T1_E2_Elda,NO2,T2_E1_Elche,NO,-42,-0.033272163125617434
T1_E2_Elda,NO2,T2_E1_Elche,NO,-41,-0.015369395048142024
T1_E2_Elda,NO2,T2_E1_Elche,NO,-40,0.02238836840712741
T1_E2_Elda,NO2,T2_E1_Elche,NO,-39,0.0739455561446633
T1_E2_Elda,NO2,T2_E1_Elche,NO,-38,0.11929883127655805
T1_E2_Elda,NO2,T2_E1_Elche,NO,-37,0.1436928240545174
T1_E2_Elda,NO2,T2_E1_Elche,NO,-36,0.13844047860554218
T1_E2_Elda,NO2,T2_E1_Elche,NO,-35,0.09991807581814655
T1_E2_Elda,NO2,T2_E1_Elche,NO,-34,0.04796750602773531
T1_E2_Elda,NO2,T2_E1_Elche,NO,-33,0.004591685945552498
T1_E2_Elda,NO2,T2_E1_Elche,NO,-32,-0.02023426732525277
T1_E2_Elda,NO2,T2_E1_Elche,NO,-31,-0.030006946559511114
T1_E2_Elda,NO2,T2_E1_Elche,NO,-30,-0.024542570174100165
T1_E2_Elda,NO2,T2_E1_Elche,NO,-29,-0.002855290722148202
T1_E2_Elda,NO2,T2_E1_Elche,NO,-28,0.03710601637297709
T1_E2_Elda,NO2,T2_E1_Elche,NO,-27,0.09358894109852463
T1_E2_Elda,NO2,T2_E1_Elche,NO,-26,0.15592436018976497
T1_E2_Elda,NO2,T2_E1_Elche,NO,-25,0.20318387757357095
T1_E2_Elda,NO2,T2_E1_Elche,NO,-24,0.20806778790456126
T1_E2_Elda,NO2,T2_E1_Elche,NO,-23,0.17036992676921417
T1_E2_Elda,NO2,T2_E1_Elche,NO,-22,0.10551547583145343
T1_E2_Elda,NO2,T2_E1_Elche,NO,-21,0.045794022175750855
T1_E2_Elda,NO2,T2_E1_Elche,NO,-20,0.0066391065437101885
T1_E2_Elda,NO2,T2_E1_Elche,NO,-19,-0.014148070983598921
T1_E2_Elda,NO2,T2_E1_Elche,NO,-18,-0.0139077724982175
T1_E2_Elda,NO2,T2_E1_Elche,NO,-17,0.010047688153390988
T1_E2_Elda,NO2,T2_E1_Elche,NO,-16,0.0573973136567997
T1_E2_Elda,NO2,T2_E1_Elche,NO,-15,0.11812698854715359
T1_E2_Elda,NO2,T2_E1_Elche,NO,-14,0.18267279901493128
T1_E2_Elda,NO2,T2_E1_Elche,NO,-13,0.22086516933049227
T1_E2_Elda,NO2,T2_E1_Elche,NO,-12,0.21125763341751788
T1_E2_Elda,NO2,T2_E1_Elche,NO,-11,0.15870138840492698
T1_E2_Elda,NO2,T2_E1_Elche,NO,-10,0.0918378649900536
T1_E2_Elda,NO2,T2_E1_Elche,NO,-9,0.04585571547507452
T1_E2_Elda,NO2,T2_E1_Elche,NO,-8,0.019915023522334548
T1_E2_Elda,NO2,T2_E1_Elche,NO,-7,0.006384140791881632
T1_E2_Elda,NO2,T2_E1_Elche,NO,-6,0.009553023691373256
T1_E2_Elda,NO2,T2_E1_Elche,NO,-5,0.03914968103468883
T1_E2_Elda,NO2,T2_E1_Elche,NO,-4,0.1047598437396919
T1_E2_Elda,NO2,T2_E1_Elche,NO,-3,0.20345741682997914
T1_E2_Elda,NO2,T2_E1_Elche,NO,-2,0.3082914795561228
T1_E2_Elda,NO2,T2_E1_Elche,NO,-1,0.38866877099296915
T1_E2_Elda,NO2,T2_E1_Elche,NO,0,0.39513370783894336
T1_E2_Elda,NO2,T2_E1_Elche,NO,1,0.3236414430282963
T1_E2_Elda,NO2,T2_E1_Elche,NO,2,0.2186110948626221
T1_E2_Elda,NO2,T2_E1_Elche,NO,3,0.11972564881970842
T1_E2_Elda,NO2,T2_E1_Elche,NO,4,0.05350622051507092
T1_E2_Elda,NO2,T2_E1_Elche,NO,5,0.019415687899851923
T1_E2_Elda,NO2,T2_E1_Elche,NO,6,0.011822582636656424
T1_E2_Elda,NO2,T2_E1_Elche,NO,7,0.03333177235940433
T1_E2_Elda,NO2,T2_E1_Elche,NO,8,0.07801224315097177
T1_E2_Elda,NO2,T2_E1_Elche,NO,9,0.1372926327058407
T1_E2_Elda,NO2,T2_E1_Elche,NO,10,0.20674588627521512
T1_E2_Elda,NO2,T2_E1_Elche,NO,11,0.2488220536285778
T1_E2_Elda,NO2,T2_E1_Elche,NO,12,0.23914124798740796
T1_E2_Elda,NO2,T2_E1_Elche,NO,13,0.18138665459624653
T1_E2_Elda,NO2,T2_E1_Elche,NO,14,0.10690389344222294
T1_E2_Elda,NO2,T2_E1_Elche,NO,15,0.047504914293978726
T1_E2_Elda,NO2,T2_E1_Elche,NO,16,0.005909038722446953
T1_E2_Elda,NO2,T2_E1_Elche,NO,17,-0.015075655045942292
T1_E2_Elda,NO2,T2_E1_Elche,NO,18,-0.018477904405431393
T1_E2_Elda,NO2,T2_E1_Elche,NO,19,0.0006624122736055484
T1_E2_Elda,NO2,T2_E1_Elche,NO,20,0.046460785553995444
T1_E2_Elda,NO2,T2_E1_Elche,NO,21,0.10598429725604673
T1_E2_Elda,NO2,T2_E1_Elche,NO,22,0.1741157905111021
T1_E2_Elda,NO2,T2_E1_Elche,NO,23,0.22200579691612862
T1_E2_Elda,NO2,T2_E1_Elche,NO,24,0.22888324939309576
T1_E2_Elda,NO2,T2_E1_Elche,NO,25,0.18827176507976612
T1_E2_Elda,NO2,T2_E1_Elche,NO,26,0.11556105436809708
T1_E2_Elda,NO2,T2_E1_Elche,NO,27,0.04612152194149862
T1_E2_Elda,NO2,T2_E1_Elche,NO,28,-0.004408484944360628
T1_E2_Elda,NO2,T2_E1_Elche,NO,29,-0.029298691511254492
T1_E2_Elda,NO2,T2_E1_Elche,NO,30,-0.03147487900914864
T1_E2_Elda,NO2,T2_E1_Elche,NO,31,-0.0033646093173625427
T1_E2_Elda,NO2,T2_E1_Elche,NO,32,0.04149033196006051
T1_E2_Elda,NO2,T2_E1_Elche,NO,33,0.09334939403008606
T1_E2_Elda,NO2,T2_E1_Elche,NO,34,0.14835150215495801
T1_E2_Elda,NO2,T2_E1_Elche,NO,35,0.17469022939088735
T1_E2_Elda,NO2,T2_E1_Elche,NO,36,0.15807131465993726
T1_E2_Elda,NO2,T2_E1_Elche,NO,37,0.1055460313208688
T1_E2_Elda,NO2,T2_E1_Elche,NO,38,0.044827418194487934
T1_E2_Elda,NO2,T2_E1_Elche,NO,39,-0.0061446771023279355
T1_E2_Elda,NO2,T2_E1_Elche,NO,40,-0.03712355263233954
T1_E2_Elda,NO2,T2_E1_Elche,NO,41,-0.05099175558193765
T1_E2_Elda,NO2,T2_E1_Elche,NO,42,-0.04838823339538759
T1_E2_Elda,NO2,T2_E1_Elche,NO,43,-0.026799816542752774
T1_E2_Elda,NO2,T2_E1_Elche,NO,44,0.015371226875855994
T1_E2_Elda,NO2,T2_E1_Elche,NO,45,0.07371480460235218
T1_E2_Elda,NO2,T2_E1_Elche,NO,46,0.13249020814079562
T1_E2_Elda,NO2,T2_E1_Elche,NO,47,0.17348286921409872
T1_E2_Elda,NO2,T2_E1_Elche,NO,48,0.17917870047725268
T1_E2_Elda,NO2,T2_E1_Elche,NO,49,0.14563281937440561
T1_E2_Elda,NO2,T2_E1_Elche,NO,50,0.08510247976181899
T1_E2_Elda,NO2,T2_E1_Elche,NO,51,0.02953148976303421
T1_E2_Elda,NO2,T2_E1_Elche,NO,52,-0.009976310583729555
T1_E2_Elda,NO2,T2_E1_Elche,NO,53,-0.030924969351735394
T1_E2_Elda,NO2,T2_E1_Elche,NO,54,-0.03411341233994105
T1_E2_Elda,NO2,T2_E1_Elche,NO,55,-0.014985850253704757
T1_E2_Elda,NO2,T2_E1_Elche,NO,56,0.019109037249009173
T1_E2_Elda,NO2,T2_E1_Elche,NO,57,0.06861391403994026
T1_E2_Elda,NO2,T2_E1_Elche,NO,58,0.12287593078183917
T1_E2_Elda,NO2,T2_E1_Elche,NO,59,0.1548500456997118
T1_E2_Elda,NO2,T2_E1_Elche,NO,60,0.13981304954472037
T1_E2_Elda,NO2,T2_E1_Elche,NO,61,0.09614148239798677
T1_E2_Elda,NO2,T2_E1_Elche,NO,62,0.04438933523718019
T1_E2_Elda,NO2,T2_E1_Elche,NO,63,0.003535008938798481
T1_E2_Elda,NO2,T2_E1_Elche,NO,64,-0.019677892495890744
T1_E2_Elda,NO2,T2_E1_Elche,NO,65,-0.03048002775970791
T1_E2_Elda,NO2,T2_E1_Elche,NO,66,-0.029587336462098178
T1_E2_Elda,NO2,T2_E1_Elche,NO,67,-0.011287992670527875
T1_E2_Elda,NO2,T2_E1_Elche,NO,68,0.023174500283542652
T1_E2_Elda,NO2,T2_E1_Elche,NO,69,0.0687043172350823
T1_E2_Elda,NO2,T2_E1_Elche,NO,70,0.12054311206673261
T1_E2_Elda,NO2,T2_E1_Elche,NO,71,0.1516393231916808
T1_E2_Elda,NO2,T2_E1_Elche,NO,72,0.1490305285186619
T1_E2_Elda,NO2,T2_E1_Elche,NO2,-72,0.24471582072910003
T1_E2_Elda,NO2,T2_E1_Elche,NO2,-71,0.18300383858206717
T1_E2_Elda,NO2,T2_E1_Elche,NO2,-70,0.09765629777025034
T1_E2_Elda,NO2,T2_E1_Elche,NO2,-69,0.021303738548111423
T1_E2_Elda,NO2,T2_E1_Elche,NO2,-68,-0.03563461315538412
T1_E2_Elda,NO2,T2_E1_Elche,NO2,-67,-0.06629036894593547
T1_E2_Elda,NO2,T2_E1_Elche,NO2,-66,-0.07037848320688445
T1_E2_Elda,NO2,T2_E1_Elche,NO2,-65,-0.04820731915783424
T1_E2_Elda,NO2,T2_E1_Elche,NO2,-64,-0.002703956820439956
T1_E2_Elda,NO2,T2_E1_Elche,NO2,-63,0.056535898728826625
T1_E2_Elda,NO2,T2_E1_Elche,NO2,-62,0.11158386470774972
T1_E2_Elda,NO2,T2_E1_Elche,NO2,-61,0.14581447664262126
T1_E2_Elda,NO2,T2_E1_Elche,NO2,-60,0.14534468605722312
T1_E2_Elda,NO2,T2_E1_Elche,NO2,-59,0.11073045944338282
T1_E2_Elda,NO2,T2_E1_Elche,NO2,-58,0.05409341980552877
T1_E2_Elda,NO2,T2_E1_Elche,NO2,-57,-0.007013293715811086
T1_E2_Elda,NO2,T2_E1_Elche,NO2,-56,-0.054451868992725166
T1_E2_Elda,NO2,T2_E1_Elche,NO2,-55,-0.08019879847292972
T1_E2_Elda,NO2,T2_E1_Elche,NO2,-54,-0.0771051869698856
T1_E2_Elda,NO2,T2_E1_Elche,NO2,-53,-0.04156710413400918
T1_E2_Elda,NO2,T2_E1_Elche,NO2,-52,0.0252859871047892
T1_E2_Elda,NO2,T2_E1_Elche,NO2,-51,0.11323589022095405
T1_E2_Elda,NO2,T2_E1_Elche,NO2,-50,0.20589755328426876
T1_E2_Elda,NO2,T2_E1_Elche,NO2,-49,0.2679947667802065
T1_E2_Elda,NO2,T2_E1_Elche,NO2,-48,0.2663175476325454
T1_E2_Elda,NO2,T2_E1_Elche,NO2,-47,0.2032557140938748
T1_E2_Elda,NO2,T2_E1_Elche,NO2,-46,0.11174862587442072
T1_E2_Elda,NO2,T2_E1_Elche,NO2,-45,0.028423900995184395
T1_E2_Elda,NO2,T2_E1_Elche,NO2,-44,-0.031027513244909356
T1_E2_Elda,NO2,T2_E1_Elche,NO2,-43,-0.06498725915287218
T1_E2_Elda,NO2,T2_E1_Elche,NO2,-42,-0.07217600259358999
T1_E2_Elda,NO2,T2_E1_Elche,NO2,-41,-0.04958520150882837
T1_E2_Elda,NO2,T2_E1_Elche,NO2,-40,-0.0006340643739232433
T1_E2_Elda,NO2,T2_E1_Elche,NO2,-39,0.06213782284890633
T1_E2_Elda,NO2,T2_E1_Elche,NO2,-38,0.1212872287325728
T1_E2_Elda,NO2,T2_E1_Elche,NO2,-37,0.1566591720788591
T1_E2_Elda,NO2,T2_E1_Elche,NO2,-36,0.16091608856792983
T1_E2_Elda,NO2,T2_E1_Elche,NO2,-35,0.12992628585360838
T1_E2_Elda,NO2,T2_E1_Elche,NO2,-34,0.07214029635493761
T1_E2_Elda,NO2,T2_E1_Elche,NO2,-33,0.007710073690865755
T1_E2_Elda,NO2,T2_E1_Elche,NO2,-32,-0.04210379332358396
T1_E2_Elda,NO2,T2_E1_Elche,NO2,-31,-0.06650378830829562
T1_E2_Elda,NO2,T2_E1_Elche,NO2,-30,-0.06026592248092794
T1_E2_Elda,NO2,T2_E1_Elche,NO2,-29,-0.022535088477747187
T1_E2_Elda,NO2,T2_E1_Elche,NO2,-28,0.05016606440568495
T1_E2_Elda,NO2,T2_E1_Elche,NO2,-27,0.1494918052469912
T1_E2_Elda,NO2,T2_E1_Elche,NO2,-26,0.258254404192412
T1_E2_Elda,NO2,T2_E1_Elche,NO2,-25,0.3352124637936555
T1_E2_Elda,NO2,T2_E1_Elche,NO2,-24,0.33898479708839774
T1_E2_Elda,NO2,T2_E1_Elche,NO2,-23,0.2686111752264612
T1_E2_Elda,NO2,T2_E1_Elche,NO2,-22,0.16384180487362568
T1_E2_Elda,NO2,T2_E1_Elche,NO2,-21,0.06886258002955871
T1_E2_Elda,NO2,T2_E1_Elche,NO2,-20,0.0014733004466846267
T1_E2_Elda,NO2,T2_E1_Elche,NO2,-19,-0.03578161912302598
T1_E2_Elda,NO2,T2_E1_Elche,NO2,-18,-0.040607558331990624
T1_E2_Elda,NO2,T2_E1_Elche,NO2,-17,-0.012286199686488279
T1_E2_Elda,NO2,T2_E1_Elche,NO2,-16,0.04498649694911567
T1_E2_Elda,NO2,T2_E1_Elche,NO2,-15,0.11850891476225078
T1_E2_Elda,NO2,T2_E1_Elche,NO2,-14,0.19198631134815994
T1_E2_Elda,NO2,T2_E1_Elche,NO2,-13,0.24146654303528622
T1_E2_Elda,NO2,T2_E1_Elche,NO2,-12,0.2501505279319965
T1_E2_Elda,NO2,T2_E1_Elche,NO2,-11,0.2135845930391035
T1_E2_Elda,NO2,T2_E1_Elche,NO2,-10,0.14594230731670912
T1_E2_Elda,NO2,T2_E1_Elche,NO2,-9,0.07474659883089518
T1_E2_Elda,NO2,T2_E1_Elche,NO2,-8,0.020680152634633846
T1_E2_Elda,NO2,T2_E1_Elche,NO2,-7,-0.004823986687731958
T1_E2_Elda,NO2,T2_E1_Elche,NO2,-6,0.005073463407037435
T1_E2_Elda,NO2,T2_E1_Elche,NO2,-5,0.05759976891232728
T1_E2_Elda,NO2,T2_E1_Elche,NO2,-4,0.15829319484407917
T1_E2_Elda,NO2,T2_E1_Elche,NO2,-3,0.301007300148084
T1_E2_Elda,NO2,T2_E1_Elche,NO2,-2,0.4549683065245677
T1_E2_Elda,NO2,T2_E1_Elche,NO2,-1,0.5634366329684591
T1_E2_Elda,NO2,T2_E1_Elche,NO2,0,0.5673202449261687
T1_E2_Elda,NO2,T2_E1_Elche,NO2,1,0.46511682451134656
T1_E2_Elda,NO2,T2_E1_Elche,NO2,2,0.32064705206659294
T1_E2_Elda,NO2,T2_E1_Elche,NO2,3,0.18908974748919938
T1_E2_Elda,NO2,T2_E1_Elche,NO2,4,0.09351529181302289
T1_E2_Elda,NO2,T2_E1_Elche,NO2,5,0.03650485450108642
T1_E2_Elda,NO2,T2_E1_Elche,NO2,6,0.017422685261985583
T1_E2_Elda,NO2,T2_E1_Elche,NO2,7,0.03797162313157256
T1_E2_Elda,NO2,T2_E1_Elche,NO2,8,0.08941102868967413
T1_E2_Elda,NO2,T2_E1_Elche,NO2,9,0.1601923674146029
T1_E2_Elda,NO2,T2_E1_Elche,NO2,10,0.2361621487038071
T1_E2_Elda,NO2,T2_E1_Elche,NO2,11,0.28498718249856453
T1_E2_Elda,NO2,T2_E1_Elche,NO2,12,0.2863835959141153
T1_E2_Elda,NO2,T2_E1_Elche,NO2,13,0.2418947634613901
T1_E2_Elda,NO2,T2_E1_Elche,NO2,14,0.16559210519237055
T1_E2_Elda,NO2,T2_E1_Elche,NO2,15,0.08240590813359742
T1_E2_Elda,NO2,T2_E1_Elche,NO2,16,0.016908828990971497
T1_E2_Elda,NO2,T2_E1_Elche,NO2,17,-0.020445833372558155
T1_E2_Elda,NO2,T2_E1_Elche,NO2,18,-0.024863369202912922
T1_E2_Elda,NO2,T2_E1_Elche,NO2,19,0.01027187084355406
T1_E2_Elda,NO2,T2_E1_Elche,NO2,20,0.08383542671857543
T1_E2_Elda,NO2,T2_E1_Elche,NO2,21,0.18540819647408377
T1_E2_Elda,NO2,T2_E1_Elche,NO2,22,0.2946407772347655
T1_E2_Elda,NO2,T2_E1_Elche,NO2,23,0.3728226727587389
T1_E2_Elda,NO2,T2_E1_Elche,NO2,24,0.374929507874561
T1_E2_Elda,NO2,T2_E1_Elche,NO2,25,0.29565956526192194
T1_E2_Elda,NO2,T2_E1_Elche,NO2,26,0.18207790963755321
T1_E2_Elda,NO2,T2_E1_Elche,NO2,27,0.07876106491472828
T1_E2_Elda,NO2,T2_E1_Elche,NO2,28,0.0024308945291825093
T1_E2_Elda,NO2,T2_E1_Elche,NO2,29,-0.04164116804368302
T1_E2_Elda,NO2,T2_E1_Elche,NO2,30,-0.05166459880105511
T1_E2_Elda,NO2,T2_E1_Elche,NO2,31,-0.02812728423115114
T1_E2_Elda,NO2,T2_E1_Elche,NO2,32,0.01960705240011085
T1_E2_Elda,NO2,T2_E1_Elche,NO2,33,0.07969463683771728
T1_E2_Elda,NO2,T2_E1_Elche,NO2,34,0.13823842339801468
T1_E2_Elda,NO2,T2_E1_Elche,NO2,35,0.17503051189762142
T1_E2_Elda,NO2,T2_E1_Elche,NO2,36,0.17679099186181832
T1_E2_Elda,NO2,T2_E1_Elche,NO2,37,0.14181878014339358
T1_E2_Elda,NO2,T2_E1_Elche,NO2,38,0.08216804596579892
T1_E2_Elda,NO2,T2_E1_Elche,NO2,39,0.017258291815802025
T1_E2_Elda,NO2,T2_E1_Elche,NO2,40,-0.0363251782875686
T1_E2_Elda,NO2,T2_E1_Elche,NO2,41,-0.06482995412867723
T1_E2_Elda,NO2,T2_E1_Elche,NO2,42,-0.06581951834848042
T1_E2_Elda,NO2,T2_E1_Elche,NO2,43,-0.036460734543021525
T1_E2_Elda,NO2,T2_E1_Elche,NO2,44,0.02340014024656615
T1_E2_Elda,NO2,T2_E1_Elche,NO2,45,0.10976527144157308
T1_E2_Elda,NO2,T2_E1_Elche,NO2,46,0.20153374791864687
T1_E2_Elda,NO2,T2_E1_Elche,NO2,47,0.26802376606707057
T1_E2_Elda,NO2,T2_E1_Elche,NO2,48,0.27362290879783696
T1_E2_Elda,NO2,T2_E1_Elche,NO2,49,0.2128935156422919
T1_E2_Elda,NO2,T2_E1_Elche,NO2,50,0.11887273116505309
T1_E2_Elda,NO2,T2_E1_Elche,NO2,51,0.0322250990447729
T1_E2_Elda,NO2,T2_E1_Elche,NO2,52,-0.030677945179460073
T1_E2_Elda,NO2,T2_E1_Elche,NO2,53,-0.0655481130574495
T1_E2_Elda,NO2,T2_E1_Elche,NO2,54,-0.07380754198660931
T1_E2_Elda,NO2,T2_E1_Elche,NO2,55,-0.0507974382920589
T1_E2_Elda,NO2,T2_E1_Elche,NO2,56,-0.004489168586174384
T1_E2_Elda,NO2,T2_E1_Elche,NO2,57,0.05481866261370913
T1_E2_Elda,NO2,T2_E1_Elche,NO2,58,0.11318921249219381
T1_E2_Elda,NO2,T2_E1_Elche,NO2,59,0.15344518329117424
T1_E2_Elda,NO2,T2_E1_Elche,NO2,60,0.15655470450568973
T1_E2_Elda,NO2,T2_E1_Elche,NO2,61,0.12352018471938227
T1_E2_Elda,NO2,T2_E1_Elche,NO2,62,0.06716201116737844
T1_E2_Elda,NO2,T2_E1_Elche,NO2,63,0.008899468719753788
T1_E2_Elda,NO2,T2_E1_Elche,NO2,64,-0.03759933350012635
T1_E2_Elda,NO2,T2_E1_Elche,NO2,65,-0.0636306180500308
T1_E2_Elda,NO2,T2_E1_Elche,NO2,66,-0.06461900192141336
T1_E2_Elda,NO2,T2_E1_Elche,NO2,67,-0.03741201093065223
T1_E2_Elda,NO2,T2_E1_Elche,NO2,68,0.018903979402210357
T1_E2_Elda,NO2,T2_E1_Elche,NO2,69,0.10015915835194544
T1_E2_Elda,NO2,T2_E1_Elche,NO2,70,0.1897106096569269
T1_E2_Elda,NO2,T2_E1_Elche,NO2,71,0.2516416819399435
T1_E2_Elda,NO2,T2_E1_Elche,NO2,72,0.24893889636284483
T1_E2_Elda,NO2,T2_E1_Elche,O3,-72,-0.23338100834329836
T1_E2_Elda,NO2,T2_E1_Elche,O3,-71,-0.18608341463980144
T1_E2_Elda,NO2,T2_E1_Elche,O3,-70,-0.11729468434130857
T1_E2_Elda,NO2,T2_E1_Elche,O3,-69,-0.050365242356153576
T1_E2_Elda,NO2,T2_E1_Elche,O3,-68,0.0021592935723313837
T1_E2_Elda,NO2,T2_E1_Elche,O3,-67,0.03412285000398685
T1_E2_Elda,NO2,T2_E1_Elche,O3,-66,0.046238588269683537
T1_E2_Elda,NO2,T2_E1_Elche,O3,-65,0.042347085277211836
T1_E2_Elda,NO2,T2_E1_Elche,O3,-64,0.025133259444956178
T1_E2_Elda,NO2,T2_E1_Elche,O3,-63,-0.0013189520249057229
T1_E2_Elda,NO2,T2_E1_Elche,O3,-62,-0.027106319472332996
T1_E2_Elda,NO2,T2_E1_Elche,O3,-61,-0.04645862138355197
T1_E2_Elda,NO2,T2_E1_Elche,O3,-60,-0.05299807630251846
T1_E2_Elda,NO2,T2_E1_Elche,O3,-59,-0.04831498741924038
T1_E2_Elda,NO2,T2_E1_Elche,O3,-58,-0.03575684260922558
T1_E2_Elda,NO2,T2_E1_Elche,O3,-57,-0.020223946961819197
T1_E2_Elda,NO2,T2_E1_Elche,O3,-56,-0.009216873513570834
T1_E2_Elda,NO2,T2_E1_Elche,O3,-55,-0.00688435520720445
T1_E2_Elda,NO2,T2_E1_Elche,O3,-54,-0.019969099769297664
T1_E2_Elda,NO2,T2_E1_Elche,O3,-53,-0.05034526811083342
T1_E2_Elda,NO2,T2_E1_Elche,O3,-52,-0.09730435663962701
T1_E2_Elda,NO2,T2_E1_Elche,O3,-51,-0.15506566716583522
T1_E2_Elda,NO2,T2_E1_Elche,O3,-50,-0.21285349599490255
T1_E2_Elda,NO2,T2_E1_Elche,O3,-49,-0.2500808277701053
T1_E2_Elda,NO2,T2_E1_Elche,O3,-48,-0.2450199410202055
T1_E2_Elda,NO2,T2_E1_Elche,O3,-47,-0.1966243450431464
T1_E2_Elda,NO2,T2_E1_Elche,O3,-46,-0.12409623532587181
T1_E2_Elda,NO2,T2_E1_Elche,O3,-45,-0.05271894539470706
T1_E2_Elda,NO2,T2_E1_Elche,O3,-44,0.002242517966467113
T1_E2_Elda,NO2,T2_E1_Elche,O3,-43,0.036419460916691355
T1_E2_Elda,NO2,T2_E1_Elche,O3,-42,0.04980166057928404
T1_E2_Elda,NO2,T2_E1_Elche,O3,-41,0.0442948524191649
T1_E2_Elda,NO2,T2_E1_Elche,O3,-40,0.024977898840361487
T1_E2_Elda,NO2,T2_E1_Elche,O3,-39,-0.002373298798130954
T1_E2_Elda,NO2,T2_E1_Elche,O3,-38,-0.03140128943529865
T1_E2_Elda,NO2,T2_E1_Elche,O3,-37,-0.05232683912878395
T1_E2_Elda,NO2,T2_E1_Elche,O3,-36,-0.06118493137546984
T1_E2_Elda,NO2,T2_E1_Elche,O3,-35,-0.05864539178805193
T1_E2_Elda,NO2,T2_E1_Elche,O3,-34,-0.045198590296234235
T1_E2_Elda,NO2,T2_E1_Elche,O3,-33,-0.02756659018542621
T1_E2_Elda,NO2,T2_E1_Elche,O3,-32,-0.014932333270678135
T1_E2_Elda,NO2,T2_E1_Elche,O3,-31,-0.014037588464251368
T1_E2_Elda,NO2,T2_E1_Elche,O3,-30,-0.029201447656807863
T1_E2_Elda,NO2,T2_E1_Elche,O3,-29,-0.062139931288637845
T1_E2_Elda,NO2,T2_E1_Elche,O3,-28,-0.11316382589628059
T1_E2_Elda,NO2,T2_E1_Elche,O3,-27,-0.17792354127500987
T1_E2_Elda,NO2,T2_E1_Elche,O3,-26,-0.24298747172983703
T1_E2_Elda,NO2,T2_E1_Elche,O3,-25,-0.28538557131065606
T1_E2_Elda,NO2,T2_E1_Elche,O3,-24,-0.28219415016837973
T1_E2_Elda,NO2,T2_E1_Elche,O3,-23,-0.23053482614673004
T1_E2_Elda,NO2,T2_E1_Elche,O3,-22,-0.15250536455316865
T1_E2_Elda,NO2,T2_E1_Elche,O3,-21,-0.0761978823616993
T1_E2_Elda,NO2,T2_E1_Elche,O3,-20,-0.017035850770591734
T1_E2_Elda,NO2,T2_E1_Elche,O3,-19,0.018009119765523232
T1_E2_Elda,NO2,T2_E1_Elche,O3,-18,0.02935918714665538
T1_E2_Elda,NO2,T2_E1_Elche,O3,-17,0.021186021299744427
T1_E2_Elda,NO2,T2_E1_Elche,O3,-16,-0.0011530792469110396
T1_E2_Elda,NO2,T2_E1_Elche,O3,-15,-0.03346939729765683
T1_E2_Elda,NO2,T2_E1_Elche,O3,-14,-0.0674800289975394
T1_E2_Elda,NO2,T2_E1_Elche,O3,-13,-0.0937200909280873
T1_E2_Elda,NO2,T2_E1_Elche,O3,-12,-0.10630137685075841
T1_E2_Elda,NO2,T2_E1_Elche,O3,-11,-0.1022407562992424
T1_E2_Elda,NO2,T2_E1_Elche,O3,-10,-0.0861752516390469
T1_E2_Elda,NO2,T2_E1_Elche,O3,-9,-0.0666839418196084
T1_E2_Elda,NO2,T2_E1_Elche,O3,-8,-0.05416465308902464
T1_E2_Elda,NO2,T2_E1_Elche,O3,-7,-0.05572983401139
T1_E2_Elda,NO2,T2_E1_Elche,O3,-6,-0.07488787706515186
T1_E2_Elda,NO2,T2_E1_Elche,O3,-5,-0.11557774749181073
T1_E2_Elda,NO2,T2_E1_Elche,O3,-4,-0.1802447986152374
T1_E2_Elda,NO2,T2_E1_Elche,O3,-3,-0.26397630324390053
T1_E2_Elda,NO2,T2_E1_Elche,O3,-2,-0.349019937550535
T1_E2_Elda,NO2,T2_E1_Elche,O3,-1,-0.4057731893963177
T1_E2_Elda,NO2,T2_E1_Elche,O3,0,-0.40360477265098743
T1_E2_Elda,NO2,T2_E1_Elche,O3,1,-0.33972578018887617
T1_E2_Elda,NO2,T2_E1_Elche,O3,2,-0.2434636433902679
T1_E2_Elda,NO2,T2_E1_Elche,O3,3,-0.14902369992267353
T1_E2_Elda,NO2,T2_E1_Elche,O3,4,-0.0742128175837386
T1_E2_Elda,NO2,T2_E1_Elche,O3,5,-0.027402149609030656
T1_E2_Elda,NO2,T2_E1_Elche,O3,6,-0.006586717252327128
T1_E2_Elda,NO2,T2_E1_Elche,O3,7,-0.008284702057215492
T1_E2_Elda,NO2,T2_E1_Elche,O3,8,-0.025990947001762868
T1_E2_Elda,NO2,T2_E1_Elche,O3,9,-0.053454459756490436
T1_E2_Elda,NO2,T2_E1_Elche,O3,10,-0.08390764701719773
T1_E2_Elda,NO2,T2_E1_Elche,O3,11,-0.10585994481736583
T1_E2_Elda,NO2,T2_E1_Elche,O3,12,-0.11098734249345996
T1_E2_Elda,NO2,T2_E1_Elche,O3,13,-0.10139683187460548
T1_E2_Elda,NO2,T2_E1_Elche,O3,14,-0.07951569747138952
T1_E2_Elda,NO2,T2_E1_Elche,O3,15,-0.053655425488854
T1_E2_Elda,NO2,T2_E1_Elche,O3,16,-0.03554247819667108
T1_E2_Elda,NO2,T2_E1_Elche,O3,17,-0.03025224015917859
T1_E2_Elda,NO2,T2_E1_Elche,O3,18,-0.041364367251015645
T1_E2_Elda,NO2,T2_E1_Elche,O3,19,-0.07110414970025078
T1_E2_Elda,NO2,T2_E1_Elche,O3,20,-0.12151179844617031
T1_E2_Elda,NO2,T2_E1_Elche,O3,21,-0.18491532996449092
T1_E2_Elda,NO2,T2_E1_Elche,O3,22,-0.24759185402609626
T1_E2_Elda,NO2,T2_E1_Elche,O3,23,-0.28705421697952865
T1_E2_Elda,NO2,T2_E1_Elche,O3,24,-0.2804272661339986
T1_E2_Elda,NO2,T2_E1_Elche,O3,25,-0.2234254720383837
T1_E2_Elda,NO2,T2_E1_Elche,O3,26,-0.14077821900499515
T1_E2_Elda,NO2,T2_E1_Elche,O3,27,-0.06157798699231294
T1_E2_Elda,NO2,T2_E1_Elche,O3,28,0.00011481635949071693
T1_E2_Elda,NO2,T2_E1_Elche,O3,29,0.03742302255556649
T1_E2_Elda,NO2,T2_E1_Elche,O3,30,0.05173328221600088
T1_E2_Elda,NO2,T2_E1_Elche,O3,31,0.04635029200887214
T1_E2_Elda,NO2,T2_E1_Elche,O3,32,0.027970490013273654
T1_E2_Elda,NO2,T2_E1_Elche,O3,33,0.00260261593626774
T1_E2_Elda,NO2,T2_E1_Elche,O3,34,-0.0234799489592517
T1_E2_Elda,NO2,T2_E1_Elche,O3,35,-0.04188853628537179
T1_E2_Elda,NO2,T2_E1_Elche,O3,36,-0.049863953218989
T1_E2_Elda,NO2,T2_E1_Elche,O3,37,-0.044892672452478063
T1_E2_Elda,NO2,T2_E1_Elche,O3,38,-0.030324159982282294
T1_E2_Elda,NO2,T2_E1_Elche,O3,39,-0.012675427443676774
T1_E2_Elda,NO2,T2_E1_Elche,O3,40,0.00013317411623519176
T1_E2_Elda,NO2,T2_E1_Elche,O3,41,-0.00023585690212945417
T1_E2_Elda,NO2,T2_E1_Elche,O3,42,-0.014594121891616236
T1_E2_Elda,NO2,T2_E1_Elche,O3,43,-0.04483970512028036
T1_E2_Elda,NO2,T2_E1_Elche,O3,44,-0.0904142600322331
T1_E2_Elda,NO2,T2_E1_Elche,O3,45,-0.1461040638721689
T1_E2_Elda,NO2,T2_E1_Elche,O3,46,-0.20162124858954442
T1_E2_Elda,NO2,T2_E1_Elche,O3,47,-0.2381687136331494
T1_E2_Elda,NO2,T2_E1_Elche,O3,48,-0.2355043742123877
T1_E2_Elda,NO2,T2_E1_Elche,O3,49,-0.18921613127669676
T1_E2_Elda,NO2,T2_E1_Elche,O3,50,-0.11757644759225719
T1_E2_Elda,NO2,T2_E1_Elche,O3,51,-0.04646548233067636
T1_E2_Elda,NO2,T2_E1_Elche,O3,52,0.00758309112515954
T1_E2_Elda,NO2,T2_E1_Elche,O3,53,0.039133223885862836
T1_E2_Elda,NO2,T2_E1_Elche,O3,54,0.05099204056566497
T1_E2_Elda,NO2,T2_E1_Elche,O3,55,0.04524667763858914
T1_E2_Elda,NO2,T2_E1_Elche,O3,56,0.02643361381758476
T1_E2_Elda,NO2,T2_E1_Elche,O3,57,0.0005554144620750487
T1_E2_Elda,NO2,T2_E1_Elche,O3,58,-0.026609566883
T1_E2_Elda,NO2,T2_E1_Elche,O3,59,-0.04754905608744347
T1_E2_Elda,NO2,T2_E1_Elche,O3,60,-0.05604866377234731
T1_E2_Elda,NO2,T2_E1_Elche,O3,61,-0.05142649338787509
T1_E2_Elda,NO2,T2_E1_Elche,O3,62,-0.03767715302632739
T1_E2_Elda,NO2,T2_E1_Elche,O3,63,-0.02205689313918347
T1_E2_Elda,NO2,T2_E1_Elche,O3,64,-0.012002129797066233
T1_E2_Elda,NO2,T2_E1_Elche,O3,65,-0.013270001978407112
T1_E2_Elda,NO2,T2_E1_Elche,O3,66,-0.028449784155066833
T1_E2_Elda,NO2,T2_E1_Elche,O3,67,-0.05806244534858151
T1_E2_Elda,NO2,T2_E1_Elche,O3,68,-0.1015128814705274
T1_E2_Elda,NO2,T2_E1_Elche,O3,69,-0.15613289042177897
T1_E2_Elda,NO2,T2_E1_Elche,O3,70,-0.21026245053318962
T1_E2_Elda,NO2,T2_E1_Elche,O3,71,-0.24368509212763134
T1_E2_Elda,NO2,T2_E1_Elche,O3,72,-0.23634477795008982
T1_E2_Elda,O3,T1_E1_Alicante,NO,-72,-0.12787228172742726
T1_E2_Elda,O3,T1_E1_Alicante,NO,-71,-0.13340984048771765
T1_E2_Elda,O3,T1_E1_Alicante,NO,-70,-0.12192389431479579
T1_E2_Elda,O3,T1_E1_Alicante,NO,-69,-0.10558907081816613
T1_E2_Elda,O3,T1_E1_Alicante,NO,-68,-0.09294131260575023
T1_E2_Elda,O3,T1_E1_Alicante,NO,-67,-0.08787016455044695
T1_E2_Elda,O3,T1_E1_Alicante,NO,-66,-0.08881398277939907
T1_E2_Elda,O3,T1_E1_Alicante,NO,-65,-0.09405800149044875
T1_E2_Elda,O3,T1_E1_Alicante,NO,-64,-0.10381642458319756
T1_E2_Elda,O3,T1_E1_Alicante,NO,-63,-0.11600008212530416
T1_E2_Elda,O3,T1_E1_Alicante,NO,-62,-0.12585577570456596
T1_E2_Elda,O3,T1_E1_Alicante,NO,-61,-0.12669342012014131
T1_E2_Elda,O3,T1_E1_Alicante,NO,-60,-0.11136102498819231
T1_E2_Elda,O3,T1_E1_Alicante,NO,-59,-0.079998405288303
T1_E2_Elda,O3,T1_E1_Alicante,NO,-58,-0.041172681669243566
T1_E2_Elda,O3,T1_E1_Alicante,NO,-57,-0.004552787373864747
T1_E2_Elda,O3,T1_E1_Alicante,NO,-56,0.021685162049194323
T1_E2_Elda,O3,T1_E1_Alicante,NO,-55,0.035650177370687285
T1_E2_Elda,O3,T1_E1_Alicante,NO,-54,0.0377543628138404
T1_E2_Elda,O3,T1_E1_Alicante,NO,-53,0.028151993016189612
T1_E2_Elda,O3,T1_E1_Alicante,NO,-52,0.007144314605872463
T1_E2_Elda,O3,T1_E1_Alicante,NO,-51,-0.024953228145177777
T1_E2_Elda,O3,T1_E1_Alicante,NO,-50,-0.06794608600457981
T1_E2_Elda,O3,T1_E1_Alicante,NO,-49,-0.11415811683447659
T1_E2_Elda,O3,T1_E1_Alicante,NO,-48,-0.14548664392332936
T1_E2_Elda,O3,T1_E1_Alicante,NO,-47,-0.1495538302292738
T1_E2_Elda,O3,T1_E1_Alicante,NO,-46,-0.13258788173251573
T1_E2_Elda,O3,T1_E1_Alicante,NO,-45,-0.11072060781580745
T1_E2_Elda,O3,T1_E1_Alicante,NO,-44,-0.09360859191745216
T1_E2_Elda,O3,T1_E1_Alicante,NO,-43,-0.08531583738778262
T1_E2_Elda,O3,T1_E1_Alicante,NO,-42,-0.08435122125860843
T1_E2_Elda,O3,T1_E1_Alicante,NO,-41,-0.08898098611240536
T1_E2_Elda,O3,T1_E1_Alicante,NO,-40,-0.09876911746771581
T1_E2_Elda,O3,T1_E1_Alicante,NO,-39,-0.11093736771776848
T1_E2_Elda,O3,T1_E1_Alicante,NO,-38,-0.11943304348336706
T1_E2_Elda,O3,T1_E1_Alicante,NO,-37,-0.11771620279569511
T1_E2_Elda,O3,T1_E1_Alicante,NO,-36,-0.10049022854181588
T1_E2_Elda,O3,T1_E1_Alicante,NO,-35,-0.06939039086551647
T1_E2_Elda,O3,T1_E1_Alicante,NO,-34,-0.03182575284729009
T1_E2_Elda,O3,T1_E1_Alicante,NO,-33,0.0027262419629837976
T1_E2_Elda,O3,T1_E1_Alicante,NO,-32,0.028140264127233482
T1_E2_Elda,O3,T1_E1_Alicante,NO,-31,0.04161127241445043
T1_E2_Elda,O3,T1_E1_Alicante,NO,-30,0.042543125598568085
T1_E2_Elda,O3,T1_E1_Alicante,NO,-29,0.0315482874344082
T1_E2_Elda,O3,T1_E1_Alicante,NO,-28,0.009757013627109989
T1_E2_Elda,O3,T1_E1_Alicante,NO,-27,-0.023811518217176173
T1_E2_Elda,O3,T1_E1_Alicante,NO,-26,-0.0689897664099211
T1_E2_Elda,O3,T1_E1_Alicante,NO,-25,-0.11563886979264534
T1_E2_Elda,O3,T1_E1_Alicante,NO,-24,-0.1489688450961144
T1_E2_Elda,O3,T1_E1_Alicante,NO,-23,-0.15539393013663355
T1_E2_Elda,O3,T1_E1_Alicante,NO,-22,-0.13944682780168585
T1_E2_Elda,O3,T1_E1_Alicante,NO,-21,-0.11884301880146841
T1_E2_Elda,O3,T1_E1_Alicante,NO,-20,-0.10389153146166535
T1_E2_Elda,O3,T1_E1_Alicante,NO,-19,-0.0974046124710399
T1_E2_Elda,O3,T1_E1_Alicante,NO,-18,-0.09831933094966752
T1_E2_Elda,O3,T1_E1_Alicante,NO,-17,-0.10545034697319457
T1_E2_Elda,O3,T1_E1_Alicante,NO,-16,-0.11861333552425585
T1_E2_Elda,O3,T1_E1_Alicante,NO,-15,-0.13351896029626412
T1_E2_Elda,O3,T1_E1_Alicante,NO,-14,-0.14394658285147852
T1_E2_Elda,O3,T1_E1_Alicante,NO,-13,-0.1443288408119513
T1_E2_Elda,O3,T1_E1_Alicante,NO,-12,-0.12871791728858992
T1_E2_Elda,O3,T1_E1_Alicante,NO,-11,-0.09859406405333382
T1_E2_Elda,O3,T1_E1_Alicante,NO,-10,-0.06040012721041515
T1_E2_Elda,O3,T1_E1_Alicante,NO,-9,-0.02266600539418631
T1_E2_Elda,O3,T1_E1_Alicante,NO,-8,0.005916639594895453
T1_E2_Elda,O3,T1_E1_Alicante,NO,-7,0.020493660842939725
T1_E2_Elda,O3,T1_E1_Alicante,NO,-6,0.020740525561588848
T1_E2_Elda,O3,T1_E1_Alicante,NO,-5,0.008163375117406448
T1_E2_Elda,O3,T1_E1_Alicante,NO,-4,-0.01783533500400372
T1_E2_Elda,O3,T1_E1_Alicante,NO,-3,-0.05858957872261001
T1_E2_Elda,O3,T1_E1_Alicante,NO,-2,-0.1134979863235589
T1_E2_Elda,O3,T1_E1_Alicante,NO,-1,-0.17333827223116952
T1_E2_Elda,O3,T1_E1_Alicante,NO,0,-0.21487508396166444
T1_E2_Elda,O3,T1_E1_Alicante,NO,1,-0.21875147059401612
T1_E2_Elda,O3,T1_E1_Alicante,NO,2,-0.19522405360917167
T1_E2_Elda,O3,T1_E1_Alicante,NO,3,-0.16708324910948086
T1_E2_Elda,O3,T1_E1_Alicante,NO,4,-0.1456891721698472
T1_E2_Elda,O3,T1_E1_Alicante,NO,5,-0.13409861100302212
T1_E2_Elda,O3,T1_E1_Alicante,NO,6,-0.1316068463976508
T1_E2_Elda,O3,T1_E1_Alicante,NO,7,-0.13609474140232988
T1_E2_Elda,O3,T1_E1_Alicante,NO,8,-0.1470201314826889
T1_E2_Elda,O3,T1_E1_Alicante,NO,9,-0.16201027522700806
T1_E2_Elda,O3,T1_E1_Alicante,NO,10,-0.17147828531888162
T1_E2_Elda,O3,T1_E1_Alicante,NO,11,-0.16961589477324374
T1_E2_Elda,O3,T1_E1_Alicante,NO,12,-0.15087017474894338
T1_E2_Elda,O3,T1_E1_Alicante,NO,13,-0.11617624862264157
T1_E2_Elda,O3,T1_E1_Alicante,NO,14,-0.07141770702050527
T1_E2_Elda,O3,T1_E1_Alicante,NO,15,-0.028985713907210917
T1_E2_Elda,O3,T1_E1_Alicante,NO,16,0.002321964692485657
T1_E2_Elda,O3,T1_E1_Alicante,NO,17,0.018495721455004225
T1_E2_Elda,O3,T1_E1_Alicante,NO,18,0.02062340226262326
T1_E2_Elda,O3,T1_E1_Alicante,NO,19,0.011106121968822987
T1_E2_Elda,O3,T1_E1_Alicante,NO,20,-0.011429346126779791
T1_E2_Elda,O3,T1_E1_Alicante,NO,21,-0.04690418985712353
T1_E2_Elda,O3,T1_E1_Alicante,NO,22,-0.09523360792978221
T1_E2_Elda,O3,T1_E1_Alicante,NO,23,-0.1471329734575717
T1_E2_Elda,O3,T1_E1_Alicante,NO,24,-0.1827110603427074
T1_E2_Elda,O3,T1_E1_Alicante,NO,25,-0.18714186620897086
T1_E2_Elda,O3,T1_E1_Alicante,NO,26,-0.16792022740037854
T1_E2_Elda,O3,T1_E1_Alicante,NO,27,-0.14343372073041183
T1_E2_Elda,O3,T1_E1_Alicante,NO,28,-0.12362839018934936
T1_E2_Elda,O3,T1_E1_Alicante,NO,29,-0.11237766975882821
T1_E2_Elda,O3,T1_E1_Alicante,NO,30,-0.10871286492241462
T1_E2_Elda,O3,T1_E1_Alicante,NO,31,-0.11248848430905473
T1_E2_Elda,O3,T1_E1_Alicante,NO,32,-0.12028527001022098
T1_E2_Elda,O3,T1_E1_Alicante,NO,33,-0.13049013234139095
T1_E2_Elda,O3,T1_E1_Alicante,NO,34,-0.13842297387464592
T1_E2_Elda,O3,T1_E1_Alicante,NO,35,-0.13594533639281767
T1_E2_Elda,O3,T1_E1_Alicante,NO,36,-0.1190638872704865
T1_E2_Elda,O3,T1_E1_Alicante,NO,37,-0.08900850349528452
T1_E2_Elda,O3,T1_E1_Alicante,NO,38,-0.05214775328271008
T1_E2_Elda,O3,T1_E1_Alicante,NO,39,-0.0170020700376932
T1_E2_Elda,O3,T1_E1_Alicante,NO,40,0.008369811670705081
T1_E2_Elda,O3,T1_E1_Alicante,NO,41,0.021398103028826356
T1_E2_Elda,O3,T1_E1_Alicante,NO,42,0.022531406578272448
T1_E2_Elda,O3,T1_E1_Alicante,NO,43,0.014100973909275847
T1_E2_Elda,O3,T1_E1_Alicante,NO,44,-0.004171046622792072
T1_E2_Elda,O3,T1_E1_Alicante,NO,45,-0.033633174838252775
T1_E2_Elda,O3,T1_E1_Alicante,NO,46,-0.07425723336379852
T1_E2_Elda,O3,T1_E1_Alicante,NO,47,-0.12066854485013417
T1_E2_Elda,O3,T1_E1_Alicante,NO,48,-0.1548146896699563
T1_E2_Elda,O3,T1_E1_Alicante,NO,49,-0.16249307329094947
T1_E2_Elda,O3,T1_E1_Alicante,NO,50,-0.14965706481464633
T1_E2_Elda,O3,T1_E1_Alicante,NO,51,-0.1316013092682026
T1_E2_Elda,O3,T1_E1_Alicante,NO,52,-0.11704977274252089
T1_E2_Elda,O3,T1_E1_Alicante,NO,53,-0.1098708651220476
T1_E2_Elda,O3,T1_E1_Alicante,NO,54,-0.10999389970473093
T1_E2_Elda,O3,T1_E1_Alicante,NO,55,-0.11408171469588052
T1_E2_Elda,O3,T1_E1_Alicante,NO,56,-0.12111775942504442
T1_E2_Elda,O3,T1_E1_Alicante,NO,57,-0.13000288720299708
T1_E2_Elda,O3,T1_E1_Alicante,NO,58,-0.13520952728061628
T1_E2_Elda,O3,T1_E1_Alicante,NO,59,-0.13104614595635464
T1_E2_Elda,O3,T1_E1_Alicante,NO,60,-0.11341166549021842
T1_E2_Elda,O3,T1_E1_Alicante,NO,61,-0.08456817805453586
T1_E2_Elda,O3,T1_E1_Alicante,NO,62,-0.05020280035046178
T1_E2_Elda,O3,T1_E1_Alicante,NO,63,-0.017987637033537927
T1_E2_Elda,O3,T1_E1_Alicante,NO,64,0.006482691495316248
T1_E2_Elda,O3,T1_E1_Alicante,NO,65,0.019914879942884482
T1_E2_Elda,O3,T1_E1_Alicante,NO,66,0.022063532006389632
T1_E2_Elda,O3,T1_E1_Alicante,NO,67,0.014367176194233906
T1_E2_Elda,O3,T1_E1_Alicante,NO,68,-0.002999746239621314
T1_E2_Elda,O3,T1_E1_Alicante,NO,69,-0.030586312293919313
T1_E2_Elda,O3,T1_E1_Alicante,NO,70,-0.06782336881668212
T1_E2_Elda,O3,T1_E1_Alicante,NO,71,-0.1102870910884449
T1_E2_Elda,O3,T1_E1_Alicante,NO,72,-0.14090372339390958
T1_E2_Elda,O3,T1_E1_Alicante,NO2,-72,-0.23147127147754934
T1_E2_Elda,O3,T1_E1_Alicante,NO2,-71,-0.2219506366787831
T1_E2_Elda,O3,T1_E1_Alicante,NO2,-70,-0.1834421022150472
T1_E2_Elda,O3,T1_E1_Alicante,NO2,-69,-0.13582138030002827
T1_E2_Elda,O3,T1_E1_Alicante,NO2,-68,-0.09405390107665532
T1_E2_Elda,O3,T1_E1_Alicante,NO2,-67,-0.06452711368189827
T1_E2_Elda,O3,T1_E1_Alicante,NO2,-66,-0.0470957001741795
T1_E2_Elda,O3,T1_E1_Alicante,NO2,-65,-0.04028503900158169
T1_E2_Elda,O3,T1_E1_Alicante,NO2,-64,-0.04165218270648732
T1_E2_Elda,O3,T1_E1_Alicante,NO2,-63,-0.04639265400012173
T1_E2_Elda,O3,T1_E1_Alicante,NO2,-62,-0.050012926353505495
T1_E2_Elda,O3,T1_E1_Alicante,NO2,-61,-0.04863439298644041
T1_E2_Elda,O3,T1_E1_Alicante,NO2,-60,-0.038088155670631896
T1_E2_Elda,O3,T1_E1_Alicante,NO2,-59,-0.02007301295100112
T1_E2_Elda,O3,T1_E1_Alicante,NO2,-58,0.0010938833156389622
T1_E2_Elda,O3,T1_E1_Alicante,NO2,-57,0.020568450869138933
T1_E2_Elda,O3,T1_E1_Alicante,NO2,-56,0.03181602178578153
T1_E2_Elda,O3,T1_E1_Alicante,NO2,-55,0.032655860404786755
T1_E2_Elda,O3,T1_E1_Alicante,NO2,-54,0.021061494026235188
T1_E2_Elda,O3,T1_E1_Alicante,NO2,-53,-0.0035361618245984853
T1_E2_Elda,O3,T1_E1_Alicante,NO2,-52,-0.04222541896237411
T1_E2_Elda,O3,T1_E1_Alicante,NO2,-51,-0.09460371097434128
T1_E2_Elda,O3,T1_E1_Alicante,NO2,-50,-0.15569889834403206
T1_E2_Elda,O3,T1_E1_Alicante,NO2,-49,-0.21210268095895365
T1_E2_Elda,O3,T1_E1_Alicante,NO2,-48,-0.2410242901917878
T1_E2_Elda,O3,T1_E1_Alicante,NO2,-47,-0.22974687898171559
T1_E2_Elda,O3,T1_E1_Alicante,NO2,-46,-0.18728660049973656
T1_E2_Elda,O3,T1_E1_Alicante,NO2,-45,-0.13614851727443306
T1_E2_Elda,O3,T1_E1_Alicante,NO2,-44,-0.091883754194929
T1_E2_Elda,O3,T1_E1_Alicante,NO2,-43,-0.059881477111499326
T1_E2_Elda,O3,T1_E1_Alicante,NO2,-42,-0.041472245477951294
T1_E2_Elda,O3,T1_E1_Alicante,NO2,-41,-0.03543191925102122
T1_E2_Elda,O3,T1_E1_Alicante,NO2,-40,-0.03846080776507197
T1_E2_Elda,O3,T1_E1_Alicante,NO2,-39,-0.04578187568678514
T1_E2_Elda,O3,T1_E1_Alicante,NO2,-38,-0.0505116510759122
T1_E2_Elda,O3,T1_E1_Alicante,NO2,-37,-0.04778757466400798
T1_E2_Elda,O3,T1_E1_Alicante,NO2,-36,-0.037570439965724546
T1_E2_Elda,O3,T1_E1_Alicante,NO2,-35,-0.019905508272288545
T1_E2_Elda,O3,T1_E1_Alicante,NO2,-34,0.002313647514854712
T1_E2_Elda,O3,T1_E1_Alicante,NO2,-33,0.022314884937110268
T1_E2_Elda,O3,T1_E1_Alicante,NO2,-32,0.03439406817708346
T1_E2_Elda,O3,T1_E1_Alicante,NO2,-31,0.035552259233678635
T1_E2_Elda,O3,T1_E1_Alicante,NO2,-30,0.023416400043056874
T1_E2_Elda,O3,T1_E1_Alicante,NO2,-29,-0.004154036937956391
T1_E2_Elda,O3,T1_E1_Alicante,NO2,-28,-0.046373221425475106
T1_E2_Elda,O3,T1_E1_Alicante,NO2,-27,-0.10236138006816536
T1_E2_Elda,O3,T1_E1_Alicante,NO2,-26,-0.16897611997341075
T1_E2_Elda,O3,T1_E1_Alicante,NO2,-25,-0.2320131668023743
T1_E2_Elda,O3,T1_E1_Alicante,NO2,-24,-0.2661567489169378
T1_E2_Elda,O3,T1_E1_Alicante,NO2,-23,-0.2556739755520288
T1_E2_Elda,O3,T1_E1_Alicante,NO2,-22,-0.21061798638952747
T1_E2_Elda,O3,T1_E1_Alicante,NO2,-21,-0.15529296222134253
T1_E2_Elda,O3,T1_E1_Alicante,NO2,-20,-0.10783233413878512
T1_E2_Elda,O3,T1_E1_Alicante,NO2,-19,-0.0753332024158064
T1_E2_Elda,O3,T1_E1_Alicante,NO2,-18,-0.05803283094571991
T1_E2_Elda,O3,T1_E1_Alicante,NO2,-17,-0.05381743152880242
T1_E2_Elda,O3,T1_E1_Alicante,NO2,-16,-0.05868655784847763
T1_E2_Elda,O3,T1_E1_Alicante,NO2,-15,-0.06728180222123764
T1_E2_Elda,O3,T1_E1_Alicante,NO2,-14,-0.07390501317732386
T1_E2_Elda,O3,T1_E1_Alicante,NO2,-13,-0.07442608843288875
T1_E2_Elda,O3,T1_E1_Alicante,NO2,-12,-0.06596294637937554
T1_E2_Elda,O3,T1_E1_Alicante,NO2,-11,-0.049350597758980895
T1_E2_Elda,O3,T1_E1_Alicante,NO2,-10,-0.028135397241623273
T1_E2_Elda,O3,T1_E1_Alicante,NO2,-9,-0.007768257030636944
T1_E2_Elda,O3,T1_E1_Alicante,NO2,-8,0.005033656765773182
T1_E2_Elda,O3,T1_E1_Alicante,NO2,-7,0.005508386791397608
T1_E2_Elda,O3,T1_E1_Alicante,NO2,-6,-0.01038801736694341
T1_E2_Elda,O3,T1_E1_Alicante,NO2,-5,-0.043628663729552965
T1_E2_Elda,O3,T1_E1_Alicante,NO2,-4,-0.09443119142678823
T1_E2_Elda,O3,T1_E1_Alicante,NO2,-3,-0.1627125522979942
T1_E2_Elda,O3,T1_E1_Alicante,NO2,-2,-0.2427655047509019
T1_E2_Elda,O3,T1_E1_Alicante,NO2,-1,-0.3166882519966191
T1_E2_Elda,O3,T1_E1_Alicante,NO2,0,-0.35409570525372197
T1_E2_Elda,O3,T1_E1_Alicante,NO2,1,-0.33628968288737887
T1_E2_Elda,O3,T1_E1_Alicante,NO2,2,-0.2789562283175009
T1_E2_Elda,O3,T1_E1_Alicante,NO2,3,-0.2145937052826903
T1_E2_Elda,O3,T1_E1_Alicante,NO2,4,-0.16095595800544937
T1_E2_Elda,O3,T1_E1_Alicante,NO2,5,-0.12402920055817536
T1_E2_Elda,O3,T1_E1_Alicante,NO2,6,-0.10374325632692048
T1_E2_Elda,O3,T1_E1_Alicante,NO2,7,-0.09676489175791654
T1_E2_Elda,O3,T1_E1_Alicante,NO2,8,-0.09878896629802755
T1_E2_Elda,O3,T1_E1_Alicante,NO2,9,-0.10472801489973646
T1_E2_Elda,O3,T1_E1_Alicante,NO2,10,-0.10882604897544604
T1_E2_Elda,O3,T1_E1_Alicante,NO2,11,-0.10647321380402734
T1_E2_Elda,O3,T1_E1_Alicante,NO2,12,-0.0949646235949988
T1_E2_Elda,O3,T1_E1_Alicante,NO2,13,-0.07482898575707107
T1_E2_Elda,O3,T1_E1_Alicante,NO2,14,-0.048835508911376155
T1_E2_Elda,O3,T1_E1_Alicante,NO2,15,-0.02531644969870648
T1_E2_Elda,O3,T1_E1_Alicante,NO2,16,-0.010586944565032272
T1_E2_Elda,O3,T1_E1_Alicante,NO2,17,-0.007602851379925295
T1_E2_Elda,O3,T1_E1_Alicante,NO2,18,-0.019322494308547187
T1_E2_Elda,O3,T1_E1_Alicante,NO2,19,-0.046081156278479043
T1_E2_Elda,O3,T1_E1_Alicante,NO2,20,-0.08699598247143378
T1_E2_Elda,O3,T1_E1_Alicante,NO2,21,-0.14185976278235432
T1_E2_Elda,O3,T1_E1_Alicante,NO2,22,-0.20684518822540493
T1_E2_Elda,O3,T1_E1_Alicante,NO2,23,-0.26792155329275147
T1_E2_Elda,O3,T1_E1_Alicante,NO2,24,-0.29904636652767286
T1_E2_Elda,O3,T1_E1_Alicante,NO2,25,-0.2842633524669927
T1_E2_Elda,O3,T1_E1_Alicante,NO2,26,-0.23531385444991212
T1_E2_Elda,O3,T1_E1_Alicante,NO2,27,-0.17816679793088347
T1_E2_Elda,O3,T1_E1_Alicante,NO2,28,-0.12905646254085243
T1_E2_Elda,O3,T1_E1_Alicante,NO2,29,-0.09452865576028265
T1_E2_Elda,O3,T1_E1_Alicante,NO2,30,-0.07529334664173405
T1_E2_Elda,O3,T1_E1_Alicante,NO2,31,-0.06881664033028512
T1_E2_Elda,O3,T1_E1_Alicante,NO2,32,-0.070177926155102
T1_E2_Elda,O3,T1_E1_Alicante,NO2,33,-0.07431460408619113
T1_E2_Elda,O3,T1_E1_Alicante,NO2,34,-0.078319612141647
T1_E2_Elda,O3,T1_E1_Alicante,NO2,35,-0.07750886570083802
T1_E2_Elda,O3,T1_E1_Alicante,NO2,36,-0.06883106397372722
T1_E2_Elda,O3,T1_E1_Alicante,NO2,37,-0.05223526010953034
T1_E2_Elda,O3,T1_E1_Alicante,NO2,38,-0.031045390032490416
T1_E2_Elda,O3,T1_E1_Alicante,NO2,39,-0.011262895213803671
T1_E2_Elda,O3,T1_E1_Alicante,NO2,40,0.0006893790256935604
T1_E2_Elda,O3,T1_E1_Alicante,NO2,41,0.0015716763681443953
T1_E2_Elda,O3,T1_E1_Alicante,NO2,42,-0.009702961066695843
T1_E2_Elda,O3,T1_E1_Alicante,NO2,43,-0.03342540090223556
T1_E2_Elda,O3,T1_E1_Alicante,NO2,44,-0.06918208606015275
T1_E2_Elda,O3,T1_E1_Alicante,NO2,45,-0.11888779716698016
T1_E2_Elda,O3,T1_E1_Alicante,NO2,46,-0.17889648235934197
T1_E2_Elda,O3,T1_E1_Alicante,NO2,47,-0.23618538328590896
T1_E2_Elda,O3,T1_E1_Alicante,NO2,48,-0.2675773990190363
T1_E2_Elda,O3,T1_E1_Alicante,NO2,49,-0.25901644338502045
T1_E2_Elda,O3,T1_E1_Alicante,NO2,50,-0.21898876737826242
T1_E2_Elda,O3,T1_E1_Alicante,NO2,51,-0.16951649389224663
T1_E2_Elda,O3,T1_E1_Alicante,NO2,52,-0.12544344340000066
T1_E2_Elda,O3,T1_E1_Alicante,NO2,53,-0.0939815796280344
T1_E2_Elda,O3,T1_E1_Alicante,NO2,54,-0.07640510322474575
T1_E2_Elda,O3,T1_E1_Alicante,NO2,55,-0.06997622215658425
T1_E2_Elda,O3,T1_E1_Alicante,NO2,56,-0.07087901744128586
T1_E2_Elda,O3,T1_E1_Alicante,NO2,57,-0.07494510259810934
T1_E2_Elda,O3,T1_E1_Alicante,NO2,58,-0.07821796901374906
T1_E2_Elda,O3,T1_E1_Alicante,NO2,59,-0.07548786793332339
T1_E2_Elda,O3,T1_E1_Alicante,NO2,60,-0.06463846569585924
T1_E2_Elda,O3,T1_E1_Alicante,NO2,61,-0.047508898529340295
T1_E2_Elda,O3,T1_E1_Alicante,NO2,62,-0.027286210477402435
T1_E2_Elda,O3,T1_E1_Alicante,NO2,63,-0.009116640504300246
T1_E2_Elda,O3,T1_E1_Alicante,NO2,64,0.002191219497455071
T1_E2_Elda,O3,T1_E1_Alicante,NO2,65,0.003616280288424655
T1_E2_Elda,O3,T1_E1_Alicante,NO2,66,-0.0069118633435494075
T1_E2_Elda,O3,T1_E1_Alicante,NO2,67,-0.029920924545703182
T1_E2_Elda,O3,T1_E1_Alicante,NO2,68,-0.06585940200523038
T1_E2_Elda,O3,T1_E1_Alicante,NO2,69,-0.1149143277745501
T1_E2_Elda,O3,T1_E1_Alicante,NO2,70,-0.17290265388534254
T1_E2_Elda,O3,T1_E1_Alicante,NO2,71,-0.22677602274814374
T1_E2_Elda,O3,T1_E1_Alicante,NO2,72,-0.2546098768643651
T1_E2_Elda,O3,T1_E1_Alicante,O3,-72,0.6039906657964098
T1_E2_Elda,O3,T1_E1_Alicante,O3,-71,0.6018721649343631
T1_E2_Elda,O3,T1_E1_Alicante,O3,-70,0.5586702641784208
T1_E2_Elda,O3,T1_E1_Alicante,O3,-69,0.4883171981536578
T1_E2_Elda,O3,T1_E1_Alicante,O3,-68,0.40286408902933024
T1_E2_Elda,O3,T1_E1_Alicante,O3,-67,0.3104386419707606
T1_E2_Elda,O3,T1_E1_Alicante,O3,-66,0.21736577080954
T1_E2_Elda,O3,T1_E1_Alicante,O3,-65,0.12815619609331846
T1_E2_Elda,O3,T1_E1_Alicante,O3,-64,0.0454083186269273
T1_E2_Elda,O3,T1_E1_Alicante,O3,-63,-0.028019834737883477
T1_E2_Elda,O3,T1_E1_Alicante,O3,-62,-0.08988956424465991
T1_E2_Elda,O3,T1_E1_Alicante,O3,-61,-0.13774052538299378
T1_E2_Elda,O3,T1_E1_Alicante,O3,-60,-0.16908657032338442
T1_E2_Elda,O3,T1_E1_Alicante,O3,-59,-0.18084147184917507
T1_E2_Elda,O3,T1_E1_Alicante,O3,-58,-0.1715671070943852
T1_E2_Elda,O3,T1_E1_Alicante,O3,-57,-0.14066496424610667
T1_E2_Elda,O3,T1_E1_Alicante,O3,-56,-0.08769620976901647
T1_E2_Elda,O3,T1_E1_Alicante,O3,-55,-0.01463694023047036
T1_E2_Elda,O3,T1_E1_Alicante,O3,-54,0.07518401876224315
T1_E2_Elda,O3,T1_E1_Alicante,O3,-53,0.1770251151984368
T1_E2_Elda,O3,T1_E1_Alicante,O3,-52,0.2855953244698974
T1_E2_Elda,O3,T1_E1_Alicante,O3,-51,0.39457023407174147
T1_E2_Elda,O3,T1_E1_Alicante,O3,-50,0.49599228242776905
T1_E2_Elda,O3,T1_E1_Alicante,O3,-49,0.5769825881059849
T1_E2_Elda,O3,T1_E1_Alicante,O3,-48,0.6207975563560538
T1_E2_Elda,O3,T1_E1_Alicante,O3,-47,0.6174302042872788
T1_E2_Elda,O3,T1_E1_Alicante,O3,-46,0.5722378081180348
T1_E2_Elda,O3,T1_E1_Alicante,O3,-45,0.49930804687391295
T1_E2_Elda,O3,T1_E1_Alicante,O3,-44,0.41184429251346943
T1_E2_Elda,O3,T1_E1_Alicante,O3,-43,0.3175479213286909
T1_E2_Elda,O3,T1_E1_Alicante,O3,-42,0.2226339501477522
T1_E2_Elda,O3,T1_E1_Alicante,O3,-41,0.1317339846546207
T1_E2_Elda,O3,T1_E1_Alicante,O3,-40,0.04809655473768331
T1_E2_Elda,O3,T1_E1_Alicante,O3,-39,-0.025410301130949255
T1_E2_Elda,O3,T1_E1_Alicante,O3,-38,-0.08705951818967757
T1_E2_Elda,O3,T1_E1_Alicante,O3,-37,-0.13494479012435998
T1_E2_Elda,O3,T1_E1_Alicante,O3,-36,-0.16537760847982544
T1_E2_Elda,O3,T1_E1_Alicante,O3,-35,-0.17602499653711948
T1_E2_Elda,O3,T1_E1_Alicante,O3,-34,-0.16612013406063444
T1_E2_Elda,O3,T1_E1_Alicante,O3,-33,-0.1340544405274081
T1_E2_Elda,O3,T1_E1_Alicante,O3,-32,-0.07934177459179113
T1_E2_Elda,O3,T1_E1_Alicante,O3,-31,-0.0041050062751174605
T1_E2_Elda,O3,T1_E1_Alicante,O3,-30,0.08808933816279409
T1_E2_Elda,O3,T1_E1_Alicante,O3,-29,0.19352511494715494
T1_E2_Elda,O3,T1_E1_Alicante,O3,-28,0.30692652961746375
T1_E2_Elda,O3,T1_E1_Alicante,O3,-27,0.4221493711955684
T1_E2_Elda,O3,T1_E1_Alicante,O3,-26,0.5307568938455093
T1_E2_Elda,O3,T1_E1_Alicante,O3,-25,0.6187734400356817
T1_E2_Elda,O3,T1_E1_Alicante,O3,-24,0.6674259656767505
T1_E2_Elda,O3,T1_E1_Alicante,O3,-23,0.6659278105137162
T1_E2_Elda,O3,T1_E1_Alicante,O3,-22,0.6200842380918741
T1_E2_Elda,O3,T1_E1_Alicante,O3,-21,0.5459291254777567
T1_E2_Elda,O3,T1_E1_Alicante,O3,-20,0.4562099846499527
T1_E2_Elda,O3,T1_E1_Alicante,O3,-19,0.35979861480613134
T1_E2_Elda,O3,T1_E1_Alicante,O3,-18,0.2626908726846664
T1_E2_Elda,O3,T1_E1_Alicante,O3,-17,0.16902385794375646
T1_E2_Elda,O3,T1_E1_Alicante,O3,-16,0.08267563580921031
T1_E2_Elda,O3,T1_E1_Alicante,O3,-15,0.0060132048551366215
T1_E2_Elda,O3,T1_E1_Alicante,O3,-14,-0.05858413323384298
T1_E2_Elda,O3,T1_E1_Alicante,O3,-13,-0.10799271629709835
T1_E2_Elda,O3,T1_E1_Alicante,O3,-12,-0.1393241690004647
T1_E2_Elda,O3,T1_E1_Alicante,O3,-11,-0.15043499664715482
T1_E2_Elda,O3,T1_E1_Alicante,O3,-10,-0.13885479843518636
T1_E2_Elda,O3,T1_E1_Alicante,O3,-9,-0.10337745791064128
T1_E2_Elda,O3,T1_E1_Alicante,O3,-8,-0.043532279656898785
T1_E2_Elda,O3,T1_E1_Alicante,O3,-7,0.03929386456384939
T1_E2_Elda,O3,T1_E1_Alicante,O3,-6,0.14171061275741179
T1_E2_Elda,O3,T1_E1_Alicante,O3,-5,0.2591603553078443
T1_E2_Elda,O3,T1_E1_Alicante,O3,-4,0.3866417892305914
T1_E2_Elda,O3,T1_E1_Alicante,O3,-3,0.5172981992586294
T1_E2_Elda,O3,T1_E1_Alicante,O3,-2,0.6410870783157656
T1_E2_Elda,O3,T1_E1_Alicante,O3,-1,0.7413601642561218
T1_E2_Elda,O3,T1_E1_Alicante,O3,0,0.7957058933082547
T1_E2_Elda,O3,T1_E1_Alicante,O3,1,0.790674085365797
T1_E2_Elda,O3,T1_E1_Alicante,O3,2,0.7341527992229191
T1_E2_Elda,O3,T1_E1_Alicante,O3,3,0.6459080230292432
T1_E2_Elda,O3,T1_E1_Alicante,O3,4,0.5415088809089806
T1_E2_Elda,O3,T1_E1_Alicante,O3,5,0.43126512410130474
T1_E2_Elda,O3,T1_E1_Alicante,O3,6,0.3216981866005632
T1_E2_Elda,O3,T1_E1_Alicante,O3,7,0.21676069570316783
T1_E2_Elda,O3,T1_E1_Alicante,O3,8,0.12006514916108355
T1_E2_Elda,O3,T1_E1_Alicante,O3,9,0.03474552497616381
T1_E2_Elda,O3,T1_E1_Alicante,O3,10,-0.036538465180495555
T1_E2_Elda,O3,T1_E1_Alicante,O3,11,-0.09120041466637
T1_E2_Elda,O3,T1_E1_Alicante,O3,12,-0.12710547926941906
T1_E2_Elda,O3,T1_E1_Alicante,O3,13,-0.14187509652788724
T1_E2_Elda,O3,T1_E1_Alicante,O3,14,-0.1345062534389636
T1_E2_Elda,O3,T1_E1_Alicante,O3,15,-0.10373850951307126
T1_E2_Elda,O3,T1_E1_Alicante,O3,16,-0.04917725221256848
T1_E2_Elda,O3,T1_E1_Alicante,O3,17,0.026677726329860554
T1_E2_Elda,O3,T1_E1_Alicante,O3,18,0.11992569730169289
T1_E2_Elda,O3,T1_E1_Alicante,O3,19,0.22545226920092137
T1_E2_Elda,O3,T1_E1_Alicante,O3,20,0.33739685361462457
T1_E2_Elda,O3,T1_E1_Alicante,O3,21,0.4503689379781375
T1_E2_Elda,O3,T1_E1_Alicante,O3,22,0.555113221323323
T1_E2_Elda,O3,T1_E1_Alicante,O3,23,0.6384037069514098
T1_E2_Elda,O3,T1_E1_Alicante,O3,24,0.6817535812356689
T1_E2_Elda,O3,T1_E1_Alicante,O3,25,0.6749212522505844
T1_E2_Elda,O3,T1_E1_Alicante,O3,26,0.6233196677587083
T1_E2_Elda,O3,T1_E1_Alicante,O3,27,0.5433406713803561
T1_E2_Elda,O3,T1_E1_Alicante,O3,28,0.44876707358977047
T1_E2_Elda,O3,T1_E1_Alicante,O3,29,0.34849738150918286
T1_E2_Elda,O3,T1_E1_Alicante,O3,30,0.2488782063656257
T1_E2_Elda,O3,T1_E1_Alicante,O3,31,0.15336218868903279
T1_E2_Elda,O3,T1_E1_Alicante,O3,32,0.06519296524531254
T1_E2_Elda,O3,T1_E1_Alicante,O3,33,-0.012892962823960264
T1_E2_Elda,O3,T1_E1_Alicante,O3,34,-0.07771990765434937
T1_E2_Elda,O3,T1_E1_Alicante,O3,35,-0.12719751111239364
T1_E2_Elda,O3,T1_E1_Alicante,O3,36,-0.15860318270753274
T1_E2_Elda,O3,T1_E1_Alicante,O3,37,-0.17060250553673625
T1_E2_Elda,O3,T1_E1_Alicante,O3,38,-0.16161847376193658
T1_E2_Elda,O3,T1_E1_Alicante,O3,39,-0.13112653191771645
T1_E2_Elda,O3,T1_E1_Alicante,O3,40,-0.078472832313767
T1_E2_Elda,O3,T1_E1_Alicante,O3,41,-0.005360350767673116
T1_E2_Elda,O3,T1_E1_Alicante,O3,42,0.08432021043273936
T1_E2_Elda,O3,T1_E1_Alicante,O3,43,0.18525031019709376
T1_E2_Elda,O3,T1_E1_Alicante,O3,44,0.29169232953464896
T1_E2_Elda,O3,T1_E1_Alicante,O3,45,0.3992235806638769
T1_E2_Elda,O3,T1_E1_Alicante,O3,46,0.4999748664830146
T1_E2_Elda,O3,T1_E1_Alicante,O3,47,0.5809614191953224
T1_E2_Elda,O3,T1_E1_Alicante,O3,48,0.6249640811621658
T1_E2_Elda,O3,T1_E1_Alicante,O3,49,0.6222880800674293
T1_E2_Elda,O3,T1_E1_Alicante,O3,50,0.5768688488959385
T1_E2_Elda,O3,T1_E1_Alicante,O3,51,0.503496200884024
T1_E2_Elda,O3,T1_E1_Alicante,O3,52,0.41469370052590143
T1_E2_Elda,O3,T1_E1_Alicante,O3,53,0.3197606788586266
T1_E2_Elda,O3,T1_E1_Alicante,O3,54,0.22480455425194054
T1_E2_Elda,O3,T1_E1_Alicante,O3,55,0.134153367058872
T1_E2_Elda,O3,T1_E1_Alicante,O3,56,0.05032583543438036
T1_E2_Elda,O3,T1_E1_Alicante,O3,57,-0.024434503233879745
T1_E2_Elda,O3,T1_E1_Alicante,O3,58,-0.08678242142544003
T1_E2_Elda,O3,T1_E1_Alicante,O3,59,-0.13462285418203238
T1_E2_Elda,O3,T1_E1_Alicante,O3,60,-0.16543097456781014
T1_E2_Elda,O3,T1_E1_Alicante,O3,61,-0.17645035526461386
T1_E2_Elda,O3,T1_E1_Alicante,O3,62,-0.16677917006833387
T1_E2_Elda,O3,T1_E1_Alicante,O3,63,-0.1361063923099449
T1_E2_Elda,O3,T1_E1_Alicante,O3,64,-0.08400711820620918
T1_E2_Elda,O3,T1_E1_Alicante,O3,65,-0.012413158714983014
T1_E2_Elda,O3,T1_E1_Alicante,O3,66,0.0751492423795128
T1_E2_Elda,O3,T1_E1_Alicante,O3,67,0.17429393567391252
T1_E2_Elda,O3,T1_E1_Alicante,O3,68,0.27996025568979654
T1_E2_Elda,O3,T1_E1_Alicante,O3,69,0.38684126706264715
T1_E2_Elda,O3,T1_E1_Alicante,O3,70,0.48624241821427666
T1_E2_Elda,O3,T1_E1_Alicante,O3,71,0.5649598112058081
T1_E2_Elda,O3,T1_E1_Alicante,O3,72,0.6070168706980485
T1_E2_Elda,O3,T2_E1_Elche,NO,-72,-0.12396340645058945
T1_E2_Elda,O3,T2_E1_Elche,NO,-71,-0.1217330702624488
T1_E2_Elda,O3,T2_E1_Elche,NO,-70,-0.10398455835359832
T1_E2_Elda,O3,T2_E1_Elche,NO,-69,-0.08275999517010309
T1_E2_Elda,O3,T2_E1_Elche,NO,-68,-0.06833488360526034
T1_E2_Elda,O3,T2_E1_Elche,NO,-67,-0.06476564820516144
T1_E2_Elda,O3,T2_E1_Elche,NO,-66,-0.06832455305435511
T1_E2_Elda,O3,T2_E1_Elche,NO,-65,-0.07556814579999983
T1_E2_Elda,O3,T2_E1_Elche,NO,-64,-0.08677469181332366
T1_E2_Elda,O3,T2_E1_Elche,NO,-63,-0.10218203722432283
T1_E2_Elda,O3,T2_E1_Elche,NO,-62,-0.11652774761189078
T1_E2_Elda,O3,T2_E1_Elche,NO,-61,-0.12279942262931025
T1_E2_Elda,O3,T2_E1_Elche,NO,-60,-0.11554745723220673
T1_E2_Elda,O3,T2_E1_Elche,NO,-59,-0.09451144503098813
T1_E2_Elda,O3,T2_E1_Elche,NO,-58,-0.06599270200405621
T1_E2_Elda,O3,T2_E1_Elche,NO,-57,-0.03790711253963391
T1_E2_Elda,O3,T2_E1_Elche,NO,-56,-0.01798728576122876
T1_E2_Elda,O3,T2_E1_Elche,NO,-55,-0.00781352063838385
T1_E2_Elda,O3,T2_E1_Elche,NO,-54,-0.007194605652373094
T1_E2_Elda,O3,T2_E1_Elche,NO,-53,-0.01624263360476428
T1_E2_Elda,O3,T2_E1_Elche,NO,-52,-0.034158637351290586
T1_E2_Elda,O3,T2_E1_Elche,NO,-51,-0.058351083887126155
T1_E2_Elda,O3,T2_E1_Elche,NO,-50,-0.08639310440004144
T1_E2_Elda,O3,T2_E1_Elche,NO,-49,-0.11418796573752464
T1_E2_Elda,O3,T2_E1_Elche,NO,-48,-0.13040047466479998
T1_E2_Elda,O3,T2_E1_Elche,NO,-47,-0.1268331897400519
T1_E2_Elda,O3,T2_E1_Elche,NO,-46,-0.10819756991725513
T1_E2_Elda,O3,T2_E1_Elche,NO,-45,-0.08596595378199207
T1_E2_Elda,O3,T2_E1_Elche,NO,-44,-0.07073089417772863
T1_E2_Elda,O3,T2_E1_Elche,NO,-43,-0.06472710484259689
T1_E2_Elda,O3,T2_E1_Elche,NO,-42,-0.06586886669179523
T1_E2_Elda,O3,T2_E1_Elche,NO,-41,-0.0723674710410948
T1_E2_Elda,O3,T2_E1_Elche,NO,-40,-0.0852341435453024
T1_E2_Elda,O3,T2_E1_Elche,NO,-39,-0.10110231081844451
T1_E2_Elda,O3,T2_E1_Elche,NO,-38,-0.11639448079945812
T1_E2_Elda,O3,T2_E1_Elche,NO,-37,-0.12090401795865029
T1_E2_Elda,O3,T2_E1_Elche,NO,-36,-0.11225251441424812
T1_E2_Elda,O3,T2_E1_Elche,NO,-35,-0.09094494183862567
T1_E2_Elda,O3,T2_E1_Elche,NO,-34,-0.06307155496210057
T1_E2_Elda,O3,T2_E1_Elche,NO,-33,-0.035756730424113724
T1_E2_Elda,O3,T2_E1_Elche,NO,-32,-0.015796255263900254
T1_E2_Elda,O3,T2_E1_Elche,NO,-31,-0.0042065140112190315
T1_E2_Elda,O3,T2_E1_Elche,NO,-30,-0.001367788954832309
T1_E2_Elda,O3,T2_E1_Elche,NO,-29,-0.0076372479275860945
T1_E2_Elda,O3,T2_E1_Elche,NO,-28,-0.022021662787117313
T1_E2_Elda,O3,T2_E1_Elche,NO,-27,-0.044375838366138835
T1_E2_Elda,O3,T2_E1_Elche,NO,-26,-0.07362630998905073
T1_E2_Elda,O3,T2_E1_Elche,NO,-25,-0.10526654716252683
T1_E2_Elda,O3,T2_E1_Elche,NO,-24,-0.12530455540238042
T1_E2_Elda,O3,T2_E1_Elche,NO,-23,-0.12610344150337216
T1_E2_Elda,O3,T2_E1_Elche,NO,-22,-0.10999528848022046
T1_E2_Elda,O3,T2_E1_Elche,NO,-21,-0.09114501582533964
T1_E2_Elda,O3,T2_E1_Elche,NO,-20,-0.0778893927240282
T1_E2_Elda,O3,T2_E1_Elche,NO,-19,-0.07238349770695392
T1_E2_Elda,O3,T2_E1_Elche,NO,-18,-0.0742767881573433
T1_E2_Elda,O3,T2_E1_Elche,NO,-17,-0.08192500098656971
T1_E2_Elda,O3,T2_E1_Elche,NO,-16,-0.0948421888982748
T1_E2_Elda,O3,T2_E1_Elche,NO,-15,-0.11134187281896234
T1_E2_Elda,O3,T2_E1_Elche,NO,-14,-0.12695833780645466
T1_E2_Elda,O3,T2_E1_Elche,NO,-13,-0.13313375406257022
T1_E2_Elda,O3,T2_E1_Elche,NO,-12,-0.1245726758394024
T1_E2_Elda,O3,T2_E1_Elche,NO,-11,-0.102260531329259
T1_E2_Elda,O3,T2_E1_Elche,NO,-10,-0.0734454462996732
T1_E2_Elda,O3,T2_E1_Elche,NO,-9,-0.045774946565612366
T1_E2_Elda,O3,T2_E1_Elche,NO,-8,-0.02519784264811376
T1_E2_Elda,O3,T2_E1_Elche,NO,-7,-0.013972695190042926
T1_E2_Elda,O3,T2_E1_Elche,NO,-6,-0.012551160905534124
T1_E2_Elda,O3,T2_E1_Elche,NO,-5,-0.022300359284211126
T1_E2_Elda,O3,T2_E1_Elche,NO,-4,-0.04411291781138902
T1_E2_Elda,O3,T2_E1_Elche,NO,-3,-0.07858917227884399
T1_E2_Elda,O3,T2_E1_Elche,NO,-2,-0.12282126541977118
T1_E2_Elda,O3,T2_E1_Elche,NO,-1,-0.1687113299539756
T1_E2_Elda,O3,T2_E1_Elche,NO,0,-0.19890265918356675
T1_E2_Elda,O3,T2_E1_Elche,NO,1,-0.19635095409683218
T1_E2_Elda,O3,T2_E1_Elche,NO,2,-0.16648412707430038
T1_E2_Elda,O3,T2_E1_Elche,NO,3,-0.1312808216738821
T1_E2_Elda,O3,T2_E1_Elche,NO,4,-0.10714588005361061
T1_E2_Elda,O3,T2_E1_Elche,NO,5,-0.09663775931008532
T1_E2_Elda,O3,T2_E1_Elche,NO,6,-0.09584257237089593
T1_E2_Elda,O3,T2_E1_Elche,NO,7,-0.10309388577094053
T1_E2_Elda,O3,T2_E1_Elche,NO,8,-0.11580509673882229
T1_E2_Elda,O3,T2_E1_Elche,NO,9,-0.13189706758705913
T1_E2_Elda,O3,T2_E1_Elche,NO,10,-0.14802202140204085
T1_E2_Elda,O3,T2_E1_Elche,NO,11,-0.15469773611139423
T1_E2_Elda,O3,T2_E1_Elche,NO,12,-0.1465958260363215
T1_E2_Elda,O3,T2_E1_Elche,NO,13,-0.12181342840657652
T1_E2_Elda,O3,T2_E1_Elche,NO,14,-0.08936333036916506
T1_E2_Elda,O3,T2_E1_Elche,NO,15,-0.057323317359584146
T1_E2_Elda,O3,T2_E1_Elche,NO,16,-0.03245327135766096
T1_E2_Elda,O3,T2_E1_Elche,NO,17,-0.01939154187656191
T1_E2_Elda,O3,T2_E1_Elche,NO,18,-0.017886222691857176
T1_E2_Elda,O3,T2_E1_Elche,NO,19,-0.026080157284562647
T1_E2_Elda,O3,T2_E1_Elche,NO,20,-0.045440280981727595
T1_E2_Elda,O3,T2_E1_Elche,NO,21,-0.07279726924010538
T1_E2_Elda,O3,T2_E1_Elche,NO,22,-0.10741501532528226
T1_E2_Elda,O3,T2_E1_Elche,NO,23,-0.1417231756328473
T1_E2_Elda,O3,T2_E1_Elche,NO,24,-0.1643035311066259
T1_E2_Elda,O3,T2_E1_Elche,NO,25,-0.16246067458253882
T1_E2_Elda,O3,T2_E1_Elche,NO,26,-0.13991267699717005
T1_E2_Elda,O3,T2_E1_Elche,NO,27,-0.11351268092403023
T1_E2_Elda,O3,T2_E1_Elche,NO,28,-0.0944043312674019
T1_E2_Elda,O3,T2_E1_Elche,NO,29,-0.08534680845512818
T1_E2_Elda,O3,T2_E1_Elche,NO,30,-0.08529459928994775
T1_E2_Elda,O3,T2_E1_Elche,NO,31,-0.09303336032376446
T1_E2_Elda,O3,T2_E1_Elche,NO,32,-0.1055978126124754
T1_E2_Elda,O3,T2_E1_Elche,NO,33,-0.11924489516046
T1_E2_Elda,O3,T2_E1_Elche,NO,34,-0.13137100847583377
T1_E2_Elda,O3,T2_E1_Elche,NO,35,-0.13400052137257862
T1_E2_Elda,O3,T2_E1_Elche,NO,36,-0.12399768257253496
T1_E2_Elda,O3,T2_E1_Elche,NO,37,-0.10142317352076954
T1_E2_Elda,O3,T2_E1_Elche,NO,38,-0.07204172478740557
T1_E2_Elda,O3,T2_E1_Elche,NO,39,-0.043643081367317885
T1_E2_Elda,O3,T2_E1_Elche,NO,40,-0.022993024561266496
T1_E2_Elda,O3,T2_E1_Elche,NO,41,-0.012107810398762362
T1_E2_Elda,O3,T2_E1_Elche,NO,42,-0.010118512122159078
T1_E2_Elda,O3,T2_E1_Elche,NO,43,-0.014969391338717867
T1_E2_Elda,O3,T2_E1_Elche,NO,44,-0.028821452950781066
T1_E2_Elda,O3,T2_E1_Elche,NO,45,-0.053032317054544864
T1_E2_Elda,O3,T2_E1_Elche,NO,46,-0.08458447866980452
T1_E2_Elda,O3,T2_E1_Elche,NO,47,-0.11810521291592778
T1_E2_Elda,O3,T2_E1_Elche,NO,48,-0.13991702935121852
T1_E2_Elda,O3,T2_E1_Elche,NO,49,-0.14106285060704965
T1_E2_Elda,O3,T2_E1_Elche,NO,50,-0.12597229263157714
T1_E2_Elda,O3,T2_E1_Elche,NO,51,-0.1055412892672512
T1_E2_Elda,O3,T2_E1_Elche,NO,52,-0.0914367603433509
T1_E2_Elda,O3,T2_E1_Elche,NO,53,-0.08639801597791692
T1_E2_Elda,O3,T2_E1_Elche,NO,54,-0.08722355700377579
T1_E2_Elda,O3,T2_E1_Elche,NO,55,-0.09379078961236394
T1_E2_Elda,O3,T2_E1_Elche,NO,56,-0.10351451176238498
T1_E2_Elda,O3,T2_E1_Elche,NO,57,-0.11659220123900571
T1_E2_Elda,O3,T2_E1_Elche,NO,58,-0.1283136578002852
T1_E2_Elda,O3,T2_E1_Elche,NO,59,-0.13233899633151083
T1_E2_Elda,O3,T2_E1_Elche,NO,60,-0.12483014918095447
T1_E2_Elda,O3,T2_E1_Elche,NO,61,-0.10642734947522811
T1_E2_Elda,O3,T2_E1_Elche,NO,62,-0.08059496976870137
T1_E2_Elda,O3,T2_E1_Elche,NO,63,-0.05582830228944482
T1_E2_Elda,O3,T2_E1_Elche,NO,64,-0.036575807855683394
T1_E2_Elda,O3,T2_E1_Elche,NO,65,-0.02480120888955454
T1_E2_Elda,O3,T2_E1_Elche,NO,66,-0.021834444731254978
T1_E2_Elda,O3,T2_E1_Elche,NO,67,-0.0290120670798496
T1_E2_Elda,O3,T2_E1_Elche,NO,68,-0.044589223960854865
T1_E2_Elda,O3,T2_E1_Elche,NO,69,-0.06835167127299056
T1_E2_Elda,O3,T2_E1_Elche,NO,70,-0.0977208127284432
T1_E2_Elda,O3,T2_E1_Elche,NO,71,-0.1257636599517858
T1_E2_Elda,O3,T2_E1_Elche,NO,72,-0.14097264962586925
T1_E2_Elda,O3,T2_E1_Elche,NO2,-72,-0.267387425144837
T1_E2_Elda,O3,T2_E1_Elche,NO2,-71,-0.2466037796063233
T1_E2_Elda,O3,T2_E1_Elche,NO2,-70,-0.19834113135972625
T1_E2_Elda,O3,T2_E1_Elche,NO2,-69,-0.14326768692782874
T1_E2_Elda,O3,T2_E1_Elche,NO2,-68,-0.09587144213951623
T1_E2_Elda,O3,T2_E1_Elche,NO2,-67,-0.06440791981584375
T1_E2_Elda,O3,T2_E1_Elche,NO2,-66,-0.048305974432038504
T1_E2_Elda,O3,T2_E1_Elche,NO2,-65,-0.0444342473005317
T1_E2_Elda,O3,T2_E1_Elche,NO2,-64,-0.04988854244491261
T1_E2_Elda,O3,T2_E1_Elche,NO2,-63,-0.06146960593739789
T1_E2_Elda,O3,T2_E1_Elche,NO2,-62,-0.07476660649627631
T1_E2_Elda,O3,T2_E1_Elche,NO2,-61,-0.08406306683208083
T1_E2_Elda,O3,T2_E1_Elche,NO2,-60,-0.08440333239961645
T1_E2_Elda,O3,T2_E1_Elche,NO2,-59,-0.07483874847061278
T1_E2_Elda,O3,T2_E1_Elche,NO2,-58,-0.05808101700484366
T1_E2_Elda,O3,T2_E1_Elche,NO2,-57,-0.041984295171643
T1_E2_Elda,O3,T2_E1_Elche,NO2,-56,-0.033890796618980985
T1_E2_Elda,O3,T2_E1_Elche,NO2,-55,-0.03591440113333693
T1_E2_Elda,O3,T2_E1_Elche,NO2,-54,-0.04950677365878105
T1_E2_Elda,O3,T2_E1_Elche,NO2,-53,-0.0744157969262434
T1_E2_Elda,O3,T2_E1_Elche,NO2,-52,-0.11145187125308179
T1_E2_Elda,O3,T2_E1_Elche,NO2,-51,-0.15910573782332305
T1_E2_Elda,O3,T2_E1_Elche,NO2,-50,-0.21220978253562198
T1_E2_Elda,O3,T2_E1_Elche,NO2,-49,-0.2575370150959445
T1_E2_Elda,O3,T2_E1_Elche,NO2,-48,-0.2738268573832644
T1_E2_Elda,O3,T2_E1_Elche,NO2,-47,-0.2513599094029651
T1_E2_Elda,O3,T2_E1_Elche,NO2,-46,-0.20116877008637962
T1_E2_Elda,O3,T2_E1_Elche,NO2,-45,-0.14309448816913345
T1_E2_Elda,O3,T2_E1_Elche,NO2,-44,-0.09388334118377066
T1_E2_Elda,O3,T2_E1_Elche,NO2,-43,-0.06050888868708502
T1_E2_Elda,O3,T2_E1_Elche,NO2,-42,-0.042657571112260546
T1_E2_Elda,O3,T2_E1_Elche,NO2,-41,-0.03866172151572741
T1_E2_Elda,O3,T2_E1_Elche,NO2,-40,-0.046766563786595786
T1_E2_Elda,O3,T2_E1_Elche,NO2,-39,-0.061877915188115355
T1_E2_Elda,O3,T2_E1_Elche,NO2,-38,-0.07744488931147524
T1_E2_Elda,O3,T2_E1_Elche,NO2,-37,-0.08673296361755715
T1_E2_Elda,O3,T2_E1_Elche,NO2,-36,-0.08778790280138275
T1_E2_Elda,O3,T2_E1_Elche,NO2,-35,-0.0789402227763695
T1_E2_Elda,O3,T2_E1_Elche,NO2,-34,-0.06314916851263973
T1_E2_Elda,O3,T2_E1_Elche,NO2,-33,-0.04697801856824273
T1_E2_Elda,O3,T2_E1_Elche,NO2,-32,-0.03665986181205168
T1_E2_Elda,O3,T2_E1_Elche,NO2,-31,-0.036551093560294776
T1_E2_Elda,O3,T2_E1_Elche,NO2,-30,-0.04853753513990456
T1_E2_Elda,O3,T2_E1_Elche,NO2,-29,-0.07322662536729593
T1_E2_Elda,O3,T2_E1_Elche,NO2,-28,-0.1112840456650854
T1_E2_Elda,O3,T2_E1_Elche,NO2,-27,-0.1609446984705547
T1_E2_Elda,O3,T2_E1_Elche,NO2,-26,-0.21660449978335977
T1_E2_Elda,O3,T2_E1_Elche,NO2,-25,-0.26606112504596136
T1_E2_Elda,O3,T2_E1_Elche,NO2,-24,-0.28698587928397573
T1_E2_Elda,O3,T2_E1_Elche,NO2,-23,-0.26619286702022404
T1_E2_Elda,O3,T2_E1_Elche,NO2,-22,-0.21435855209669116
T1_E2_Elda,O3,T2_E1_Elche,NO2,-21,-0.15484163316717794
T1_E2_Elda,O3,T2_E1_Elche,NO2,-20,-0.10457043381129927
T1_E2_Elda,O3,T2_E1_Elche,NO2,-19,-0.07015986052904326
T1_E2_Elda,O3,T2_E1_Elche,NO2,-18,-0.05217770097274446
T1_E2_Elda,O3,T2_E1_Elche,NO2,-17,-0.04977784490871388
T1_E2_Elda,O3,T2_E1_Elche,NO2,-16,-0.058598571964100565
T1_E2_Elda,O3,T2_E1_Elche,NO2,-15,-0.07397306452687882
T1_E2_Elda,O3,T2_E1_Elche,NO2,-14,-0.09135093358034052
T1_E2_Elda,O3,T2_E1_Elche,NO2,-13,-0.10455889044534948
T1_E2_Elda,O3,T2_E1_Elche,NO2,-12,-0.10831058369818804
T1_E2_Elda,O3,T2_E1_Elche,NO2,-11,-0.10110092794079978
T1_E2_Elda,O3,T2_E1_Elche,NO2,-10,-0.08583285059675788
T1_E2_Elda,O3,T2_E1_Elche,NO2,-9,-0.06944915677742361
T1_E2_Elda,O3,T2_E1_Elche,NO2,-8,-0.05960811949630277
T1_E2_Elda,O3,T2_E1_Elche,NO2,-7,-0.06125075119547718
T1_E2_Elda,O3,T2_E1_Elche,NO2,-6,-0.07722144854623149
T1_E2_Elda,O3,T2_E1_Elche,NO2,-5,-0.10967794447433524
T1_E2_Elda,O3,T2_E1_Elche,NO2,-4,-0.15833973357492195
T1_E2_Elda,O3,T2_E1_Elche,NO2,-3,-0.2222920305897355
T1_E2_Elda,O3,T2_E1_Elche,NO2,-2,-0.2974646831868879
T1_E2_Elda,O3,T2_E1_Elche,NO2,-1,-0.36443794578004857
T1_E2_Elda,O3,T2_E1_Elche,NO2,0,-0.39269002738868297
T1_E2_Elda,O3,T2_E1_Elche,NO2,1,-0.36354284467747006
T1_E2_Elda,O3,T2_E1_Elche,NO2,2,-0.2940973268925307
T1_E2_Elda,O3,T2_E1_Elche,NO2,3,-0.217228577174779
T1_E2_Elda,O3,T2_E1_Elche,NO2,4,-0.15493452429906984
T1_E2_Elda,O3,T2_E1_Elche,NO2,5,-0.11440788232189171
T1_E2_Elda,O3,T2_E1_Elche,NO2,6,-0.09358623184916316
T1_E2_Elda,O3,T2_E1_Elche,NO2,7,-0.0889340782400841
T1_E2_Elda,O3,T2_E1_Elche,NO2,8,-0.09583005744243628
T1_E2_Elda,O3,T2_E1_Elche,NO2,9,-0.109890106348211
T1_E2_Elda,O3,T2_E1_Elche,NO2,10,-0.12587467974664446
T1_E2_Elda,O3,T2_E1_Elche,NO2,11,-0.137300523810897
T1_E2_Elda,O3,T2_E1_Elche,NO2,12,-0.13909603398874285
T1_E2_Elda,O3,T2_E1_Elche,NO2,13,-0.12882730589418626
T1_E2_Elda,O3,T2_E1_Elche,NO2,14,-0.1094007042245589
T1_E2_Elda,O3,T2_E1_Elche,NO2,15,-0.08952273847376142
T1_E2_Elda,O3,T2_E1_Elche,NO2,16,-0.07744116624936939
T1_E2_Elda,O3,T2_E1_Elche,NO2,17,-0.07626398089900588
T1_E2_Elda,O3,T2_E1_Elche,NO2,18,-0.08814203698775173
T1_E2_Elda,O3,T2_E1_Elche,NO2,19,-0.1134068191021688
T1_E2_Elda,O3,T2_E1_Elche,NO2,20,-0.15316824184658168
T1_E2_Elda,O3,T2_E1_Elche,NO2,21,-0.20482987117483487
T1_E2_Elda,O3,T2_E1_Elche,NO2,22,-0.26359059364342036
T1_E2_Elda,O3,T2_E1_Elche,NO2,23,-0.31423050506648575
T1_E2_Elda,O3,T2_E1_Elche,NO2,24,-0.3339218503507109
T1_E2_Elda,O3,T2_E1_Elche,NO2,25,-0.3088794948986727
T1_E2_Elda,O3,T2_E1_Elche,NO2,26,-0.2514544676907934
T1_E2_Elda,O3,T2_E1_Elche,NO2,27,-0.18747372265877169
T1_E2_Elda,O3,T2_E1_Elche,NO2,28,-0.13301118224482436
T1_E2_Elda,O3,T2_E1_Elche,NO2,29,-0.09559912885427721
T1_E2_Elda,O3,T2_E1_Elche,NO2,30,-0.07519412609616363
T1_E2_Elda,O3,T2_E1_Elche,NO2,31,-0.0702700904922608
T1_E2_Elda,O3,T2_E1_Elche,NO2,32,-0.07557404822126101
T1_E2_Elda,O3,T2_E1_Elche,NO2,33,-0.08602588657101291
T1_E2_Elda,O3,T2_E1_Elche,NO2,34,-0.09759819100844287
T1_E2_Elda,O3,T2_E1_Elche,NO2,35,-0.1057505013975613
T1_E2_Elda,O3,T2_E1_Elche,NO2,36,-0.10791481156169441
T1_E2_Elda,O3,T2_E1_Elche,NO2,37,-0.1007789608737936
T1_E2_Elda,O3,T2_E1_Elche,NO2,38,-0.08629833214822256
T1_E2_Elda,O3,T2_E1_Elche,NO2,39,-0.0705530281681219
T1_E2_Elda,O3,T2_E1_Elche,NO2,40,-0.0610717420587837
T1_E2_Elda,O3,T2_E1_Elche,NO2,41,-0.06131742919782509
T1_E2_Elda,O3,T2_E1_Elche,NO2,42,-0.0724055657853316
T1_E2_Elda,O3,T2_E1_Elche,NO2,43,-0.09514699114869736
T1_E2_Elda,O3,T2_E1_Elche,NO2,44,-0.1306065069391956
T1_E2_Elda,O3,T2_E1_Elche,NO2,45,-0.17810365330799957
T1_E2_Elda,O3,T2_E1_Elche,NO2,46,-0.23185884151886296
T1_E2_Elda,O3,T2_E1_Elche,NO2,47,-0.27876760626450386
T1_E2_Elda,O3,T2_E1_Elche,NO2,48,-0.29795719414808575
T1_E2_Elda,O3,T2_E1_Elche,NO2,49,-0.27817806721044175
T1_E2_Elda,O3,T2_E1_Elche,NO2,50,-0.23063635606334795
T1_E2_Elda,O3,T2_E1_Elche,NO2,51,-0.17434093638483922
T1_E2_Elda,O3,T2_E1_Elche,NO2,52,-0.12553850560637092
T1_E2_Elda,O3,T2_E1_Elche,NO2,53,-0.09245259626497548
T1_E2_Elda,O3,T2_E1_Elche,NO2,54,-0.07411940705430455
T1_E2_Elda,O3,T2_E1_Elche,NO2,55,-0.06945411664206744
T1_E2_Elda,O3,T2_E1_Elche,NO2,56,-0.07412440004825092
T1_E2_Elda,O3,T2_E1_Elche,NO2,57,-0.08498777108473353
T1_E2_Elda,O3,T2_E1_Elche,NO2,58,-0.09672294420782858
T1_E2_Elda,O3,T2_E1_Elche,NO2,59,-0.10535156157110152
T1_E2_Elda,O3,T2_E1_Elche,NO2,60,-0.10802796844994578
T1_E2_Elda,O3,T2_E1_Elche,NO2,61,-0.10240034849051777
T1_E2_Elda,O3,T2_E1_Elche,NO2,62,-0.08936731999714939
T1_E2_Elda,O3,T2_E1_Elche,NO2,63,-0.07630691614340776
T1_E2_Elda,O3,T2_E1_Elche,NO2,64,-0.06901463101544239
T1_E2_Elda,O3,T2_E1_Elche,NO2,65,-0.06974506722746387
T1_E2_Elda,O3,T2_E1_Elche,NO2,66,-0.08040104614737625
T1_E2_Elda,O3,T2_E1_Elche,NO2,67,-0.10367949437881693
T1_E2_Elda,O3,T2_E1_Elche,NO2,68,-0.1387683679322417
T1_E2_Elda,O3,T2_E1_Elche,NO2,69,-0.1843581974098284
T1_E2_Elda,O3,T2_E1_Elche,NO2,70,-0.23549114557546102
T1_E2_Elda,O3,T2_E1_Elche,NO2,71,-0.2789699650293386
T1_E2_Elda,O3,T2_E1_Elche,NO2,72,-0.2939738717095262
T1_E2_Elda,O3,T2_E1_Elche,O3,-72,0.6185420160782986
T1_E2_Elda,O3,T2_E1_Elche,O3,-71,0.6098348436391196
T1_E2_Elda,O3,T2_E1_Elche,O3,-70,0.5615459726489955
T1_E2_Elda,O3,T2_E1_Elche,O3,-69,0.48768135851898164
T1_E2_Elda,O3,T2_E1_Elche,O3,-68,0.40087312957763777
T1_E2_Elda,O3,T2_E1_Elche,O3,-67,0.3109742555796973
T1_E2_Elda,O3,T2_E1_Elche,O3,-66,0.22287702796878256
T1_E2_Elda,O3,T2_E1_Elche,O3,-65,0.13973664373877548
T1_E2_Elda,O3,T2_E1_Elche,O3,-64,0.06440409627869861
T1_E2_Elda,O3,T2_E1_Elche,O3,-63,-0.0008919009733558515
T1_E2_Elda,O3,T2_E1_Elche,O3,-62,-0.0548881564990451
T1_E2_Elda,O3,T2_E1_Elche,O3,-61,-0.09547973991626296
T1_E2_Elda,O3,T2_E1_Elche,O3,-60,-0.1201303380797077
T1_E2_Elda,O3,T2_E1_Elche,O3,-59,-0.1263076022814388
T1_E2_Elda,O3,T2_E1_Elche,O3,-58,-0.11287898853299495
T1_E2_Elda,O3,T2_E1_Elche,O3,-57,-0.07906537640381625
T1_E2_Elda,O3,T2_E1_Elche,O3,-56,-0.0251178082290304
T1_E2_Elda,O3,T2_E1_Elche,O3,-55,0.04597709685115448
T1_E2_Elda,O3,T2_E1_Elche,O3,-54,0.1319266182100986
T1_E2_Elda,O3,T2_E1_Elche,O3,-53,0.22889644396065373
T1_E2_Elda,O3,T2_E1_Elche,O3,-52,0.3318903427922713
T1_E2_Elda,O3,T2_E1_Elche,O3,-51,0.43432009791410425
T1_E2_Elda,O3,T2_E1_Elche,O3,-50,0.5284877584583355
T1_E2_Elda,O3,T2_E1_Elche,O3,-49,0.601530966998669
T1_E2_Elda,O3,T2_E1_Elche,O3,-48,0.6371087892100636
T1_E2_Elda,O3,T2_E1_Elche,O3,-47,0.6271560936977707
T1_E2_Elda,O3,T2_E1_Elche,O3,-46,0.5769735985408004
T1_E2_Elda,O3,T2_E1_Elche,O3,-45,0.5005652158877912
T1_E2_Elda,O3,T2_E1_Elche,O3,-44,0.4112765541376112
T1_E2_Elda,O3,T2_E1_Elche,O3,-43,0.3188877183812276
T1_E2_Elda,O3,T2_E1_Elche,O3,-42,0.2292245413842539
T1_E2_Elda,O3,T2_E1_Elche,O3,-41,0.14551598318874678
T1_E2_Elda,O3,T2_E1_Elche,O3,-40,0.07031183809460631
T1_E2_Elda,O3,T2_E1_Elche,O3,-39,0.005654819056157754
T1_E2_Elda,O3,T2_E1_Elche,O3,-38,-0.047238092699481184
T1_E2_Elda,O3,T2_E1_Elche,O3,-37,-0.08734969032878576
T1_E2_Elda,O3,T2_E1_Elche,O3,-36,-0.11125656215764274
T1_E2_Elda,O3,T2_E1_Elche,O3,-35,-0.11656848747627271
T1_E2_Elda,O3,T2_E1_Elche,O3,-34,-0.10204449440123238
T1_E2_Elda,O3,T2_E1_Elche,O3,-33,-0.06731085199009573
T1_E2_Elda,O3,T2_E1_Elche,O3,-32,-0.013415073449227696
T1_E2_Elda,O3,T2_E1_Elche,O3,-31,0.057789694211888495
T1_E2_Elda,O3,T2_E1_Elche,O3,-30,0.14444701189753065
T1_E2_Elda,O3,T2_E1_Elche,O3,-29,0.2427952962589671
T1_E2_Elda,O3,T2_E1_Elche,O3,-28,0.3483460860043168
T1_E2_Elda,O3,T2_E1_Elche,O3,-27,0.4548164282947488
T1_E2_Elda,O3,T2_E1_Elche,O3,-26,0.5531878739636287
T1_E2_Elda,O3,T2_E1_Elche,O3,-25,0.6306327013176156
T1_E2_Elda,O3,T2_E1_Elche,O3,-24,0.6708318177626884
T1_E2_Elda,O3,T2_E1_Elche,O3,-23,0.6626689231246304
T1_E2_Elda,O3,T2_E1_Elche,O3,-22,0.6117524414028858
T1_E2_Elda,O3,T2_E1_Elche,O3,-21,0.5335122689237509
T1_E2_Elda,O3,T2_E1_Elche,O3,-20,0.4421968013486259
T1_E2_Elda,O3,T2_E1_Elche,O3,-19,0.3480243976300617
T1_E2_Elda,O3,T2_E1_Elche,O3,-18,0.2566899478225957
T1_E2_Elda,O3,T2_E1_Elche,O3,-17,0.1715773275534818
T1_E2_Elda,O3,T2_E1_Elche,O3,-16,0.09484003621315677
T1_E2_Elda,O3,T2_E1_Elche,O3,-15,0.028485734455216575
T1_E2_Elda,O3,T2_E1_Elche,O3,-14,-0.024923886793549788
T1_E2_Elda,O3,T2_E1_Elche,O3,-13,-0.06376831881730542
T1_E2_Elda,O3,T2_E1_Elche,O3,-12,-0.08596293690594549
T1_E2_Elda,O3,T2_E1_Elche,O3,-11,-0.08934718676247624
T1_E2_Elda,O3,T2_E1_Elche,O3,-10,-0.07252716261625228
T1_E2_Elda,O3,T2_E1_Elche,O3,-9,-0.03552752666881568
T1_E2_Elda,O3,T2_E1_Elche,O3,-8,0.021833453374214454
T1_E2_Elda,O3,T2_E1_Elche,O3,-7,0.09939585168121126
T1_E2_Elda,O3,T2_E1_Elche,O3,-6,0.1951122101142157
T1_E2_Elda,O3,T2_E1_Elche,O3,-5,0.30559974342773405
T1_E2_Elda,O3,T2_E1_Elche,O3,-4,0.4251238173456073
T1_E2_Elda,O3,T2_E1_Elche,O3,-3,0.5470156929826056
T1_E2_Elda,O3,T2_E1_Elche,O3,-2,0.6626388102911487
T1_E2_Elda,O3,T2_E1_Elche,O3,-1,0.7551888573690078
T1_E2_Elda,O3,T2_E1_Elche,O3,0,0.803090606571467
T1_E2_Elda,O3,T2_E1_Elche,O3,1,0.791857272483671
T1_E2_Elda,O3,T2_E1_Elche,O3,2,0.7285847873647008
T1_E2_Elda,O3,T2_E1_Elche,O3,3,0.6349996034592924
T1_E2_Elda,O3,T2_E1_Elche,O3,4,0.5287176712521849
T1_E2_Elda,O3,T2_E1_Elche,O3,5,0.4216548038306266
T1_E2_Elda,O3,T2_E1_Elche,O3,6,0.3186434237504107
T1_E2_Elda,O3,T2_E1_Elche,O3,7,0.2229060553740608
T1_E2_Elda,O3,T2_E1_Elche,O3,8,0.136465447358348
T1_E2_Elda,O3,T2_E1_Elche,O3,9,0.06222796154008658
T1_E2_Elda,O3,T2_E1_Elche,O3,10,0.0020029173326995106
T1_E2_Elda,O3,T2_E1_Elche,O3,11,-0.042955719581136954
T1_E2_Elda,O3,T2_E1_Elche,O3,12,-0.07066259440763681
T1_E2_Elda,O3,T2_E1_Elche,O3,13,-0.07886067983785129
T1_E2_Elda,O3,T2_E1_Elche,O3,14,-0.06723797881546455
T1_E2_Elda,O3,T2_E1_Elche,O3,15,-0.03466220170339584
T1_E2_Elda,O3,T2_E1_Elche,O3,16,0.018970611565789178
T1_E2_Elda,O3,T2_E1_Elche,O3,17,0.09051454579061455
T1_E2_Elda,O3,T2_E1_Elche,O3,18,0.17800821770250674
T1_E2_Elda,O3,T2_E1_Elche,O3,19,0.27705207664839643
T1_E2_Elda,O3,T2_E1_Elche,O3,20,0.38279146486667553
T1_E2_Elda,O3,T2_E1_Elche,O3,21,0.4882576735956176
T1_E2_Elda,O3,T2_E1_Elche,O3,22,0.5859316445478915
T1_E2_Elda,O3,T2_E1_Elche,O3,23,0.6612818840266457
T1_E2_Elda,O3,T2_E1_Elche,O3,24,0.6973681340202513
T1_E2_Elda,O3,T2_E1_Elche,O3,25,0.6840173353307362
T1_E2_Elda,O3,T2_E1_Elche,O3,26,0.6266311638903854
T1_E2_Elda,O3,T2_E1_Elche,O3,27,0.5416611889588042
T1_E2_Elda,O3,T2_E1_Elche,O3,28,0.44452023200224566
T1_E2_Elda,O3,T2_E1_Elche,O3,29,0.3456973053436759
T1_E2_Elda,O3,T2_E1_Elche,O3,30,0.25064404860074496
T1_E2_Elda,O3,T2_E1_Elche,O3,31,0.16250950698769767
T1_E2_Elda,O3,T2_E1_Elche,O3,32,0.08305032716661055
T1_E2_Elda,O3,T2_E1_Elche,O3,33,0.013964192758165767
T1_E2_Elda,O3,T2_E1_Elche,O3,34,-0.04262385929604122
T1_E2_Elda,O3,T2_E1_Elche,O3,35,-0.08469770386937685
T1_E2_Elda,O3,T2_E1_Elche,O3,36,-0.10928105699756042
T1_E2_Elda,O3,T2_E1_Elche,O3,37,-0.1148705666274343
T1_E2_Elda,O3,T2_E1_Elche,O3,38,-0.10108438768736255
T1_E2_Elda,O3,T2_E1_Elche,O3,39,-0.06723026213464631
T1_E2_Elda,O3,T2_E1_Elche,O3,40,-0.014138951637883493
T1_E2_Elda,O3,T2_E1_Elche,O3,41,0.056303614937137494
T1_E2_Elda,O3,T2_E1_Elche,O3,42,0.1409463135271629
T1_E2_Elda,O3,T2_E1_Elche,O3,43,0.23624180784573368
T1_E2_Elda,O3,T2_E1_Elche,O3,44,0.33749909041146336
T1_E2_Elda,O3,T2_E1_Elche,O3,45,0.4387458250224902
T1_E2_Elda,O3,T2_E1_Elche,O3,46,0.5315073363129725
T1_E2_Elda,O3,T2_E1_Elche,O3,47,0.6037084034327542
T1_E2_Elda,O3,T2_E1_Elche,O3,48,0.6408328076612044
T1_E2_Elda,O3,T2_E1_Elche,O3,49,0.6328118219302786
T1_E2_Elda,O3,T2_E1_Elche,O3,50,0.5843634564867248
T1_E2_Elda,O3,T2_E1_Elche,O3,51,0.5079177872220736
T1_E2_Elda,O3,T2_E1_Elche,O3,52,0.41771947505478524
T1_E2_Elda,O3,T2_E1_Elche,O3,53,0.32463580536699804
T1_E2_Elda,O3,T2_E1_Elche,O3,54,0.23416395483075603
T1_E2_Elda,O3,T2_E1_Elche,O3,55,0.1495090771209057
T1_E2_Elda,O3,T2_E1_Elche,O3,56,0.07265891937313623
T1_E2_Elda,O3,T2_E1_Elche,O3,57,0.005352332954147595
T1_E2_Elda,O3,T2_E1_Elche,O3,58,-0.04968291144681486
T1_E2_Elda,O3,T2_E1_Elche,O3,59,-0.08964030464244317
T1_E2_Elda,O3,T2_E1_Elche,O3,60,-0.11182099806490427
T1_E2_Elda,O3,T2_E1_Elche,O3,61,-0.11505652386557665
T1_E2_Elda,O3,T2_E1_Elche,O3,62,-0.0997307829396062
T1_E2_Elda,O3,T2_E1_Elche,O3,63,-0.06575817643950758
T1_E2_Elda,O3,T2_E1_Elche,O3,64,-0.013005811803443259
T1_E2_Elda,O3,T2_E1_Elche,O3,65,0.05617948238298172
T1_E2_Elda,O3,T2_E1_Elche,O3,66,0.13961948252236805
T1_E2_Elda,O3,T2_E1_Elche,O3,67,0.23451172364030992
T1_E2_Elda,O3,T2_E1_Elche,O3,68,0.3350632542030005
T1_E2_Elda,O3,T2_E1_Elche,O3,69,0.43477892477353813
T1_E2_Elda,O3,T2_E1_Elche,O3,70,0.525204870957742
T1_E2_Elda,O3,T2_E1_Elche,O3,71,0.595061335316213
T1_E2_Elda,O3,T2_E1_Elche,O3,72,0.6292040518647747
T2_E1_Elche,NO,T1_E1_Alicante,NO,-72,0.20628232979059755
T2_E1_Elche,NO,T1_E1_Alicante,NO,-71,0.16703150425758645
T2_E1_Elche,NO,T1_E1_Alicante,NO,-70,0.10380863369086785
T2_E1_Elche,NO,T1_E1_Alicante,NO,-69,0.052366591261186604
T2_E1_Elche,NO,T1_E1_Alicante,NO,-68,0.01596783368430757
T2_E1_Elche,NO,T1_E1_Alicante,NO,-67,-0.015426364483540627
T2_E1_Elche,NO,T1_E1_Alicante,NO,-66,-0.03358895439803519
T2_E1_Elche,NO,T1_E1_Alicante,NO,-65,-0.03439605617974679
T2_E1_Elche,NO,T1_E1_Alicante,NO,-64,-0.016506419206691377
T2_E1_Elche,NO,T1_E1_Alicante,NO,-63,0.029144274546951954
T2_E1_Elche,NO,T1_E1_Alicante,NO,-62,0.1022491901972241
T2_E1_Elche,NO,T1_E1_Alicante,NO,-61,0.17585076570637803
T2_E1_Elche,NO,T1_E1_Alicante,NO,-60,0.23305028377565026
T2_E1_Elche,NO,T1_E1_Alicante,NO,-59,0.21874786456710046
T2_E1_Elche,NO,T1_E1_Alicante,NO,-58,0.13967682874693685
T2_E1_Elche,NO,T1_E1_Alicante,NO,-57,0.06369703965022967
T2_E1_Elche,NO,T1_E1_Alicante,NO,-56,0.006720021847799255
T2_E1_Elche,NO,T1_E1_Alicante,NO,-55,-0.024883752036380203
T2_E1_Elche,NO,T1_E1_Alicante,NO,-54,-0.03571703554404409
T2_E1_Elche,NO,T1_E1_Alicante,NO,-53,-0.03192186574252861
T2_E1_Elche,NO,T1_E1_Alicante,NO,-52,-0.013926060236344037
T2_E1_Elche,NO,T1_E1_Alicante,NO,-51,0.02388528416376984
T2_E1_Elche,NO,T1_E1_Alicante,NO,-50,0.10627309174704751
T2_E1_Elche,NO,T1_E1_Alicante,NO,-49,0.2058804322724137
T2_E1_Elche,NO,T1_E1_Alicante,NO,-48,0.2526267667749248
T2_E1_Elche,NO,T1_E1_Alicante,NO,-47,0.21501770339554285
T2_E1_Elche,NO,T1_E1_Alicante,NO,-46,0.13205060350233006
T2_E1_Elche,NO,T1_E1_Alicante,NO,-45,0.062252262299309545
T2_E1_Elche,NO,T1_E1_Alicante,NO,-44,0.01442186918804808
T2_E1_Elche,NO,T1_E1_Alicante,NO,-43,-0.020397378807177846
T2_E1_Elche,NO,T1_E1_Alicante,NO,-42,-0.03593476907955943
T2_E1_Elche,NO,T1_E1_Alicante,NO,-41,-0.036110266879500176
T2_E1_Elche,NO,T1_E1_Alicante,NO,-40,-0.02400735260565793
T2_E1_Elche,NO,T1_E1_Alicante,NO,-39,0.011581388406500746
T2_E1_Elche,NO,T1_E1_Alicante,NO,-38,0.07375569316519542
T2_E1_Elche,NO,T1_E1_Alicante,NO,-37,0.16075971511250695
T2_E1_Elche,NO,T1_E1_Alicante,NO,-36,0.23467242935135968
T2_E1_Elche,NO,T1_E1_Alicante,NO,-35,0.22157936844200352
T2_E1_Elche,NO,T1_E1_Alicante,NO,-34,0.14047754126426196
T2_E1_Elche,NO,T1_E1_Alicante,NO,-33,0.06508318084308444
T2_E1_Elche,NO,T1_E1_Alicante,NO,-32,0.0097893910760995
T2_E1_Elche,NO,T1_E1_Alicante,NO,-31,-0.019579213383533692
T2_E1_Elche,NO,T1_E1_Alicante,NO,-30,-0.03344776479658604
T2_E1_Elche,NO,T1_E1_Alicante,NO,-29,-0.029438957762570498
T2_E1_Elche,NO,T1_E1_Alicante,NO,-28,-0.009939992780042215
T2_E1_Elche,NO,T1_E1_Alicante,NO,-27,0.03696701696236394
T2_E1_Elche,NO,T1_E1_Alicante,NO,-26,0.12141802493444401
T2_E1_Elche,NO,T1_E1_Alicante,NO,-25,0.2209078995070589
T2_E1_Elche,NO,T1_E1_Alicante,NO,-24,0.26781086570405427
T2_E1_Elche,NO,T1_E1_Alicante,NO,-23,0.23654666093856463
T2_E1_Elche,NO,T1_E1_Alicante,NO,-22,0.15827699411531815
T2_E1_Elche,NO,T1_E1_Alicante,NO,-21,0.07874123926252648
T2_E1_Elche,NO,T1_E1_Alicante,NO,-20,0.016916252469248768
T2_E1_Elche,NO,T1_E1_Alicante,NO,-19,-0.017018319946718208
T2_E1_Elche,NO,T1_E1_Alicante,NO,-18,-0.029223385544977762
T2_E1_Elche,NO,T1_E1_Alicante,NO,-17,-0.029536647885734738
T2_E1_Elche,NO,T1_E1_Alicante,NO,-16,-0.006271446595919067
T2_E1_Elche,NO,T1_E1_Alicante,NO,-15,0.04953370053079875
T2_E1_Elche,NO,T1_E1_Alicante,NO,-14,0.14923477758171413
T2_E1_Elche,NO,T1_E1_Alicante,NO,-13,0.2832433149999311
T2_E1_Elche,NO,T1_E1_Alicante,NO,-12,0.37244150745468085
T2_E1_Elche,NO,T1_E1_Alicante,NO,-11,0.3553124277900001
T2_E1_Elche,NO,T1_E1_Alicante,NO,-10,0.25146407282755845
T2_E1_Elche,NO,T1_E1_Alicante,NO,-9,0.13466037224538008
T2_E1_Elche,NO,T1_E1_Alicante,NO,-8,0.04645020882647007
T2_E1_Elche,NO,T1_E1_Alicante,NO,-7,-0.0007106820618717748
T2_E1_Elche,NO,T1_E1_Alicante,NO,-6,-0.01902643593940783
T2_E1_Elche,NO,T1_E1_Alicante,NO,-5,-0.013422334957438707
T2_E1_Elche,NO,T1_E1_Alicante,NO,-4,0.016121188726429998
T2_E1_Elche,NO,T1_E1_Alicante,NO,-3,0.08817690366015041
T2_E1_Elche,NO,T1_E1_Alicante,NO,-2,0.24209200786832885
T2_E1_Elche,NO,T1_E1_Alicante,NO,-1,0.4628566479226495
T2_E1_Elche,NO,T1_E1_Alicante,NO,0,0.5989976160044106
T2_E1_Elche,NO,T1_E1_Alicante,NO,1,0.5211070716801747
T2_E1_Elche,NO,T1_E1_Alicante,NO,2,0.3569584762443295
T2_E1_Elche,NO,T1_E1_Alicante,NO,3,0.21028176802098594
T2_E1_Elche,NO,T1_E1_Alicante,NO,4,0.09440533153621321
T2_E1_Elche,NO,T1_E1_Alicante,NO,5,0.030682983109173338
T2_E1_Elche,NO,T1_E1_Alicante,NO,6,-0.003805196591314626
T2_E1_Elche,NO,T1_E1_Alicante,NO,7,-0.014756500902307769
T2_E1_Elche,NO,T1_E1_Alicante,NO,8,0.0010092889172427207
T2_E1_Elche,NO,T1_E1_Alicante,NO,9,0.04436340390582668
T2_E1_Elche,NO,T1_E1_Alicante,NO,10,0.13026636279968665
T2_E1_Elche,NO,T1_E1_Alicante,NO,11,0.249640866218149
T2_E1_Elche,NO,T1_E1_Alicante,NO,12,0.3352386983161653
T2_E1_Elche,NO,T1_E1_Alicante,NO,13,0.32070752257034624
T2_E1_Elche,NO,T1_E1_Alicante,NO,14,0.22646296275179706
T2_E1_Elche,NO,T1_E1_Alicante,NO,15,0.11390877137105158
T2_E1_Elche,NO,T1_E1_Alicante,NO,16,0.02883615908909749
T2_E1_Elche,NO,T1_E1_Alicante,NO,17,-0.013687008972476522
T2_E1_Elche,NO,T1_E1_Alicante,NO,18,-0.030563788437759077
T2_E1_Elche,NO,T1_E1_Alicante,NO,19,-0.0268474206167147
T2_E1_Elche,NO,T1_E1_Alicante,NO,20,-0.005977150294225318
T2_E1_Elche,NO,T1_E1_Alicante,NO,21,0.04002412032959263
T2_E1_Elche,NO,T1_E1_Alicante,NO,22,0.1172498932892322
T2_E1_Elche,NO,T1_E1_Alicante,NO,23,0.23317502410482924
T2_E1_Elche,NO,T1_E1_Alicante,NO,24,0.317737263931631
T2_E1_Elche,NO,T1_E1_Alicante,NO,25,0.27759106421397495
T2_E1_Elche,NO,T1_E1_Alicante,NO,26,0.1743537381034947
T2_E1_Elche,NO,T1_E1_Alicante,NO,27,0.09604518567587025
T2_E1_Elche,NO,T1_E1_Alicante,NO,28,0.03451540418098603
T2_E1_Elche,NO,T1_E1_Alicante,NO,29,-0.008868185729809217
T2_E1_Elche,NO,T1_E1_Alicante,NO,30,-0.026897000416296547
T2_E1_Elche,NO,T1_E1_Alicante,NO,31,-0.027117690749611883
T2_E1_Elche,NO,T1_E1_Alicante,NO,32,-0.013590020840953579
T2_E1_Elche,NO,T1_E1_Alicante,NO,33,0.017698998596160156
T2_E1_Elche,NO,T1_E1_Alicante,NO,34,0.08653595212964832
T2_E1_Elche,NO,T1_E1_Alicante,NO,35,0.16617660974434809
T2_E1_Elche,NO,T1_E1_Alicante,NO,36,0.208972551362228
T2_E1_Elche,NO,T1_E1_Alicante,NO,37,0.20123297396825482
T2_E1_Elche,NO,T1_E1_Alicante,NO,38,0.1370712658842525
T2_E1_Elche,NO,T1_E1_Alicante,NO,39,0.06139287356052848
T2_E1_Elche,NO,T1_E1_Alicante,NO,40,0.0062935621823940685
T2_E1_Elche,NO,T1_E1_Alicante,NO,41,-0.023514130184560323
T2_E1_Elche,NO,T1_E1_Alicante,NO,42,-0.03491922228014589
T2_E1_Elche,NO,T1_E1_Alicante,NO,43,-0.030628707105513905
T2_E1_Elche,NO,T1_E1_Alicante,NO,44,-0.010772811231002885
T2_E1_Elche,NO,T1_E1_Alicante,NO,45,0.03475964584028788
T2_E1_Elche,NO,T1_E1_Alicante,NO,46,0.1216116922477208
T2_E1_Elche,NO,T1_E1_Alicante,NO,47,0.21779093643915276
T2_E1_Elche,NO,T1_E1_Alicante,NO,48,0.26073637168986846
T2_E1_Elche,NO,T1_E1_Alicante,NO,49,0.22554558349761783
T2_E1_Elche,NO,T1_E1_Alicante,NO,50,0.1403630078929731
T2_E1_Elche,NO,T1_E1_Alicante,NO,51,0.06669812353722764
T2_E1_Elche,NO,T1_E1_Alicante,NO,52,0.013245317414553598
T2_E1_Elche,NO,T1_E1_Alicante,NO,53,-0.020843611768809864
T2_E1_Elche,NO,T1_E1_Alicante,NO,54,-0.03271910932918237
T2_E1_Elche,NO,T1_E1_Alicante,NO,55,-0.03172903246700343
T2_E1_Elche,NO,T1_E1_Alicante,NO,56,-0.01920548650952691
T2_E1_Elche,NO,T1_E1_Alicante,NO,57,0.01024833561515776
T2_E1_Elche,NO,T1_E1_Alicante,NO,58,0.06529549209452333
T2_E1_Elche,NO,T1_E1_Alicante,NO,59,0.1342802129998974
T2_E1_Elche,NO,T1_E1_Alicante,NO,60,0.1722071121667806
T2_E1_Elche,NO,T1_E1_Alicante,NO,61,0.1673697897728876
T2_E1_Elche,NO,T1_E1_Alicante,NO,62,0.11399506474099837
T2_E1_Elche,NO,T1_E1_Alicante,NO,63,0.04557994365918931
T2_E1_Elche,NO,T1_E1_Alicante,NO,64,-0.004872323474246468
T2_E1_Elche,NO,T1_E1_Alicante,NO,65,-0.02929421691294844
T2_E1_Elche,NO,T1_E1_Alicante,NO,66,-0.03670335905453089
T2_E1_Elche,NO,T1_E1_Alicante,NO,67,-0.030659983042979295
T2_E1_Elche,NO,T1_E1_Alicante,NO,68,-0.013476275905850474
T2_E1_Elche,NO,T1_E1_Alicante,NO,69,0.01963555877667925
T2_E1_Elche,NO,T1_E1_Alicante,NO,70,0.08785218600645946
T2_E1_Elche,NO,T1_E1_Alicante,NO,71,0.17723873235494
T2_E1_Elche,NO,T1_E1_Alicante,NO,72,0.2144402376657682
T2_E1_Elche,NO,T1_E1_Alicante,NO2,-72,0.2690204121973478
T2_E1_Elche,NO,T1_E1_Alicante,NO2,-71,0.22449318229258594
T2_E1_Elche,NO,T1_E1_Alicante,NO2,-70,0.14630874390544613
T2_E1_Elche,NO,T1_E1_Alicante,NO2,-69,0.07305078993025044
T2_E1_Elche,NO,T1_E1_Alicante,NO2,-68,0.01810982612866578
T2_E1_Elche,NO,T1_E1_Alicante,NO2,-67,-0.018361949515025705
T2_E1_Elche,NO,T1_E1_Alicante,NO2,-66,-0.033446539875486625
T2_E1_Elche,NO,T1_E1_Alicante,NO2,-65,-0.032679371279689236
T2_E1_Elche,NO,T1_E1_Alicante,NO2,-64,-0.007642588794017383
T2_E1_Elche,NO,T1_E1_Alicante,NO2,-63,0.04910222280509235
T2_E1_Elche,NO,T1_E1_Alicante,NO2,-62,0.12453640268173216
T2_E1_Elche,NO,T1_E1_Alicante,NO2,-61,0.1851974060034219
T2_E1_Elche,NO,T1_E1_Alicante,NO2,-60,0.2128749693109705
T2_E1_Elche,NO,T1_E1_Alicante,NO2,-59,0.19358947932857307
T2_E1_Elche,NO,T1_E1_Alicante,NO2,-58,0.14299373245424046
T2_E1_Elche,NO,T1_E1_Alicante,NO2,-57,0.08125259175119082
T2_E1_Elche,NO,T1_E1_Alicante,NO2,-56,0.022420357267316747
T2_E1_Elche,NO,T1_E1_Alicante,NO2,-55,-0.022178224591525537
T2_E1_Elche,NO,T1_E1_Alicante,NO2,-54,-0.0424184693356377
T2_E1_Elche,NO,T1_E1_Alicante,NO2,-53,-0.03910630894327732
T2_E1_Elche,NO,T1_E1_Alicante,NO2,-52,-0.010055679644390183
T2_E1_Elche,NO,T1_E1_Alicante,NO2,-51,0.05471119027841723
T2_E1_Elche,NO,T1_E1_Alicante,NO2,-50,0.1561108385703039
T2_E1_Elche,NO,T1_E1_Alicante,NO2,-49,0.254462480701005
T2_E1_Elche,NO,T1_E1_Alicante,NO2,-48,0.2872092133711305
T2_E1_Elche,NO,T1_E1_Alicante,NO2,-47,0.24141644456859612
T2_E1_Elche,NO,T1_E1_Alicante,NO2,-46,0.1557356647778856
T2_E1_Elche,NO,T1_E1_Alicante,NO2,-45,0.07281024442214797
T2_E1_Elche,NO,T1_E1_Alicante,NO2,-44,0.01208608147402962
T2_E1_Elche,NO,T1_E1_Alicante,NO2,-43,-0.023970731722193963
T2_E1_Elche,NO,T1_E1_Alicante,NO2,-42,-0.039320495665350265
T2_E1_Elche,NO,T1_E1_Alicante,NO2,-41,-0.03632075791092739
T2_E1_Elche,NO,T1_E1_Alicante,NO2,-40,-0.011542911253201506
T2_E1_Elche,NO,T1_E1_Alicante,NO2,-39,0.04236199510024541
T2_E1_Elche,NO,T1_E1_Alicante,NO2,-38,0.11724505045451811
T2_E1_Elche,NO,T1_E1_Alicante,NO2,-37,0.1877298883381819
T2_E1_Elche,NO,T1_E1_Alicante,NO2,-36,0.22096776416226982
T2_E1_Elche,NO,T1_E1_Alicante,NO2,-35,0.20307150031444113
T2_E1_Elche,NO,T1_E1_Alicante,NO2,-34,0.14898909729294127
T2_E1_Elche,NO,T1_E1_Alicante,NO2,-33,0.08692297777711828
T2_E1_Elche,NO,T1_E1_Alicante,NO2,-32,0.026720660592210253
T2_E1_Elche,NO,T1_E1_Alicante,NO2,-31,-0.01921412325826701
T2_E1_Elche,NO,T1_E1_Alicante,NO2,-30,-0.0422416565482463
T2_E1_Elche,NO,T1_E1_Alicante,NO2,-29,-0.036420049683424036
T2_E1_Elche,NO,T1_E1_Alicante,NO2,-28,0.00033656269674470115
T2_E1_Elche,NO,T1_E1_Alicante,NO2,-27,0.07760148736417086
T2_E1_Elche,NO,T1_E1_Alicante,NO2,-26,0.1868061945432744
T2_E1_Elche,NO,T1_E1_Alicante,NO2,-25,0.2873441124267476
T2_E1_Elche,NO,T1_E1_Alicante,NO2,-24,0.32266545354210874
T2_E1_Elche,NO,T1_E1_Alicante,NO2,-23,0.27743963488208895
T2_E1_Elche,NO,T1_E1_Alicante,NO2,-22,0.18956714450385873
T2_E1_Elche,NO,T1_E1_Alicante,NO2,-21,0.10422045990438218
T2_E1_Elche,NO,T1_E1_Alicante,NO2,-20,0.03967394464586405
T2_E1_Elche,NO,T1_E1_Alicante,NO2,-19,0.0003015955068069093
T2_E1_Elche,NO,T1_E1_Alicante,NO2,-18,-0.014886789062791431
T2_E1_Elche,NO,T1_E1_Alicante,NO2,-17,-0.009871931461572196
T2_E1_Elche,NO,T1_E1_Alicante,NO2,-16,0.023572291930241383
T2_E1_Elche,NO,T1_E1_Alicante,NO2,-15,0.08949576918267958
T2_E1_Elche,NO,T1_E1_Alicante,NO2,-14,0.17716823829911887
T2_E1_Elche,NO,T1_E1_Alicante,NO2,-13,0.2638134002609783
T2_E1_Elche,NO,T1_E1_Alicante,NO2,-12,0.30767793931482046
T2_E1_Elche,NO,T1_E1_Alicante,NO2,-11,0.2942956569932449
T2_E1_Elche,NO,T1_E1_Alicante,NO2,-10,0.2356944199792973
T2_E1_Elche,NO,T1_E1_Alicante,NO2,-9,0.16270889944174327
T2_E1_Elche,NO,T1_E1_Alicante,NO2,-8,0.0910566612547622
T2_E1_Elche,NO,T1_E1_Alicante,NO2,-7,0.04076819824919871
T2_E1_Elche,NO,T1_E1_Alicante,NO2,-6,0.015583435901185903
T2_E1_Elche,NO,T1_E1_Alicante,NO2,-5,0.022430715747006072
T2_E1_Elche,NO,T1_E1_Alicante,NO2,-4,0.06760831536359191
T2_E1_Elche,NO,T1_E1_Alicante,NO2,-3,0.16476388190078844
T2_E1_Elche,NO,T1_E1_Alicante,NO2,-2,0.31830645511034256
T2_E1_Elche,NO,T1_E1_Alicante,NO2,-1,0.4758076922034137
T2_E1_Elche,NO,T1_E1_Alicante,NO2,0,0.5247596638875307
T2_E1_Elche,NO,T1_E1_Alicante,NO2,1,0.4424291955302741
T2_E1_Elche,NO,T1_E1_Alicante,NO2,2,0.3158565114452515
T2_E1_Elche,NO,T1_E1_Alicante,NO2,3,0.20336794050830695
T2_E1_Elche,NO,T1_E1_Alicante,NO2,4,0.11668539596939448
T2_E1_Elche,NO,T1_E1_Alicante,NO2,5,0.06382317791643186
T2_E1_Elche,NO,T1_E1_Alicante,NO2,6,0.03853108160874466
T2_E1_Elche,NO,T1_E1_Alicante,NO2,7,0.034337883836275514
T2_E1_Elche,NO,T1_E1_Alicante,NO2,8,0.05722961807250616
T2_E1_Elche,NO,T1_E1_Alicante,NO2,9,0.11099684574871203
T2_E1_Elche,NO,T1_E1_Alicante,NO2,10,0.1874723663870676
T2_E1_Elche,NO,T1_E1_Alicante,NO2,11,0.25751547169842953
T2_E1_Elche,NO,T1_E1_Alicante,NO2,12,0.28350594231376086
T2_E1_Elche,NO,T1_E1_Alicante,NO2,13,0.2605912185042697
T2_E1_Elche,NO,T1_E1_Alicante,NO2,14,0.20854629154721474
T2_E1_Elche,NO,T1_E1_Alicante,NO2,15,0.14228086585565794
T2_E1_Elche,NO,T1_E1_Alicante,NO2,16,0.07518066225768115
T2_E1_Elche,NO,T1_E1_Alicante,NO2,17,0.02421479972116502
T2_E1_Elche,NO,T1_E1_Alicante,NO2,18,-0.006831129390520369
T2_E1_Elche,NO,T1_E1_Alicante,NO2,19,-0.008924585774816375
T2_E1_Elche,NO,T1_E1_Alicante,NO2,20,0.022325018682798018
T2_E1_Elche,NO,T1_E1_Alicante,NO2,21,0.09072599251313633
T2_E1_Elche,NO,T1_E1_Alicante,NO2,22,0.1915276071054559
T2_E1_Elche,NO,T1_E1_Alicante,NO2,23,0.2867145222179086
T2_E1_Elche,NO,T1_E1_Alicante,NO2,24,0.3142391347019445
T2_E1_Elche,NO,T1_E1_Alicante,NO2,25,0.260955163407798
T2_E1_Elche,NO,T1_E1_Alicante,NO2,26,0.17659860424583199
T2_E1_Elche,NO,T1_E1_Alicante,NO2,27,0.10051171886820466
T2_E1_Elche,NO,T1_E1_Alicante,NO2,28,0.04183513033944374
T2_E1_Elche,NO,T1_E1_Alicante,NO2,29,0.003903145917503549
T2_E1_Elche,NO,T1_E1_Alicante,NO2,30,-0.013450710308508243
T2_E1_Elche,NO,T1_E1_Alicante,NO2,31,-0.010744064267008949
T2_E1_Elche,NO,T1_E1_Alicante,NO2,32,0.013756612711098803
T2_E1_Elche,NO,T1_E1_Alicante,NO2,33,0.06133795554332764
T2_E1_Elche,NO,T1_E1_Alicante,NO2,34,0.12885981598066043
T2_E1_Elche,NO,T1_E1_Alicante,NO2,35,0.19242255191052798
T2_E1_Elche,NO,T1_E1_Alicante,NO2,36,0.22115928084267678
T2_E1_Elche,NO,T1_E1_Alicante,NO2,37,0.20599245795704405
T2_E1_Elche,NO,T1_E1_Alicante,NO2,38,0.15810736563017502
T2_E1_Elche,NO,T1_E1_Alicante,NO2,39,0.09668929500505855
T2_E1_Elche,NO,T1_E1_Alicante,NO2,40,0.04044369032679191
T2_E1_Elche,NO,T1_E1_Alicante,NO2,41,-0.00014886935791201655
T2_E1_Elche,NO,T1_E1_Alicante,NO2,42,-0.022888397837784912
T2_E1_Elche,NO,T1_E1_Alicante,NO2,43,-0.024110893378022445
T2_E1_Elche,NO,T1_E1_Alicante,NO2,44,0.001949648360241188
T2_E1_Elche,NO,T1_E1_Alicante,NO2,45,0.06552769690130267
T2_E1_Elche,NO,T1_E1_Alicante,NO2,46,0.16458469695234962
T2_E1_Elche,NO,T1_E1_Alicante,NO2,47,0.25776077485278115
T2_E1_Elche,NO,T1_E1_Alicante,NO2,48,0.2911282758126037
T2_E1_Elche,NO,T1_E1_Alicante,NO2,49,0.2531389286846478
T2_E1_Elche,NO,T1_E1_Alicante,NO2,50,0.17958324132630984
T2_E1_Elche,NO,T1_E1_Alicante,NO2,51,0.10255635722174741
T2_E1_Elche,NO,T1_E1_Alicante,NO2,52,0.040842255458636845
T2_E1_Elche,NO,T1_E1_Alicante,NO2,53,-0.0005332607634534901
T2_E1_Elche,NO,T1_E1_Alicante,NO2,54,-0.018309751751503057
T2_E1_Elche,NO,T1_E1_Alicante,NO2,55,-0.016363123081552418
T2_E1_Elche,NO,T1_E1_Alicante,NO2,56,0.003987263849112838
T2_E1_Elche,NO,T1_E1_Alicante,NO2,57,0.04586878997434563
T2_E1_Elche,NO,T1_E1_Alicante,NO2,58,0.1097966616937373
T2_E1_Elche,NO,T1_E1_Alicante,NO2,59,0.16975555385112598
T2_E1_Elche,NO,T1_E1_Alicante,NO2,60,0.1941512129624846
T2_E1_Elche,NO,T1_E1_Alicante,NO2,61,0.18062879581105434
T2_E1_Elche,NO,T1_E1_Alicante,NO2,62,0.13561994374101802
T2_E1_Elche,NO,T1_E1_Alicante,NO2,63,0.07630777488121021
T2_E1_Elche,NO,T1_E1_Alicante,NO2,64,0.019981638248225773
T2_E1_Elche,NO,T1_E1_Alicante,NO2,65,-0.019655869830038447
T2_E1_Elche,NO,T1_E1_Alicante,NO2,66,-0.04183017732254451
T2_E1_Elche,NO,T1_E1_Alicante,NO2,67,-0.041104982222847065
T2_E1_Elche,NO,T1_E1_Alicante,NO2,68,-0.015941810188757406
T2_E1_Elche,NO,T1_E1_Alicante,NO2,69,0.040589879777486605
T2_E1_Elche,NO,T1_E1_Alicante,NO2,70,0.12832698899482559
T2_E1_Elche,NO,T1_E1_Alicante,NO2,71,0.21335562680214445
T2_E1_Elche,NO,T1_E1_Alicante,NO2,72,0.24349657060772548
T2_E1_Elche,NO,T1_E1_Alicante,O3,-72,-0.19998277597121725
T2_E1_Elche,NO,T1_E1_Alicante,O3,-71,-0.17507614802676658
T2_E1_Elche,NO,T1_E1_Alicante,O3,-70,-0.1316241401060445
T2_E1_Elche,NO,T1_E1_Alicante,O3,-69,-0.08581607805204543
T2_E1_Elche,NO,T1_E1_Alicante,O3,-68,-0.05131069796583664
T2_E1_Elche,NO,T1_E1_Alicante,O3,-67,-0.02957220215884698
T2_E1_Elche,NO,T1_E1_Alicante,O3,-66,-0.020182170681082724
T2_E1_Elche,NO,T1_E1_Alicante,O3,-65,-0.020635507636503708
T2_E1_Elche,NO,T1_E1_Alicante,O3,-64,-0.03662473870993577
T2_E1_Elche,NO,T1_E1_Alicante,O3,-63,-0.07019607997506958
T2_E1_Elche,NO,T1_E1_Alicante,O3,-62,-0.11426181987682697
T2_E1_Elche,NO,T1_E1_Alicante,O3,-61,-0.15216578577190146
T2_E1_Elche,NO,T1_E1_Alicante,O3,-60,-0.17434363906353204
T2_E1_Elche,NO,T1_E1_Alicante,O3,-59,-0.17423413840021854
T2_E1_Elche,NO,T1_E1_Alicante,O3,-58,-0.15515424557681287
T2_E1_Elche,NO,T1_E1_Alicante,O3,-57,-0.12589895314114416
T2_E1_Elche,NO,T1_E1_Alicante,O3,-56,-0.09614176888165833
T2_E1_Elche,NO,T1_E1_Alicante,O3,-55,-0.0741224945821407
T2_E1_Elche,NO,T1_E1_Alicante,O3,-54,-0.06372391692628052
T2_E1_Elche,NO,T1_E1_Alicante,O3,-53,-0.06551033668310488
T2_E1_Elche,NO,T1_E1_Alicante,O3,-52,-0.0795623689305745
T2_E1_Elche,NO,T1_E1_Alicante,O3,-51,-0.11106198812054692
T2_E1_Elche,NO,T1_E1_Alicante,O3,-50,-0.15662013606712227
T2_E1_Elche,NO,T1_E1_Alicante,O3,-49,-0.19844863161275275
T2_E1_Elche,NO,T1_E1_Alicante,O3,-48,-0.20957194685438196
T2_E1_Elche,NO,T1_E1_Alicante,O3,-47,-0.18101598244952027
T2_E1_Elche,NO,T1_E1_Alicante,O3,-46,-0.1303450107576995
T2_E1_Elche,NO,T1_E1_Alicante,O3,-45,-0.07758809440471266
T2_E1_Elche,NO,T1_E1_Alicante,O3,-44,-0.03837141681193058
T2_E1_Elche,NO,T1_E1_Alicante,O3,-43,-0.016069370474151384
T2_E1_Elche,NO,T1_E1_Alicante,O3,-42,-0.006239353333488244
T2_E1_Elche,NO,T1_E1_Alicante,O3,-41,-0.008607541082502668
T2_E1_Elche,NO,T1_E1_Alicante,O3,-40,-0.02603138615217274
T2_E1_Elche,NO,T1_E1_Alicante,O3,-39,-0.06027821941417819
T2_E1_Elche,NO,T1_E1_Alicante,O3,-38,-0.10638706534903165
T2_E1_Elche,NO,T1_E1_Alicante,O3,-37,-0.14928315463614467
T2_E1_Elche,NO,T1_E1_Alicante,O3,-36,-0.17584266589275116
T2_E1_Elche,NO,T1_E1_Alicante,O3,-35,-0.17707989074360903
T2_E1_Elche,NO,T1_E1_Alicante,O3,-34,-0.1571758693762163
T2_E1_Elche,NO,T1_E1_Alicante,O3,-33,-0.12856058342027965
T2_E1_Elche,NO,T1_E1_Alicante,O3,-32,-0.09741602213263528
T2_E1_Elche,NO,T1_E1_Alicante,O3,-31,-0.07264548238263803
T2_E1_Elche,NO,T1_E1_Alicante,O3,-30,-0.06043483351048748
T2_E1_Elche,NO,T1_E1_Alicante,O3,-29,-0.06330553516665409
T2_E1_Elche,NO,T1_E1_Alicante,O3,-28,-0.08272632900296129
T2_E1_Elche,NO,T1_E1_Alicante,O3,-27,-0.12073865356906083
T2_E1_Elche,NO,T1_E1_Alicante,O3,-26,-0.17054897554268797
T2_E1_Elche,NO,T1_E1_Alicante,O3,-25,-0.2134998675719587
T2_E1_Elche,NO,T1_E1_Alicante,O3,-24,-0.22635764056732355
T2_E1_Elche,NO,T1_E1_Alicante,O3,-23,-0.20303121980148
T2_E1_Elche,NO,T1_E1_Alicante,O3,-22,-0.15342577409235592
T2_E1_Elche,NO,T1_E1_Alicante,O3,-21,-0.10262995093060244
T2_E1_Elche,NO,T1_E1_Alicante,O3,-20,-0.06448177769418187
T2_E1_Elche,NO,T1_E1_Alicante,O3,-19,-0.04206820213797627
T2_E1_Elche,NO,T1_E1_Alicante,O3,-18,-0.03452217073017
T2_E1_Elche,NO,T1_E1_Alicante,O3,-17,-0.039680206921141464
T2_E1_Elche,NO,T1_E1_Alicante,O3,-16,-0.05995748142401719
T2_E1_Elche,NO,T1_E1_Alicante,O3,-15,-0.09697931596385308
T2_E1_Elche,NO,T1_E1_Alicante,O3,-14,-0.14596098568690893
T2_E1_Elche,NO,T1_E1_Alicante,O3,-13,-0.1921805248826391
T2_E1_Elche,NO,T1_E1_Alicante,O3,-12,-0.2213564882598925
T2_E1_Elche,NO,T1_E1_Alicante,O3,-11,-0.22501169084809652
T2_E1_Elche,NO,T1_E1_Alicante,O3,-10,-0.20361303968232616
T2_E1_Elche,NO,T1_E1_Alicante,O3,-9,-0.17082674986030486
T2_E1_Elche,NO,T1_E1_Alicante,O3,-8,-0.13929967532838378
T2_E1_Elche,NO,T1_E1_Alicante,O3,-7,-0.11767558498918422
T2_E1_Elche,NO,T1_E1_Alicante,O3,-6,-0.10936419984511224
T2_E1_Elche,NO,T1_E1_Alicante,O3,-5,-0.11504648305955656
T2_E1_Elche,NO,T1_E1_Alicante,O3,-4,-0.13745399720942023
T2_E1_Elche,NO,T1_E1_Alicante,O3,-3,-0.1814690281571263
T2_E1_Elche,NO,T1_E1_Alicante,O3,-2,-0.24552589992041363
T2_E1_Elche,NO,T1_E1_Alicante,O3,-1,-0.3044926830619867
T2_E1_Elche,NO,T1_E1_Alicante,O3,0,-0.3200534128730388
T2_E1_Elche,NO,T1_E1_Alicante,O3,1,-0.2834143834393465
T2_E1_Elche,NO,T1_E1_Alicante,O3,2,-0.22047148855721105
T2_E1_Elche,NO,T1_E1_Alicante,O3,3,-0.1585038016783373
T2_E1_Elche,NO,T1_E1_Alicante,O3,4,-0.10904912567506551
T2_E1_Elche,NO,T1_E1_Alicante,O3,5,-0.0764271970638232
T2_E1_Elche,NO,T1_E1_Alicante,O3,6,-0.059849777306498264
T2_E1_Elche,NO,T1_E1_Alicante,O3,7,-0.058083771767661364
T2_E1_Elche,NO,T1_E1_Alicante,O3,8,-0.0729274817979411
T2_E1_Elche,NO,T1_E1_Alicante,O3,9,-0.10332136877692043
T2_E1_Elche,NO,T1_E1_Alicante,O3,10,-0.14503030180667204
T2_E1_Elche,NO,T1_E1_Alicante,O3,11,-0.1846609836334605
T2_E1_Elche,NO,T1_E1_Alicante,O3,12,-0.20389124946263357
T2_E1_Elche,NO,T1_E1_Alicante,O3,13,-0.20003832607335442
T2_E1_Elche,NO,T1_E1_Alicante,O3,14,-0.17822230494953753
T2_E1_Elche,NO,T1_E1_Alicante,O3,15,-0.14737293526781503
T2_E1_Elche,NO,T1_E1_Alicante,O3,16,-0.11349111639998197
T2_E1_Elche,NO,T1_E1_Alicante,O3,17,-0.08707921577955499
T2_E1_Elche,NO,T1_E1_Alicante,O3,18,-0.07074061589669822
T2_E1_Elche,NO,T1_E1_Alicante,O3,19,-0.06884894204198665
T2_E1_Elche,NO,T1_E1_Alicante,O3,20,-0.08252766674775466
T2_E1_Elche,NO,T1_E1_Alicante,O3,21,-0.11359267281895705
T2_E1_Elche,NO,T1_E1_Alicante,O3,22,-0.15751187857633073
T2_E1_Elche,NO,T1_E1_Alicante,O3,23,-0.19305032072468353
T2_E1_Elche,NO,T1_E1_Alicante,O3,24,-0.19737709074061052
T2_E1_Elche,NO,T1_E1_Alicante,O3,25,-0.1675712276095603
T2_E1_Elche,NO,T1_E1_Alicante,O3,26,-0.12114060047813222
T2_E1_Elche,NO,T1_E1_Alicante,O3,27,-0.07642032696646545
T2_E1_Elche,NO,T1_E1_Alicante,O3,28,-0.042214850447285235
T2_E1_Elche,NO,T1_E1_Alicante,O3,29,-0.021598695630009386
T2_E1_Elche,NO,T1_E1_Alicante,O3,30,-0.012892194175381027
T2_E1_Elche,NO,T1_E1_Alicante,O3,31,-0.01704917448254856
T2_E1_Elche,NO,T1_E1_Alicante,O3,32,-0.033820593761533166
T2_E1_Elche,NO,T1_E1_Alicante,O3,33,-0.06259876265409431
T2_E1_Elche,NO,T1_E1_Alicante,O3,34,-0.10108968839324677
T2_E1_Elche,NO,T1_E1_Alicante,O3,35,-0.13914716802750185
T2_E1_Elche,NO,T1_E1_Alicante,O3,36,-0.1623795442064632
T2_E1_Elche,NO,T1_E1_Alicante,O3,37,-0.16338993422762338
T2_E1_Elche,NO,T1_E1_Alicante,O3,38,-0.14403213041413665
T2_E1_Elche,NO,T1_E1_Alicante,O3,39,-0.11456662720498405
T2_E1_Elche,NO,T1_E1_Alicante,O3,40,-0.08550285953549265
T2_E1_Elche,NO,T1_E1_Alicante,O3,41,-0.06515555426014616
T2_E1_Elche,NO,T1_E1_Alicante,O3,42,-0.05442566738319665
T2_E1_Elche,NO,T1_E1_Alicante,O3,43,-0.05314687385290019
T2_E1_Elche,NO,T1_E1_Alicante,O3,44,-0.06591292574144177
T2_E1_Elche,NO,T1_E1_Alicante,O3,45,-0.09646042829707954
T2_E1_Elche,NO,T1_E1_Alicante,O3,46,-0.1396674454077906
T2_E1_Elche,NO,T1_E1_Alicante,O3,47,-0.17706028285112121
T2_E1_Elche,NO,T1_E1_Alicante,O3,48,-0.1889122409085246
T2_E1_Elche,NO,T1_E1_Alicante,O3,49,-0.16944850582216983
T2_E1_Elche,NO,T1_E1_Alicante,O3,50,-0.12907455304374263
T2_E1_Elche,NO,T1_E1_Alicante,O3,51,-0.08479770611083551
T2_E1_Elche,NO,T1_E1_Alicante,O3,52,-0.04876723471576438
T2_E1_Elche,NO,T1_E1_Alicante,O3,53,-0.024190368550039247
T2_E1_Elche,NO,T1_E1_Alicante,O3,54,-0.013901398224955659
T2_E1_Elche,NO,T1_E1_Alicante,O3,55,-0.016336243680501388
T2_E1_Elche,NO,T1_E1_Alicante,O3,56,-0.030668018326249078
T2_E1_Elche,NO,T1_E1_Alicante,O3,57,-0.05915566788233379
T2_E1_Elche,NO,T1_E1_Alicante,O3,58,-0.09858112715216334
T2_E1_Elche,NO,T1_E1_Alicante,O3,59,-0.13783079023645303
T2_E1_Elche,NO,T1_E1_Alicante,O3,60,-0.16057650026702597
T2_E1_Elche,NO,T1_E1_Alicante,O3,61,-0.16225993012801052
T2_E1_Elche,NO,T1_E1_Alicante,O3,62,-0.14355554490429476
T2_E1_Elche,NO,T1_E1_Alicante,O3,63,-0.11238873974492701
T2_E1_Elche,NO,T1_E1_Alicante,O3,64,-0.08156247732214754
T2_E1_Elche,NO,T1_E1_Alicante,O3,65,-0.05995566286771388
T2_E1_Elche,NO,T1_E1_Alicante,O3,66,-0.04734200635153896
T2_E1_Elche,NO,T1_E1_Alicante,O3,67,-0.04618341525829626
T2_E1_Elche,NO,T1_E1_Alicante,O3,68,-0.058323974944187375
T2_E1_Elche,NO,T1_E1_Alicante,O3,69,-0.0861691600412204
T2_E1_Elche,NO,T1_E1_Alicante,O3,70,-0.12436949283089903
T2_E1_Elche,NO,T1_E1_Alicante,O3,71,-0.1581016887195036
T2_E1_Elche,NO,T1_E1_Alicante,O3,72,-0.16864476847195992
T2_E1_Elche,NO,T1_E2_Elda,NO,-72,0.1237381945445855
T2_E1_Elche,NO,T1_E2_Elda,NO,-71,0.13312710878590844
T2_E1_Elche,NO,T1_E2_Elda,NO,-70,0.10062490501370817
T2_E1_Elche,NO,T1_E2_Elda,NO,-69,0.05550934606011662
T2_E1_Elche,NO,T1_E2_Elda,NO,-68,0.021162142536909446
T2_E1_Elche,NO,T1_E2_Elda,NO,-67,-0.0016391095967635896
T2_E1_Elche,NO,T1_E2_Elda,NO,-66,-0.015056993993739269
T2_E1_Elche,NO,T1_E2_Elda,NO,-65,-0.020412913457595397
T2_E1_Elche,NO,T1_E2_Elda,NO,-64,-0.020167100767340913
T2_E1_Elche,NO,T1_E2_Elda,NO,-63,-0.013395956739133054
T2_E1_Elche,NO,T1_E2_Elda,NO,-62,0.013276658365367526
T2_E1_Elche,NO,T1_E2_Elda,NO,-61,0.055519245087402275
T2_E1_Elche,NO,T1_E2_Elda,NO,-60,0.1106200017644719
T2_E1_Elche,NO,T1_E2_Elda,NO,-59,0.14737194561520164
T2_E1_Elche,NO,T1_E2_Elda,NO,-58,0.13544013590685217
T2_E1_Elche,NO,T1_E2_Elda,NO,-57,0.08550091210125521
T2_E1_Elche,NO,T1_E2_Elda,NO,-56,0.03971738278442747
T2_E1_Elche,NO,T1_E2_Elda,NO,-55,0.011940210977647718
T2_E1_Elche,NO,T1_E2_Elda,NO,-54,-0.00011372031172649323
T2_E1_Elche,NO,T1_E2_Elda,NO,-53,-0.0007277614580306826
T2_E1_Elche,NO,T1_E2_Elda,NO,-52,0.0074765398177958865
T2_E1_Elche,NO,T1_E2_Elda,NO,-51,0.017037078716111008
T2_E1_Elche,NO,T1_E2_Elda,NO,-50,0.045045074176541314
T2_E1_Elche,NO,T1_E2_Elda,NO,-49,0.09811699577240587
T2_E1_Elche,NO,T1_E2_Elda,NO,-48,0.16048819517343108
T2_E1_Elche,NO,T1_E2_Elda,NO,-47,0.1782738239252704
T2_E1_Elche,NO,T1_E2_Elda,NO,-46,0.15543260756396685
T2_E1_Elche,NO,T1_E2_Elda,NO,-45,0.11226988125044679
T2_E1_Elche,NO,T1_E2_Elda,NO,-44,0.05874693456414303
T2_E1_Elche,NO,T1_E2_Elda,NO,-43,0.017627918468031332
T2_E1_Elche,NO,T1_E2_Elda,NO,-42,-0.005284050642344249
T2_E1_Elche,NO,T1_E2_Elda,NO,-41,-0.013856903385368966
T2_E1_Elche,NO,T1_E2_Elda,NO,-40,-0.01708993908392516
T2_E1_Elche,NO,T1_E2_Elda,NO,-39,-0.010959279620525075
T2_E1_Elche,NO,T1_E2_Elda,NO,-38,0.012896993442683361
T2_E1_Elche,NO,T1_E2_Elda,NO,-37,0.0634386634717174
T2_E1_Elche,NO,T1_E2_Elda,NO,-36,0.13437119625880847
T2_E1_Elche,NO,T1_E2_Elda,NO,-35,0.18472502266535
T2_E1_Elche,NO,T1_E2_Elda,NO,-34,0.18386185295782845
T2_E1_Elche,NO,T1_E2_Elda,NO,-33,0.13483487462457658
T2_E1_Elche,NO,T1_E2_Elda,NO,-32,0.08037776289876893
T2_E1_Elche,NO,T1_E2_Elda,NO,-31,0.030286886437610384
T2_E1_Elche,NO,T1_E2_Elda,NO,-30,0.0021323835272249645
T2_E1_Elche,NO,T1_E2_Elda,NO,-29,-0.0002230606989434366
T2_E1_Elche,NO,T1_E2_Elda,NO,-28,0.007447988902114493
T2_E1_Elche,NO,T1_E2_Elda,NO,-27,0.026472190472649683
T2_E1_Elche,NO,T1_E2_Elda,NO,-26,0.06529288994172343
T2_E1_Elche,NO,T1_E2_Elda,NO,-25,0.13260911897748015
T2_E1_Elche,NO,T1_E2_Elda,NO,-24,0.1984176007595158
T2_E1_Elche,NO,T1_E2_Elda,NO,-23,0.22789567381270676
T2_E1_Elche,NO,T1_E2_Elda,NO,-22,0.20422131539639315
T2_E1_Elche,NO,T1_E2_Elda,NO,-21,0.13174925912839072
T2_E1_Elche,NO,T1_E2_Elda,NO,-20,0.06028827028065241
T2_E1_Elche,NO,T1_E2_Elda,NO,-19,0.016342968341849402
T2_E1_Elche,NO,T1_E2_Elda,NO,-18,-0.002793445584819982
T2_E1_Elche,NO,T1_E2_Elda,NO,-17,-0.011208732423593475
T2_E1_Elche,NO,T1_E2_Elda,NO,-16,-0.01330465468148127
T2_E1_Elche,NO,T1_E2_Elda,NO,-15,-0.0036197619925669887
T2_E1_Elche,NO,T1_E2_Elda,NO,-14,0.029100646185482245
T2_E1_Elche,NO,T1_E2_Elda,NO,-13,0.09503453980337954
T2_E1_Elche,NO,T1_E2_Elda,NO,-12,0.1829279809821161
T2_E1_Elche,NO,T1_E2_Elda,NO,-11,0.24079182712043587
T2_E1_Elche,NO,T1_E2_Elda,NO,-10,0.23231028354470454
T2_E1_Elche,NO,T1_E2_Elda,NO,-9,0.16093776683612313
T2_E1_Elche,NO,T1_E2_Elda,NO,-8,0.08975107155232208
T2_E1_Elche,NO,T1_E2_Elda,NO,-7,0.040302764751229105
T2_E1_Elche,NO,T1_E2_Elda,NO,-6,0.01895904355430908
T2_E1_Elche,NO,T1_E2_Elda,NO,-5,0.0185092713720545
T2_E1_Elche,NO,T1_E2_Elda,NO,-4,0.027827423717210236
T2_E1_Elche,NO,T1_E2_Elda,NO,-3,0.05594847831253247
T2_E1_Elche,NO,T1_E2_Elda,NO,-2,0.13116260867990248
T2_E1_Elche,NO,T1_E2_Elda,NO,-1,0.24962214773308977
T2_E1_Elche,NO,T1_E2_Elda,NO,0,0.3536967772688505
T2_E1_Elche,NO,T1_E2_Elda,NO,1,0.393676042217551
T2_E1_Elche,NO,T1_E2_Elda,NO,2,0.31091005167152974
T2_E1_Elche,NO,T1_E2_Elda,NO,3,0.18581132814846155
T2_E1_Elche,NO,T1_E2_Elda,NO,4,0.08850495934455946
T2_E1_Elche,NO,T1_E2_Elda,NO,5,0.034731761830868964
T2_E1_Elche,NO,T1_E2_Elda,NO,6,0.00851123088060002
T2_E1_Elche,NO,T1_E2_Elda,NO,7,-0.0009503897726309446
T2_E1_Elche,NO,T1_E2_Elda,NO,8,-0.0022855647359800186
T2_E1_Elche,NO,T1_E2_Elda,NO,9,0.003150455771831502
T2_E1_Elche,NO,T1_E2_Elda,NO,10,0.026911477504474562
T2_E1_Elche,NO,T1_E2_Elda,NO,11,0.07954412125691875
T2_E1_Elche,NO,T1_E2_Elda,NO,12,0.13420904223828162
T2_E1_Elche,NO,T1_E2_Elda,NO,13,0.17306940691361308
T2_E1_Elche,NO,T1_E2_Elda,NO,14,0.17984941738648982
T2_E1_Elche,NO,T1_E2_Elda,NO,15,0.1387268853066724
T2_E1_Elche,NO,T1_E2_Elda,NO,16,0.0854902161277498
T2_E1_Elche,NO,T1_E2_Elda,NO,17,0.03672425557075375
T2_E1_Elche,NO,T1_E2_Elda,NO,18,0.010397867885502881
T2_E1_Elche,NO,T1_E2_Elda,NO,19,0.004181201181401828
T2_E1_Elche,NO,T1_E2_Elda,NO,20,0.007537694943306227
T2_E1_Elche,NO,T1_E2_Elda,NO,21,0.018100203812283912
T2_E1_Elche,NO,T1_E2_Elda,NO,22,0.04720263205113372
T2_E1_Elche,NO,T1_E2_Elda,NO,23,0.10705983747062862
T2_E1_Elche,NO,T1_E2_Elda,NO,24,0.16756124711988254
T2_E1_Elche,NO,T1_E2_Elda,NO,25,0.18663989614956253
T2_E1_Elche,NO,T1_E2_Elda,NO,26,0.15007631797997242
T2_E1_Elche,NO,T1_E2_Elda,NO,27,0.09030184948523812
T2_E1_Elche,NO,T1_E2_Elda,NO,28,0.039004315669770584
T2_E1_Elche,NO,T1_E2_Elda,NO,29,0.011078188917965016
T2_E1_Elche,NO,T1_E2_Elda,NO,30,-0.006521461875961878
T2_E1_Elche,NO,T1_E2_Elda,NO,31,-0.014894472558359307
T2_E1_Elche,NO,T1_E2_Elda,NO,32,-0.019082434328934625
T2_E1_Elche,NO,T1_E2_Elda,NO,33,-0.01422043153883345
T2_E1_Elche,NO,T1_E2_Elda,NO,34,0.0007495028322780986
T2_E1_Elche,NO,T1_E2_Elda,NO,35,0.031960924387720815
T2_E1_Elche,NO,T1_E2_Elda,NO,36,0.07716523046774094
T2_E1_Elche,NO,T1_E2_Elda,NO,37,0.10864248242531117
T2_E1_Elche,NO,T1_E2_Elda,NO,38,0.11251543713726343
T2_E1_Elche,NO,T1_E2_Elda,NO,39,0.07861691015016871
T2_E1_Elche,NO,T1_E2_Elda,NO,40,0.03618126116180463
T2_E1_Elche,NO,T1_E2_Elda,NO,41,0.009274712623016029
T2_E1_Elche,NO,T1_E2_Elda,NO,42,-0.00014261516722661872
T2_E1_Elche,NO,T1_E2_Elda,NO,43,-0.0010541720666527588
T2_E1_Elche,NO,T1_E2_Elda,NO,44,0.00676801979526446
T2_E1_Elche,NO,T1_E2_Elda,NO,45,0.014226975322040598
T2_E1_Elche,NO,T1_E2_Elda,NO,46,0.03750641864725392
T2_E1_Elche,NO,T1_E2_Elda,NO,47,0.07840240767412356
T2_E1_Elche,NO,T1_E2_Elda,NO,48,0.13184046702433058
T2_E1_Elche,NO,T1_E2_Elda,NO,49,0.1602615046509343
T2_E1_Elche,NO,T1_E2_Elda,NO,50,0.12901608411750035
T2_E1_Elche,NO,T1_E2_Elda,NO,51,0.0809630847631916
T2_E1_Elche,NO,T1_E2_Elda,NO,52,0.031500898419227326
T2_E1_Elche,NO,T1_E2_Elda,NO,53,0.0001221071504482635
T2_E1_Elche,NO,T1_E2_Elda,NO,54,-0.014184203715018037
T2_E1_Elche,NO,T1_E2_Elda,NO,55,-0.020976144510311098
T2_E1_Elche,NO,T1_E2_Elda,NO,56,-0.022136341140778795
T2_E1_Elche,NO,T1_E2_Elda,NO,57,-0.016363818619419816
T2_E1_Elche,NO,T1_E2_Elda,NO,58,-0.000632978047117407
T2_E1_Elche,NO,T1_E2_Elda,NO,59,0.03266787838492672
T2_E1_Elche,NO,T1_E2_Elda,NO,60,0.0708364595639855
T2_E1_Elche,NO,T1_E2_Elda,NO,61,0.10360947927396784
T2_E1_Elche,NO,T1_E2_Elda,NO,62,0.11237803699936573
T2_E1_Elche,NO,T1_E2_Elda,NO,63,0.07874658330549264
T2_E1_Elche,NO,T1_E2_Elda,NO,64,0.040853173612178925
T2_E1_Elche,NO,T1_E2_Elda,NO,65,0.013177644410992945
T2_E1_Elche,NO,T1_E2_Elda,NO,66,-0.0023724255763989516
T2_E1_Elche,NO,T1_E2_Elda,NO,67,-0.00881263829753321
T2_E1_Elche,NO,T1_E2_Elda,NO,68,-0.007092793247736573
T2_E1_Elche,NO,T1_E2_Elda,NO,69,0.003227994382135573
T2_E1_Elche,NO,T1_E2_Elda,NO,70,0.026356370294798075
T2_E1_Elche,NO,T1_E2_Elda,NO,71,0.07105956376398573
T2_E1_Elche,NO,T1_E2_Elda,NO,72,0.126085606911851
T2_E1_Elche,NO,T1_E2_Elda,NO2,-72,0.14903052851866191
T2_E1_Elche,NO,T1_E2_Elda,NO2,-71,0.1516393231916808
T2_E1_Elche,NO,T1_E2_Elda,NO2,-70,0.12054311206673261
T2_E1_Elche,NO,T1_E2_Elda,NO2,-69,0.0687043172350823
T2_E1_Elche,NO,T1_E2_Elda,NO2,-68,0.023174500283542652
T2_E1_Elche,NO,T1_E2_Elda,NO2,-67,-0.011287992670527875
T2_E1_Elche,NO,T1_E2_Elda,NO2,-66,-0.02958733646209818
T2_E1_Elche,NO,T1_E2_Elda,NO2,-65,-0.03048002775970791
T2_E1_Elche,NO,T1_E2_Elda,NO2,-64,-0.019677892495890744
T2_E1_Elche,NO,T1_E2_Elda,NO2,-63,0.003535008938798481
T2_E1_Elche,NO,T1_E2_Elda,NO2,-62,0.04438933523718019
T2_E1_Elche,NO,T1_E2_Elda,NO2,-61,0.09614148239798677
T2_E1_Elche,NO,T1_E2_Elda,NO2,-60,0.1398130495447204
T2_E1_Elche,NO,T1_E2_Elda,NO2,-59,0.1548500456997118
T2_E1_Elche,NO,T1_E2_Elda,NO2,-58,0.12287593078183917
T2_E1_Elche,NO,T1_E2_Elda,NO2,-57,0.06861391403994026
T2_E1_Elche,NO,T1_E2_Elda,NO2,-56,0.01910903724900917
T2_E1_Elche,NO,T1_E2_Elda,NO2,-55,-0.014985850253704755
T2_E1_Elche,NO,T1_E2_Elda,NO2,-54,-0.03411341233994105
T2_E1_Elche,NO,T1_E2_Elda,NO2,-53,-0.030924969351735394
T2_E1_Elche,NO,T1_E2_Elda,NO2,-52,-0.009976310583729555
T2_E1_Elche,NO,T1_E2_Elda,NO2,-51,0.02953148976303421
T2_E1_Elche,NO,T1_E2_Elda,NO2,-50,0.08510247976181899
T2_E1_Elche,NO,T1_E2_Elda,NO2,-49,0.14563281937440561
T2_E1_Elche,NO,T1_E2_Elda,NO2,-48,0.17917870047725268
T2_E1_Elche,NO,T1_E2_Elda,NO2,-47,0.17348286921409872
T2_E1_Elche,NO,T1_E2_Elda,NO2,-46,0.1324902081407956
T2_E1_Elche,NO,T1_E2_Elda,NO2,-45,0.07371480460235216
T2_E1_Elche,NO,T1_E2_Elda,NO2,-44,0.015371226875855995
T2_E1_Elche,NO,T1_E2_Elda,NO2,-43,-0.026799816542752774
T2_E1_Elche,NO,T1_E2_Elda,NO2,-42,-0.04838823339538759
T2_E1_Elche,NO,T1_E2_Elda,NO2,-41,-0.05099175558193765
T2_E1_Elche,NO,T1_E2_Elda,NO2,-40,-0.03712355263233954
T2_E1_Elche,NO,T1_E2_Elda,NO2,-39,-0.0061446771023279355
T2_E1_Elche,NO,T1_E2_Elda,NO2,-38,0.044827418194487934
T2_E1_Elche,NO,T1_E2_Elda,NO2,-37,0.10554603132086879
T2_E1_Elche,NO,T1_E2_Elda,NO2,-36,0.15807131465993726
T2_E1_Elche,NO,T1_E2_Elda,NO2,-35,0.17469022939088738
T2_E1_Elche,NO,T1_E2_Elda,NO2,-34,0.14835150215495801
T2_E1_Elche,NO,T1_E2_Elda,NO2,-33,0.09334939403008606
T2_E1_Elche,NO,T1_E2_Elda,NO2,-32,0.0414903319600605
T2_E1_Elche,NO,T1_E2_Elda,NO2,-31,-0.003364609317362543
T2_E1_Elche,NO,T1_E2_Elda,NO2,-30,-0.03147487900914864
T2_E1_Elche,NO,T1_E2_Elda,NO2,-29,-0.029298691511254492
T2_E1_Elche,NO,T1_E2_Elda,NO2,-28,-0.004408484944360628
T2_E1_Elche,NO,T1_E2_Elda,NO2,-27,0.046121521941498614
T2_E1_Elche,NO,T1_E2_Elda,NO2,-26,0.11556105436809706
T2_E1_Elche,NO,T1_E2_Elda,NO2,-25,0.1882717650797661
T2_E1_Elche,NO,T1_E2_Elda,NO2,-24,0.22888324939309573
T2_E1_Elche,NO,T1_E2_Elda,NO2,-23,0.22200579691612862
T2_E1_Elche,NO,T1_E2_Elda,NO2,-22,0.1741157905111021
T2_E1_Elche,NO,T1_E2_Elda,NO2,-21,0.10598429725604674
T2_E1_Elche,NO,T1_E2_Elda,NO2,-20,0.046460785553995444
T2_E1_Elche,NO,T1_E2_Elda,NO2,-19,0.0006624122736055485
T2_E1_Elche,NO,T1_E2_Elda,NO2,-18,-0.018477904405431393
T2_E1_Elche,NO,T1_E2_Elda,NO2,-17,-0.015075655045942292
T2_E1_Elche,NO,T1_E2_Elda,NO2,-16,0.005909038722446953
T2_E1_Elche,NO,T1_E2_Elda,NO2,-15,0.047504914293978726
T2_E1_Elche,NO,T1_E2_Elda,NO2,-14,0.10690389344222292
T2_E1_Elche,NO,T1_E2_Elda,NO2,-13,0.18138665459624656
T2_E1_Elche,NO,T1_E2_Elda,NO2,-12,0.23914124798740796
T2_E1_Elche,NO,T1_E2_Elda,NO2,-11,0.2488220536285778
T2_E1_Elche,NO,T1_E2_Elda,NO2,-10,0.20674588627521512
T2_E1_Elche,NO,T1_E2_Elda,NO2,-9,0.1372926327058407
T2_E1_Elche,NO,T1_E2_Elda,NO2,-8,0.07801224315097177
T2_E1_Elche,NO,T1_E2_Elda,NO2,-7,0.03333177235940433
T2_E1_Elche,NO,T1_E2_Elda,NO2,-6,0.011822582636656424
T2_E1_Elche,NO,T1_E2_Elda,NO2,-5,0.019415687899851923
T2_E1_Elche,NO,T1_E2_Elda,NO2,-4,0.05350622051507092
T2_E1_Elche,NO,T1_E2_Elda,NO2,-3,0.11972564881970842
T2_E1_Elche,NO,T1_E2_Elda,NO2,-2,0.2186110948626221
T2_E1_Elche,NO,T1_E2_Elda,NO2,-1,0.3236414430282963
T2_E1_Elche,NO,T1_E2_Elda,NO2,0,0.39513370783894336
T2_E1_Elche,NO,T1_E2_Elda,NO2,1,0.38866877099296915
T2_E1_Elche,NO,T1_E2_Elda,NO2,2,0.30829147955612285
T2_E1_Elche,NO,T1_E2_Elda,NO2,3,0.20345741682997914
T2_E1_Elche,NO,T1_E2_Elda,NO2,4,0.1047598437396919
T2_E1_Elche,NO,T1_E2_Elda,NO2,5,0.03914968103468883
T2_E1_Elche,NO,T1_E2_Elda,NO2,6,0.009553023691373258
T2_E1_Elche,NO,T1_E2_Elda,NO2,7,0.006384140791881633
T2_E1_Elche,NO,T1_E2_Elda,NO2,8,0.019915023522334548
T2_E1_Elche,NO,T1_E2_Elda,NO2,9,0.04585571547507452
T2_E1_Elche,NO,T1_E2_Elda,NO2,10,0.0918378649900536
T2_E1_Elche,NO,T1_E2_Elda,NO2,11,0.15870138840492698
T2_E1_Elche,NO,T1_E2_Elda,NO2,12,0.2112576334175179
T2_E1_Elche,NO,T1_E2_Elda,NO2,13,0.22086516933049227
T2_E1_Elche,NO,T1_E2_Elda,NO2,14,0.18267279901493128
T2_E1_Elche,NO,T1_E2_Elda,NO2,15,0.11812698854715357
T2_E1_Elche,NO,T1_E2_Elda,NO2,16,0.0573973136567997
T2_E1_Elche,NO,T1_E2_Elda,NO2,17,0.010047688153390986
T2_E1_Elche,NO,T1_E2_Elda,NO2,18,-0.013907772498217499
T2_E1_Elche,NO,T1_E2_Elda,NO2,19,-0.01414807098359892
T2_E1_Elche,NO,T1_E2_Elda,NO2,20,0.006639106543710188
T2_E1_Elche,NO,T1_E2_Elda,NO2,21,0.045794022175750855
T2_E1_Elche,NO,T1_E2_Elda,NO2,22,0.10551547583145343
T2_E1_Elche,NO,T1_E2_Elda,NO2,23,0.17036992676921417
T2_E1_Elche,NO,T1_E2_Elda,NO2,24,0.20806778790456124
T2_E1_Elche,NO,T1_E2_Elda,NO2,25,0.20318387757357098
T2_E1_Elche,NO,T1_E2_Elda,NO2,26,0.15592436018976494
T2_E1_Elche,NO,T1_E2_Elda,NO2,27,0.09358894109852464
T2_E1_Elche,NO,T1_E2_Elda,NO2,28,0.0371060163729771
T2_E1_Elche,NO,T1_E2_Elda,NO2,29,-0.002855290722148202
T2_E1_Elche,NO,T1_E2_Elda,NO2,30,-0.024542570174100165
T2_E1_Elche,NO,T1_E2_Elda,NO2,31,-0.030006946559511114
T2_E1_Elche,NO,T1_E2_Elda,NO2,32,-0.02023426732525277
T2_E1_Elche,NO,T1_E2_Elda,NO2,33,0.004591685945552498
T2_E1_Elche,NO,T1_E2_Elda,NO2,34,0.04796750602773531
T2_E1_Elche,NO,T1_E2_Elda,NO2,35,0.09991807581814655
T2_E1_Elche,NO,T1_E2_Elda,NO2,36,0.13844047860554218
T2_E1_Elche,NO,T1_E2_Elda,NO2,37,0.14369282405451736
T2_E1_Elche,NO,T1_E2_Elda,NO2,38,0.11929883127655803
T2_E1_Elche,NO,T1_E2_Elda,NO2,39,0.07394555614466332
T2_E1_Elche,NO,T1_E2_Elda,NO2,40,0.02238836840712741
T2_E1_Elche,NO,T1_E2_Elda,NO2,41,-0.015369395048142024
T2_E1_Elche,NO,T1_E2_Elda,NO2,42,-0.033272163125617434
T2_E1_Elche,NO,T1_E2_Elda,NO2,43,-0.03165997840839782
T2_E1_Elche,NO,T1_E2_Elda,NO2,44,-0.010887419177652331
T2_E1_Elche,NO,T1_E2_Elda,NO2,45,0.02563329322680904
T2_E1_Elche,NO,T1_E2_Elda,NO2,46,0.0816863050497886
T2_E1_Elche,NO,T1_E2_Elda,NO2,47,0.13939654537632823
T2_E1_Elche,NO,T1_E2_Elda,NO2,48,0.1755379432639368
T2_E1_Elche,NO,T1_E2_Elda,NO2,49,0.185295335384658
T2_E1_Elche,NO,T1_E2_Elda,NO2,50,0.15652299055961091
T2_E1_Elche,NO,T1_E2_Elda,NO2,51,0.10413098160254756
T2_E1_Elche,NO,T1_E2_Elda,NO2,52,0.04760291510123562
T2_E1_Elche,NO,T1_E2_Elda,NO2,53,0.0009227975760527972
T2_E1_Elche,NO,T1_E2_Elda,NO2,54,-0.027757167686224035
T2_E1_Elche,NO,T1_E2_Elda,NO2,55,-0.037705245838490144
T2_E1_Elche,NO,T1_E2_Elda,NO2,56,-0.02822848032186249
T2_E1_Elche,NO,T1_E2_Elda,NO2,57,-0.0034422279993357755
T2_E1_Elche,NO,T1_E2_Elda,NO2,58,0.037373479237581365
T2_E1_Elche,NO,T1_E2_Elda,NO2,59,0.08309386213443319
T2_E1_Elche,NO,T1_E2_Elda,NO2,60,0.12230649750798075
T2_E1_Elche,NO,T1_E2_Elda,NO2,61,0.13765089204522576
T2_E1_Elche,NO,T1_E2_Elda,NO2,62,0.11845229444242486
T2_E1_Elche,NO,T1_E2_Elda,NO2,63,0.07534663162394115
T2_E1_Elche,NO,T1_E2_Elda,NO2,64,0.027589452823386203
T2_E1_Elche,NO,T1_E2_Elda,NO2,65,-0.008630171854633896
T2_E1_Elche,NO,T1_E2_Elda,NO2,66,-0.02849883917931333
T2_E1_Elche,NO,T1_E2_Elda,NO2,67,-0.03322869094581048
T2_E1_Elche,NO,T1_E2_Elda,NO2,68,-0.018491458726022387
T2_E1_Elche,NO,T1_E2_Elda,NO2,69,0.01722255691008737
T2_E1_Elche,NO,T1_E2_Elda,NO2,70,0.06557643403491194
T2_E1_Elche,NO,T1_E2_Elda,NO2,71,0.11782144413037983
T2_E1_Elche,NO,T1_E2_Elda,NO2,72,0.15687072433461868
T2_E1_Elche,NO,T1_E2_Elda,O3,-72,-0.14097264962586922
T2_E1_Elche,NO,T1_E2_Elda,O3,-71,-0.1257636599517858
T2_E1_Elche,NO,T1_E2_Elda,O3,-70,-0.0977208127284432
T2_E1_Elche,NO,T1_E2_Elda,O3,-69,-0.06835167127299056
T2_E1_Elche,NO,T1_E2_Elda,O3,-68,-0.04458922396085487
T2_E1_Elche,NO,T1_E2_Elda,O3,-67,-0.0290120670798496
T2_E1_Elche,NO,T1_E2_Elda,O3,-66,-0.021834444731254978
T2_E1_Elche,NO,T1_E2_Elda,O3,-65,-0.02480120888955454
T2_E1_Elche,NO,T1_E2_Elda,O3,-64,-0.036575807855683394
T2_E1_Elche,NO,T1_E2_Elda,O3,-63,-0.05582830228944481
T2_E1_Elche,NO,T1_E2_Elda,O3,-62,-0.08059496976870137
T2_E1_Elche,NO,T1_E2_Elda,O3,-61,-0.1064273494752281
T2_E1_Elche,NO,T1_E2_Elda,O3,-60,-0.12483014918095446
T2_E1_Elche,NO,T1_E2_Elda,O3,-59,-0.13233899633151083
T2_E1_Elche,NO,T1_E2_Elda,O3,-58,-0.1283136578002852
T2_E1_Elche,NO,T1_E2_Elda,O3,-57,-0.11659220123900571
T2_E1_Elche,NO,T1_E2_Elda,O3,-56,-0.10351451176238498
T2_E1_Elche,NO,T1_E2_Elda,O3,-55,-0.09379078961236392
T2_E1_Elche,NO,T1_E2_Elda,O3,-54,-0.08722355700377578
T2_E1_Elche,NO,T1_E2_Elda,O3,-53,-0.08639801597791692
T2_E1_Elche,NO,T1_E2_Elda,O3,-52,-0.0914367603433509
T2_E1_Elche,NO,T1_E2_Elda,O3,-51,-0.1055412892672512
T2_E1_Elche,NO,T1_E2_Elda,O3,-50,-0.12597229263157714
T2_E1_Elche,NO,T1_E2_Elda,O3,-49,-0.14106285060704965
T2_E1_Elche,NO,T1_E2_Elda,O3,-48,-0.13991702935121852
T2_E1_Elche,NO,T1_E2_Elda,O3,-47,-0.11810521291592777
T2_E1_Elche,NO,T1_E2_Elda,O3,-46,-0.08458447866980452
T2_E1_Elche,NO,T1_E2_Elda,O3,-45,-0.05303231705454487
T2_E1_Elche,NO,T1_E2_Elda,O3,-44,-0.028821452950781066
T2_E1_Elche,NO,T1_E2_Elda,O3,-43,-0.014969391338717867
T2_E1_Elche,NO,T1_E2_Elda,O3,-42,-0.010118512122159078
T2_E1_Elche,NO,T1_E2_Elda,O3,-41,-0.012107810398762364
T2_E1_Elche,NO,T1_E2_Elda,O3,-40,-0.022993024561266496
T2_E1_Elche,NO,T1_E2_Elda,O3,-39,-0.04364308136731788
T2_E1_Elche,NO,T1_E2_Elda,O3,-38,-0.07204172478740557
T2_E1_Elche,NO,T1_E2_Elda,O3,-37,-0.10142317352076954
T2_E1_Elche,NO,T1_E2_Elda,O3,-36,-0.12399768257253495
T2_E1_Elche,NO,T1_E2_Elda,O3,-35,-0.13400052137257862
T2_E1_Elche,NO,T1_E2_Elda,O3,-34,-0.13137100847583377
T2_E1_Elche,NO,T1_E2_Elda,O3,-33,-0.11924489516045998
T2_E1_Elche,NO,T1_E2_Elda,O3,-32,-0.10559781261247542
T2_E1_Elche,NO,T1_E2_Elda,O3,-31,-0.09303336032376444
T2_E1_Elche,NO,T1_E2_Elda,O3,-30,-0.08529459928994773
T2_E1_Elche,NO,T1_E2_Elda,O3,-29,-0.08534680845512818
T2_E1_Elche,NO,T1_E2_Elda,O3,-28,-0.09440433126740191
T2_E1_Elche,NO,T1_E2_Elda,O3,-27,-0.11351268092403023
T2_E1_Elche,NO,T1_E2_Elda,O3,-26,-0.13991267699717005
T2_E1_Elche,NO,T1_E2_Elda,O3,-25,-0.16246067458253882
T2_E1_Elche,NO,T1_E2_Elda,O3,-24,-0.1643035311066259
T2_E1_Elche,NO,T1_E2_Elda,O3,-23,-0.1417231756328473
T2_E1_Elche,NO,T1_E2_Elda,O3,-22,-0.10741501532528226
T2_E1_Elche,NO,T1_E2_Elda,O3,-21,-0.07279726924010538
T2_E1_Elche,NO,T1_E2_Elda,O3,-20,-0.045440280981727595
T2_E1_Elche,NO,T1_E2_Elda,O3,-19,-0.026080157284562647
T2_E1_Elche,NO,T1_E2_Elda,O3,-18,-0.017886222691857172
T2_E1_Elche,NO,T1_E2_Elda,O3,-17,-0.01939154187656191
T2_E1_Elche,NO,T1_E2_Elda,O3,-16,-0.03245327135766096
T2_E1_Elche,NO,T1_E2_Elda,O3,-15,-0.05732331735958414
T2_E1_Elche,NO,T1_E2_Elda,O3,-14,-0.08936333036916506
T2_E1_Elche,NO,T1_E2_Elda,O3,-13,-0.12181342840657652
T2_E1_Elche,NO,T1_E2_Elda,O3,-12,-0.14659582603632149
T2_E1_Elche,NO,T1_E2_Elda,O3,-11,-0.1546977361113942
T2_E1_Elche,NO,T1_E2_Elda,O3,-10,-0.14802202140204088
T2_E1_Elche,NO,T1_E2_Elda,O3,-9,-0.13189706758705913
T2_E1_Elche,NO,T1_E2_Elda,O3,-8,-0.11580509673882229
T2_E1_Elche,NO,T1_E2_Elda,O3,-7,-0.10309388577094053
T2_E1_Elche,NO,T1_E2_Elda,O3,-6,-0.09584257237089593
T2_E1_Elche,NO,T1_E2_Elda,O3,-5,-0.09663775931008534
T2_E1_Elche,NO,T1_E2_Elda,O3,-4,-0.10714588005361061
T2_E1_Elche,NO,T1_E2_Elda,O3,-3,-0.1312808216738821
T2_E1_Elche,NO,T1_E2_Elda,O3,-2,-0.1664841270743004
T2_E1_Elche,NO,T1_E2_Elda,O3,-1,-0.19635095409683218
T2_E1_Elche,NO,T1_E2_Elda,O3,0,-0.19890265918356675
T2_E1_Elche,NO,T1_E2_Elda,O3,1,-0.16871132995397556
T2_E1_Elche,NO,T1_E2_Elda,O3,2,-0.12282126541977119
T2_E1_Elche,NO,T1_E2_Elda,O3,3,-0.07858917227884399
T2_E1_Elche,NO,T1_E2_Elda,O3,4,-0.04411291781138902
T2_E1_Elche,NO,T1_E2_Elda,O3,5,-0.022300359284211126
T2_E1_Elche,NO,T1_E2_Elda,O3,6,-0.012551160905534124
T2_E1_Elche,NO,T1_E2_Elda,O3,7,-0.013972695190042926
T2_E1_Elche,NO,T1_E2_Elda,O3,8,-0.025197842648113762
T2_E1_Elche,NO,T1_E2_Elda,O3,9,-0.045774946565612366
T2_E1_Elche,NO,T1_E2_Elda,O3,10,-0.0734454462996732
T2_E1_Elche,NO,T1_E2_Elda,O3,11,-0.10226053132925898
T2_E1_Elche,NO,T1_E2_Elda,O3,12,-0.1245726758394024
T2_E1_Elche,NO,T1_E2_Elda,O3,13,-0.13313375406257022
T2_E1_Elche,NO,T1_E2_Elda,O3,14,-0.12695833780645463
T2_E1_Elche,NO,T1_E2_Elda,O3,15,-0.11134187281896234
T2_E1_Elche,NO,T1_E2_Elda,O3,16,-0.0948421888982748
T2_E1_Elche,NO,T1_E2_Elda,O3,17,-0.08192500098656973
T2_E1_Elche,NO,T1_E2_Elda,O3,18,-0.0742767881573433
T2_E1_Elche,NO,T1_E2_Elda,O3,19,-0.07238349770695393
T2_E1_Elche,NO,T1_E2_Elda,O3,20,-0.0778893927240282
T2_E1_Elche,NO,T1_E2_Elda,O3,21,-0.09114501582533964
T2_E1_Elche,NO,T1_E2_Elda,O3,22,-0.10999528848022046
T2_E1_Elche,NO,T1_E2_Elda,O3,23,-0.12610344150337216
T2_E1_Elche,NO,T1_E2_Elda,O3,24,-0.1253045554023804
T2_E1_Elche,NO,T1_E2_Elda,O3,25,-0.10526654716252683
T2_E1_Elche,NO,T1_E2_Elda,O3,26,-0.07362630998905073
T2_E1_Elche,NO,T1_E2_Elda,O3,27,-0.04437583836613884
T2_E1_Elche,NO,T1_E2_Elda,O3,28,-0.022021662787117313
T2_E1_Elche,NO,T1_E2_Elda,O3,29,-0.0076372479275860945
T2_E1_Elche,NO,T1_E2_Elda,O3,30,-0.001367788954832309
T2_E1_Elche,NO,T1_E2_Elda,O3,31,-0.0042065140112190315
T2_E1_Elche,NO,T1_E2_Elda,O3,32,-0.01579625526390025
T2_E1_Elche,NO,T1_E2_Elda,O3,33,-0.035756730424113724
T2_E1_Elche,NO,T1_E2_Elda,O3,34,-0.06307155496210055
T2_E1_Elche,NO,T1_E2_Elda,O3,35,-0.09094494183862567
T2_E1_Elche,NO,T1_E2_Elda,O3,36,-0.11225251441424812
T2_E1_Elche,NO,T1_E2_Elda,O3,37,-0.12090401795865029
T2_E1_Elche,NO,T1_E2_Elda,O3,38,-0.11639448079945812
T2_E1_Elche,NO,T1_E2_Elda,O3,39,-0.10110231081844451
T2_E1_Elche,NO,T1_E2_Elda,O3,40,-0.08523414354530238
T2_E1_Elche,NO,T1_E2_Elda,O3,41,-0.0723674710410948
T2_E1_Elche,NO,T1_E2_Elda,O3,42,-0.06586886669179523
T2_E1_Elche,NO,T1_E2_Elda,O3,43,-0.06472710484259689
T2_E1_Elche,NO,T1_E2_Elda,O3,44,-0.07073089417772863
T2_E1_Elche,NO,T1_E2_Elda,O3,45,-0.08596595378199207
T2_E1_Elche,NO,T1_E2_Elda,O3,46,-0.10819756991725514
T2_E1_Elche,NO,T1_E2_Elda,O3,47,-0.12683318974005192
T2_E1_Elche,NO,T1_E2_Elda,O3,48,-0.13040047466479998
T2_E1_Elche,NO,T1_E2_Elda,O3,49,-0.11418796573752464
T2_E1_Elche,NO,T1_E2_Elda,O3,50,-0.08639310440004144
T2_E1_Elche,NO,T1_E2_Elda,O3,51,-0.05835108388712616
T2_E1_Elche,NO,T1_E2_Elda,O3,52,-0.034158637351290586
T2_E1_Elche,NO,T1_E2_Elda,O3,53,-0.01624263360476428
T2_E1_Elche,NO,T1_E2_Elda,O3,54,-0.007194605652373094
T2_E1_Elche,NO,T1_E2_Elda,O3,55,-0.00781352063838385
T2_E1_Elche,NO,T1_E2_Elda,O3,56,-0.01798728576122876
T2_E1_Elche,NO,T1_E2_Elda,O3,57,-0.03790711253963391
T2_E1_Elche,NO,T1_E2_Elda,O3,58,-0.06599270200405621
T2_E1_Elche,NO,T1_E2_Elda,O3,59,-0.09451144503098814
T2_E1_Elche,NO,T1_E2_Elda,O3,60,-0.11554745723220673
T2_E1_Elche,NO,T1_E2_Elda,O3,61,-0.12279942262931025
T2_E1_Elche,NO,T1_E2_Elda,O3,62,-0.11652774761189079
T2_E1_Elche,NO,T1_E2_Elda,O3,63,-0.10218203722432283
T2_E1_Elche,NO,T1_E2_Elda,O3,64,-0.08677469181332367
T2_E1_Elche,NO,T1_E2_Elda,O3,65,-0.07556814579999985
T2_E1_Elche,NO,T1_E2_Elda,O3,66,-0.06832455305435511
T2_E1_Elche,NO,T1_E2_Elda,O3,67,-0.06476564820516144
T2_E1_Elche,NO,T1_E2_Elda,O3,68,-0.06833488360526034
T2_E1_Elche,NO,T1_E2_Elda,O3,69,-0.08275999517010309
T2_E1_Elche,NO,T1_E2_Elda,O3,70,-0.10398455835359834
T2_E1_Elche,NO,T1_E2_Elda,O3,71,-0.12173307026244881
T2_E1_Elche,NO,T1_E2_Elda,O3,72,-0.12396340645058945
T2_E1_Elche,NO,T2_E2_Elda,NO,-72,0.12392599345325658
T2_E1_Elche,NO,T2_E2_Elda,NO,-71,0.13345183834409036
T2_E1_Elche,NO,T2_E2_Elda,NO,-70,0.10088361599333842
T2_E1_Elche,NO,T2_E2_Elda,NO,-69,0.05570148273673142
T2_E1_Elche,NO,T2_E2_Elda,NO,-68,0.021303773489529193
T2_E1_Elche,NO,T2_E2_Elda,NO,-67,-0.0015071622689394972
T2_E1_Elche,NO,T2_E2_Elda,NO,-66,-0.014963002248364709
T2_E1_Elche,NO,T2_E2_Elda,NO,-65,-0.02032083229194083
T2_E1_Elche,NO,T2_E2_Elda,NO,-64,-0.020111654887752222
T2_E1_Elche,NO,T2_E2_Elda,NO,-63,-0.01336301740638269
T2_E1_Elche,NO,T2_E2_Elda,NO,-62,0.013171861757377034
T2_E1_Elche,NO,T2_E2_Elda,NO,-61,0.05507282306273624
T2_E1_Elche,NO,T2_E2_Elda,NO,-60,0.11017546315440234
T2_E1_Elche,NO,T2_E2_Elda,NO,-59,0.14704014645351055
T2_E1_Elche,NO,T2_E2_Elda,NO,-58,0.13531041020777784
T2_E1_Elche,NO,T2_E2_Elda,NO,-57,0.08550727949458486
T2_E1_Elche,NO,T2_E2_Elda,NO,-56,0.03975887266741707
T2_E1_Elche,NO,T2_E2_Elda,NO,-55,0.011982698205472488
T2_E1_Elche,NO,T2_E2_Elda,NO,-54,-8.385559483014123e-05
T2_E1_Elche,NO,T2_E2_Elda,NO,-53,-0.0006978213990245291
T2_E1_Elche,NO,T2_E2_Elda,NO,-52,0.007455088207025425
T2_E1_Elche,NO,T2_E2_Elda,NO,-51,0.01677049535479912
T2_E1_Elche,NO,T2_E2_Elda,NO,-50,0.04473214678333387
T2_E1_Elche,NO,T2_E2_Elda,NO,-49,0.09794320652147266
T2_E1_Elche,NO,T2_E2_Elda,NO,-48,0.16044367057811007
T2_E1_Elche,NO,T2_E2_Elda,NO,-47,0.1783646131177494
T2_E1_Elche,NO,T2_E2_Elda,NO,-46,0.1555947152443278
T2_E1_Elche,NO,T2_E2_Elda,NO,-45,0.11236087653154465
T2_E1_Elche,NO,T2_E2_Elda,NO,-44,0.058425751795367284
T2_E1_Elche,NO,T2_E2_Elda,NO,-43,0.01734488810186138
T2_E1_Elche,NO,T2_E2_Elda,NO,-42,-0.005401189810978809
T2_E1_Elche,NO,T2_E2_Elda,NO,-41,-0.013880864180955976
T2_E1_Elche,NO,T2_E2_Elda,NO,-40,-0.0171047172268999
T2_E1_Elche,NO,T2_E2_Elda,NO,-39,-0.011093531023870375
T2_E1_Elche,NO,T2_E2_Elda,NO,-38,0.0122747297225248
T2_E1_Elche,NO,T2_E2_Elda,NO,-37,0.061685955530541924
T2_E1_Elche,NO,T2_E2_Elda,NO,-36,0.13142654820883048
T2_E1_Elche,NO,T2_E2_Elda,NO,-35,0.18369100563343047
T2_E1_Elche,NO,T2_E2_Elda,NO,-34,0.183654223598579
T2_E1_Elche,NO,T2_E2_Elda,NO,-33,0.13484501397311077
T2_E1_Elche,NO,T2_E2_Elda,NO,-32,0.0804363089101783
T2_E1_Elche,NO,T2_E2_Elda,NO,-31,0.030327291852617375
T2_E1_Elche,NO,T2_E2_Elda,NO,-30,0.00216109896099251
T2_E1_Elche,NO,T2_E2_Elda,NO,-29,-0.00020672644284477066
T2_E1_Elche,NO,T2_E2_Elda,NO,-28,0.007482719655260286
T2_E1_Elche,NO,T2_E2_Elda,NO,-27,0.026489490333958535
T2_E1_Elche,NO,T2_E2_Elda,NO,-26,0.06539712084619385
T2_E1_Elche,NO,T2_E2_Elda,NO,-25,0.13285390156690963
T2_E1_Elche,NO,T2_E2_Elda,NO,-24,0.1988197378945717
T2_E1_Elche,NO,T2_E2_Elda,NO,-23,0.22835862330653647
T2_E1_Elche,NO,T2_E2_Elda,NO,-22,0.2046296013848202
T2_E1_Elche,NO,T2_E2_Elda,NO,-21,0.1320511940269568
T2_E1_Elche,NO,T2_E2_Elda,NO,-20,0.0605133245517073
T2_E1_Elche,NO,T2_E2_Elda,NO,-19,0.016510459490880352
T2_E1_Elche,NO,T2_E2_Elda,NO,-18,-0.00261758867961633
T2_E1_Elche,NO,T2_E2_Elda,NO,-17,-0.011057643832904748
T2_E1_Elche,NO,T2_E2_Elda,NO,-16,-0.013147612858283534
T2_E1_Elche,NO,T2_E2_Elda,NO,-15,-0.00350822287806085
T2_E1_Elche,NO,T2_E2_Elda,NO,-14,0.02908853346193478
T2_E1_Elche,NO,T2_E2_Elda,NO,-13,0.09505210476342581
T2_E1_Elche,NO,T2_E2_Elda,NO,-12,0.18268101552814953
T2_E1_Elche,NO,T2_E2_Elda,NO,-11,0.240281396168188
T2_E1_Elche,NO,T2_E2_Elda,NO,-10,0.23198953804304243
T2_E1_Elche,NO,T2_E2_Elda,NO,-9,0.16080868990645297
T2_E1_Elche,NO,T2_E2_Elda,NO,-8,0.08975843188386064
T2_E1_Elche,NO,T2_E2_Elda,NO,-7,0.04033642228880723
T2_E1_Elche,NO,T2_E2_Elda,NO,-6,0.01895213898294469
T2_E1_Elche,NO,T2_E2_Elda,NO,-5,0.0184674207388179
T2_E1_Elche,NO,T2_E2_Elda,NO,-4,0.027760182890447342
T2_E1_Elche,NO,T2_E2_Elda,NO,-3,0.055800034848650905
T2_E1_Elche,NO,T2_E2_Elda,NO,-2,0.1309940776502052
T2_E1_Elche,NO,T2_E2_Elda,NO,-1,0.2495154004172938
T2_E1_Elche,NO,T2_E2_Elda,NO,0,0.35377569546688425
T2_E1_Elche,NO,T2_E2_Elda,NO,1,0.3939924396617016
T2_E1_Elche,NO,T2_E2_Elda,NO,2,0.3112643981783658
T2_E1_Elche,NO,T2_E2_Elda,NO,3,0.18610247446013634
T2_E1_Elche,NO,T2_E2_Elda,NO,4,0.0887118395728432
T2_E1_Elche,NO,T2_E2_Elda,NO,5,0.03491413798471705
T2_E1_Elche,NO,T2_E2_Elda,NO,6,0.00867641137982422
T2_E1_Elche,NO,T2_E2_Elda,NO,7,-0.0008044414379486461
T2_E1_Elche,NO,T2_E2_Elda,NO,8,-0.0021876985153828654
T2_E1_Elche,NO,T2_E2_Elda,NO,9,0.00320379533323513
T2_E1_Elche,NO,T2_E2_Elda,NO,10,0.026895992828146916
T2_E1_Elche,NO,T2_E2_Elda,NO,11,0.07942750322093109
T2_E1_Elche,NO,T2_E2_Elda,NO,12,0.13398538624294556
T2_E1_Elche,NO,T2_E2_Elda,NO,13,0.1730198532417852
T2_E1_Elche,NO,T2_E2_Elda,NO,14,0.17996609465650643
T2_E1_Elche,NO,T2_E2_Elda,NO,15,0.13891169030314088
T2_E1_Elche,NO,T2_E2_Elda,NO,16,0.08567846785585133
T2_E1_Elche,NO,T2_E2_Elda,NO,17,0.03679816373125432
T2_E1_Elche,NO,T2_E2_Elda,NO,18,0.010387290112671645
T2_E1_Elche,NO,T2_E2_Elda,NO,19,0.004125482952529176
T2_E1_Elche,NO,T2_E2_Elda,NO,20,0.007506062905047503
T2_E1_Elche,NO,T2_E2_Elda,NO,21,0.01795705051969233
T2_E1_Elche,NO,T2_E2_Elda,NO,22,0.04629820257474667
T2_E1_Elche,NO,T2_E2_Elda,NO,23,0.10569349861355475
T2_E1_Elche,NO,T2_E2_Elda,NO,24,0.16647513824820934
T2_E1_Elche,NO,T2_E2_Elda,NO,25,0.18598168499194864
T2_E1_Elche,NO,T2_E2_Elda,NO,26,0.14971260234821898
T2_E1_Elche,NO,T2_E2_Elda,NO,27,0.08997131681032612
T2_E1_Elche,NO,T2_E2_Elda,NO,28,0.03860681162309855
T2_E1_Elche,NO,T2_E2_Elda,NO,29,0.010867704864830033
T2_E1_Elche,NO,T2_E2_Elda,NO,30,-0.0065553443553352875
T2_E1_Elche,NO,T2_E2_Elda,NO,31,-0.014852333394018388
T2_E1_Elche,NO,T2_E2_Elda,NO,32,-0.018998996505108084
T2_E1_Elche,NO,T2_E2_Elda,NO,33,-0.014278232657506532
T2_E1_Elche,NO,T2_E2_Elda,NO,34,0.00019216665267039076
T2_E1_Elche,NO,T2_E2_Elda,NO,35,0.03035396904629719
T2_E1_Elche,NO,T2_E2_Elda,NO,36,0.07551864420656203
T2_E1_Elche,NO,T2_E2_Elda,NO,37,0.10839134272963172
T2_E1_Elche,NO,T2_E2_Elda,NO,38,0.11252432104104115
T2_E1_Elche,NO,T2_E2_Elda,NO,39,0.07873509021136729
T2_E1_Elche,NO,T2_E2_Elda,NO,40,0.036308546926196304
T2_E1_Elche,NO,T2_E2_Elda,NO,41,0.009415176836402315
T2_E1_Elche,NO,T2_E2_Elda,NO,42,-1.616947445657533e-05
T2_E1_Elche,NO,T2_E2_Elda,NO,43,-0.0009544324548003748
T2_E1_Elche,NO,T2_E2_Elda,NO,44,0.006842644875321759
T2_E1_Elche,NO,T2_E2_Elda,NO,45,0.014296412106306566
T2_E1_Elche,NO,T2_E2_Elda,NO,46,0.037561619164384885
T2_E1_Elche,NO,T2_E2_Elda,NO,47,0.0785482147314502
T2_E1_Elche,NO,T2_E2_Elda,NO,48,0.1321059560638291
T2_E1_Elche,NO,T2_E2_Elda,NO,49,0.16063200513094653
T2_E1_Elche,NO,T2_E2_Elda,NO,50,0.12930883156197703
T2_E1_Elche,NO,T2_E2_Elda,NO,51,0.08101020459409375
T2_E1_Elche,NO,T2_E2_Elda,NO,52,0.031298969472298224
T2_E1_Elche,NO,T2_E2_Elda,NO,53,-2.3206614968327917e-05
T2_E1_Elche,NO,T2_E2_Elda,NO,54,-0.014231891058352727
T2_E1_Elche,NO,T2_E2_Elda,NO,55,-0.020974160461500455
T2_E1_Elche,NO,T2_E2_Elda,NO,56,-0.022103416095146454
T2_E1_Elche,NO,T2_E2_Elda,NO,57,-0.016321616759856748
T2_E1_Elche,NO,T2_E2_Elda,NO,58,-0.0008921423747064014
T2_E1_Elche,NO,T2_E2_Elda,NO,59,0.0317676537149387
T2_E1_Elche,NO,T2_E2_Elda,NO,60,0.06975586461642606
T2_E1_Elche,NO,T2_E2_Elda,NO,61,0.10372842590281281
T2_E1_Elche,NO,T2_E2_Elda,NO,62,0.11270332080953795
T2_E1_Elche,NO,T2_E2_Elda,NO,63,0.07905318253420394
T2_E1_Elche,NO,T2_E2_Elda,NO,64,0.0410863883172471
T2_E1_Elche,NO,T2_E2_Elda,NO,65,0.01334878099800865
T2_E1_Elche,NO,T2_E2_Elda,NO,66,-0.0022542420469027183
T2_E1_Elche,NO,T2_E2_Elda,NO,67,-0.008775823366673745
T2_E1_Elche,NO,T2_E2_Elda,NO,68,-0.007107918419956525
T2_E1_Elche,NO,T2_E2_Elda,NO,69,0.0032019277892413457
T2_E1_Elche,NO,T2_E2_Elda,NO,70,0.02632628290375535
T2_E1_Elche,NO,T2_E2_Elda,NO,71,0.07094933983087139
T2_E1_Elche,NO,T2_E2_Elda,NO,72,0.12599010811456032
T2_E1_Elche,NO,T2_E2_Elda,NO2,-72,0.14920611514031307
T2_E1_Elche,NO,T2_E2_Elda,NO2,-71,0.1518747391444234
T2_E1_Elche,NO,T2_E2_Elda,NO2,-70,0.12074093952108944
T2_E1_Elche,NO,T2_E2_Elda,NO2,-69,0.0688455166217073
T2_E1_Elche,NO,T2_E2_Elda,NO2,-68,0.023283314711326324
T2_E1_Elche,NO,T2_E2_Elda,NO2,-67,-0.011198864240480909
T2_E1_Elche,NO,T2_E2_Elda,NO2,-66,-0.029522411552775674
T2_E1_Elche,NO,T2_E2_Elda,NO2,-65,-0.03041123735613748
T2_E1_Elche,NO,T2_E2_Elda,NO2,-64,-0.019624945262400308
T2_E1_Elche,NO,T2_E2_Elda,NO2,-63,0.003595571852534823
T2_E1_Elche,NO,T2_E2_Elda,NO2,-62,0.04439746264380741
T2_E1_Elche,NO,T2_E2_Elda,NO2,-61,0.09604015009067421
T2_E1_Elche,NO,T2_E2_Elda,NO2,-60,0.1397569819638841
T2_E1_Elche,NO,T2_E2_Elda,NO2,-59,0.1548015329533963
T2_E1_Elche,NO,T2_E2_Elda,NO2,-58,0.12286812625798707
T2_E1_Elche,NO,T2_E2_Elda,NO2,-57,0.06862307674941913
T2_E1_Elche,NO,T2_E2_Elda,NO2,-56,0.019111902630791135
T2_E1_Elche,NO,T2_E2_Elda,NO2,-55,-0.014984202619304936
T2_E1_Elche,NO,T2_E2_Elda,NO2,-54,-0.03411631681047172
T2_E1_Elche,NO,T2_E2_Elda,NO2,-53,-0.030915695372911795
T2_E1_Elche,NO,T2_E2_Elda,NO2,-52,-0.00997806955205261
T2_E1_Elche,NO,T2_E2_Elda,NO2,-51,0.02945158552042677
T2_E1_Elche,NO,T2_E2_Elda,NO2,-50,0.08506972656603226
T2_E1_Elche,NO,T2_E2_Elda,NO2,-49,0.14567735317519043
T2_E1_Elche,NO,T2_E2_Elda,NO2,-48,0.17925802358835521
T2_E1_Elche,NO,T2_E2_Elda,NO2,-47,0.17359147131761768
T2_E1_Elche,NO,T2_E2_Elda,NO2,-46,0.13256343153307035
T2_E1_Elche,NO,T2_E2_Elda,NO2,-45,0.07365629949555394
T2_E1_Elche,NO,T2_E2_Elda,NO2,-44,0.014882839645799738
T2_E1_Elche,NO,T2_E2_Elda,NO2,-43,-0.027348967736545767
T2_E1_Elche,NO,T2_E2_Elda,NO2,-42,-0.04881964023796103
T2_E1_Elche,NO,T2_E2_Elda,NO2,-41,-0.05127933873132706
T2_E1_Elche,NO,T2_E2_Elda,NO2,-40,-0.03735688229174538
T2_E1_Elche,NO,T2_E2_Elda,NO2,-39,-0.006447281107236752
T2_E1_Elche,NO,T2_E2_Elda,NO2,-38,0.044141225170614785
T2_E1_Elche,NO,T2_E2_Elda,NO2,-37,0.10422835107987125
T2_E1_Elche,NO,T2_E2_Elda,NO2,-36,0.15656689152903655
T2_E1_Elche,NO,T2_E2_Elda,NO2,-35,0.17426133512523517
T2_E1_Elche,NO,T2_E2_Elda,NO2,-34,0.1482441649424858
T2_E1_Elche,NO,T2_E2_Elda,NO2,-33,0.09328820107315117
T2_E1_Elche,NO,T2_E2_Elda,NO2,-32,0.041444843811274626
T2_E1_Elche,NO,T2_E2_Elda,NO2,-31,-0.0034062226513163103
T2_E1_Elche,NO,T2_E2_Elda,NO2,-30,-0.03150493382937185
T2_E1_Elche,NO,T2_E2_Elda,NO2,-29,-0.029306444700187693
T2_E1_Elche,NO,T2_E2_Elda,NO2,-28,-0.004377686975324079
T2_E1_Elche,NO,T2_E2_Elda,NO2,-27,0.04618456912286234
T2_E1_Elche,NO,T2_E2_Elda,NO2,-26,0.11571720161567428
T2_E1_Elche,NO,T2_E2_Elda,NO2,-25,0.18853477904792657
T2_E1_Elche,NO,T2_E2_Elda,NO2,-24,0.22921378108486548
T2_E1_Elche,NO,T2_E2_Elda,NO2,-23,0.22233310391822084
T2_E1_Elche,NO,T2_E2_Elda,NO2,-22,0.17436938200745183
T2_E1_Elche,NO,T2_E2_Elda,NO2,-21,0.1061583440926171
T2_E1_Elche,NO,T2_E2_Elda,NO2,-20,0.046580773578695035
T2_E1_Elche,NO,T2_E2_Elda,NO2,-19,0.0007310903245452138
T2_E1_Elche,NO,T2_E2_Elda,NO2,-18,-0.01841118257336647
T2_E1_Elche,NO,T2_E2_Elda,NO2,-17,-0.015004615763353001
T2_E1_Elche,NO,T2_E2_Elda,NO2,-16,0.0059963114323644765
T2_E1_Elche,NO,T2_E2_Elda,NO2,-15,0.04758074989750558
T2_E1_Elche,NO,T2_E2_Elda,NO2,-14,0.10696523555750374
T2_E1_Elche,NO,T2_E2_Elda,NO2,-13,0.1814923937045102
T2_E1_Elche,NO,T2_E2_Elda,NO2,-12,0.23911089482618453
T2_E1_Elche,NO,T2_E2_Elda,NO2,-11,0.24870046198908466
T2_E1_Elche,NO,T2_E2_Elda,NO2,-10,0.20669560509295257
T2_E1_Elche,NO,T2_E2_Elda,NO2,-9,0.13726797408961255
T2_E1_Elche,NO,T2_E2_Elda,NO2,-8,0.07801868386817666
T2_E1_Elche,NO,T2_E2_Elda,NO2,-7,0.03333720703797968
T2_E1_Elche,NO,T2_E2_Elda,NO2,-6,0.011821511054638592
T2_E1_Elche,NO,T2_E2_Elda,NO2,-5,0.01942793792409553
T2_E1_Elche,NO,T2_E2_Elda,NO2,-4,0.05355529743169728
T2_E1_Elche,NO,T2_E2_Elda,NO2,-3,0.11979445382694988
T2_E1_Elche,NO,T2_E2_Elda,NO2,-2,0.21871692546763377
T2_E1_Elche,NO,T2_E2_Elda,NO2,-1,0.3237964346172534
T2_E1_Elche,NO,T2_E2_Elda,NO2,0,0.39536663859808346
T2_E1_Elche,NO,T2_E2_Elda,NO2,1,0.38895172785228554
T2_E1_Elche,NO,T2_E2_Elda,NO2,2,0.3085480304608549
T2_E1_Elche,NO,T2_E2_Elda,NO2,3,0.20366313845558956
T2_E1_Elche,NO,T2_E2_Elda,NO2,4,0.10489700949983492
T2_E1_Elche,NO,T2_E2_Elda,NO2,5,0.039260993880462676
T2_E1_Elche,NO,T2_E2_Elda,NO2,6,0.009654538032998908
T2_E1_Elche,NO,T2_E2_Elda,NO2,7,0.006487161179894075
T2_E1_Elche,NO,T2_E2_Elda,NO2,8,0.02001733475500275
T2_E1_Elche,NO,T2_E2_Elda,NO2,9,0.04595799352588049
T2_E1_Elche,NO,T2_E2_Elda,NO2,10,0.09194144129110961
T2_E1_Elche,NO,T2_E2_Elda,NO2,11,0.15878005496165892
T2_E1_Elche,NO,T2_E2_Elda,NO2,12,0.21131780748641488
T2_E1_Elche,NO,T2_E2_Elda,NO2,13,0.22100374284864788
T2_E1_Elche,NO,T2_E2_Elda,NO2,14,0.18281998171274827
T2_E1_Elche,NO,T2_E2_Elda,NO2,15,0.11826379022793508
T2_E1_Elche,NO,T2_E2_Elda,NO2,16,0.05750968429149896
T2_E1_Elche,NO,T2_E2_Elda,NO2,17,0.010098949708906164
T2_E1_Elche,NO,T2_E2_Elda,NO2,18,-0.01388739639392919
T2_E1_Elche,NO,T2_E2_Elda,NO2,19,-0.014133346540091046
T2_E1_Elche,NO,T2_E2_Elda,NO2,20,0.006690026872653538
T2_E1_Elche,NO,T2_E2_Elda,NO2,21,0.0458017660782044
T2_E1_Elche,NO,T2_E2_Elda,NO2,22,0.1051715423303621
T2_E1_Elche,NO,T2_E2_Elda,NO2,23,0.16992272415010032
T2_E1_Elche,NO,T2_E2_Elda,NO2,24,0.20772918532510368
T2_E1_Elche,NO,T2_E2_Elda,NO2,25,0.2029462483641641
T2_E1_Elche,NO,T2_E2_Elda,NO2,26,0.15575015046528717
T2_E1_Elche,NO,T2_E2_Elda,NO2,27,0.09329833980823395
T2_E1_Elche,NO,T2_E2_Elda,NO2,28,0.036635713840993636
T2_E1_Elche,NO,T2_E2_Elda,NO2,29,-0.003256060510373866
T2_E1_Elche,NO,T2_E2_Elda,NO2,30,-0.02477623405834346
T2_E1_Elche,NO,T2_E2_Elda,NO2,31,-0.030129011019311217
T2_E1_Elche,NO,T2_E2_Elda,NO2,32,-0.02029606892344191
T2_E1_Elche,NO,T2_E2_Elda,NO2,33,0.00440884406298646
T2_E1_Elche,NO,T2_E2_Elda,NO2,34,0.04744555028104296
T2_E1_Elche,NO,T2_E2_Elda,NO2,35,0.0989414840289977
T2_E1_Elche,NO,T2_E2_Elda,NO2,36,0.13772348165343085
T2_E1_Elche,NO,T2_E2_Elda,NO2,37,0.14364608031043422
T2_E1_Elche,NO,T2_E2_Elda,NO2,38,0.11931553974339573
T2_E1_Elche,NO,T2_E2_Elda,NO2,39,0.07398993060212745
T2_E1_Elche,NO,T2_E2_Elda,NO2,40,0.022424793578526152
T2_E1_Elche,NO,T2_E2_Elda,NO2,41,-0.01533144648862932
T2_E1_Elche,NO,T2_E2_Elda,NO2,42,-0.03324700172892981
T2_E1_Elche,NO,T2_E2_Elda,NO2,43,-0.03162290069971845
T2_E1_Elche,NO,T2_E2_Elda,NO2,44,-0.010833580266275936
T2_E1_Elche,NO,T2_E2_Elda,NO2,45,0.025719895856895932
T2_E1_Elche,NO,T2_E2_Elda,NO2,46,0.08180582632137512
T2_E1_Elche,NO,T2_E2_Elda,NO2,47,0.13958016378174057
T2_E1_Elche,NO,T2_E2_Elda,NO2,48,0.17578673758883817
T2_E1_Elche,NO,T2_E2_Elda,NO2,49,0.1855904772978393
T2_E1_Elche,NO,T2_E2_Elda,NO2,50,0.1567576079086205
T2_E1_Elche,NO,T2_E2_Elda,NO2,51,0.10414683030605774
T2_E1_Elche,NO,T2_E2_Elda,NO2,52,0.04731777275792682
T2_E1_Elche,NO,T2_E2_Elda,NO2,53,0.0006075466060657752
T2_E1_Elche,NO,T2_E2_Elda,NO2,54,-0.028003812204045696
T2_E1_Elche,NO,T2_E2_Elda,NO2,55,-0.03786861528273455
T2_E1_Elche,NO,T2_E2_Elda,NO2,56,-0.028338100565996956
T2_E1_Elche,NO,T2_E2_Elda,NO2,57,-0.0035942622529825355
T2_E1_Elche,NO,T2_E2_Elda,NO2,58,0.03694753678363451
T2_E1_Elche,NO,T2_E2_Elda,NO2,59,0.08237713087562422
T2_E1_Elche,NO,T2_E2_Elda,NO2,60,0.12176771778466473
T2_E1_Elche,NO,T2_E2_Elda,NO2,61,0.1377808888246916
T2_E1_Elche,NO,T2_E2_Elda,NO2,62,0.11867625946241982
T2_E1_Elche,NO,T2_E2_Elda,NO2,63,0.0755499616406263
T2_E1_Elche,NO,T2_E2_Elda,NO2,64,0.027738172078290352
T2_E1_Elche,NO,T2_E2_Elda,NO2,65,-0.008534261536185748
T2_E1_Elche,NO,T2_E2_Elda,NO2,66,-0.028446178285020194
T2_E1_Elche,NO,T2_E2_Elda,NO2,67,-0.033208531524585694
T2_E1_Elche,NO,T2_E2_Elda,NO2,68,-0.018466590413805824
T2_E1_Elche,NO,T2_E2_Elda,NO2,69,0.017279614758282935
T2_E1_Elche,NO,T2_E2_Elda,NO2,70,0.06565998257170608
T2_E1_Elche,NO,T2_E2_Elda,NO2,71,0.1178729404156475
T2_E1_Elche,NO,T2_E2_Elda,NO2,72,0.1569477742163716
T2_E1_Elche,NO,T2_E2_Elda,O3,-72,-0.14097290513972263
T2_E1_Elche,NO,T2_E2_Elda,O3,-71,-0.1257640299991967
T2_E1_Elche,NO,T2_E2_Elda,O3,-70,-0.09772108861761408
T2_E1_Elche,NO,T2_E2_Elda,O3,-69,-0.06835200879114557
T2_E1_Elche,NO,T2_E2_Elda,O3,-68,-0.04458948480940124
T2_E1_Elche,NO,T2_E2_Elda,O3,-67,-0.029012567129044837
T2_E1_Elche,NO,T2_E2_Elda,O3,-66,-0.021835180314595186
T2_E1_Elche,NO,T2_E2_Elda,O3,-65,-0.024802335280388364
T2_E1_Elche,NO,T2_E2_Elda,O3,-64,-0.036577062296789774
T2_E1_Elche,NO,T2_E2_Elda,O3,-63,-0.05582927303941153
T2_E1_Elche,NO,T2_E2_Elda,O3,-62,-0.08059544406775172
T2_E1_Elche,NO,T2_E2_Elda,O3,-61,-0.10642803408523384
T2_E1_Elche,NO,T2_E2_Elda,O3,-60,-0.12483034712686758
T2_E1_Elche,NO,T2_E2_Elda,O3,-59,-0.13233934391151922
T2_E1_Elche,NO,T2_E2_Elda,O3,-58,-0.12831415773356927
T2_E1_Elche,NO,T2_E2_Elda,O3,-57,-0.11659240486212691
T2_E1_Elche,NO,T2_E2_Elda,O3,-56,-0.10351462856128611
T2_E1_Elche,NO,T2_E2_Elda,O3,-55,-0.09379121749761007
T2_E1_Elche,NO,T2_E2_Elda,O3,-54,-0.0872240122983542
T2_E1_Elche,NO,T2_E2_Elda,O3,-53,-0.08639835892205054
T2_E1_Elche,NO,T2_E2_Elda,O3,-52,-0.09143702497998757
T2_E1_Elche,NO,T2_E2_Elda,O3,-51,-0.10554135497981487
T2_E1_Elche,NO,T2_E2_Elda,O3,-50,-0.12597247713328066
T2_E1_Elche,NO,T2_E2_Elda,O3,-49,-0.14106292566002834
T2_E1_Elche,NO,T2_E2_Elda,O3,-48,-0.13991708974368985
T2_E1_Elche,NO,T2_E2_Elda,O3,-47,-0.1181052774223722
T2_E1_Elche,NO,T2_E2_Elda,O3,-46,-0.08458457290244413
T2_E1_Elche,NO,T2_E2_Elda,O3,-45,-0.05303224599691565
T2_E1_Elche,NO,T2_E2_Elda,O3,-44,-0.028819796035029585
T2_E1_Elche,NO,T2_E2_Elda,O3,-43,-0.014967627513178044
T2_E1_Elche,NO,T2_E2_Elda,O3,-42,-0.010117945474186874
T2_E1_Elche,NO,T2_E2_Elda,O3,-41,-0.0121079782579093
T2_E1_Elche,NO,T2_E2_Elda,O3,-40,-0.022994241239286718
T2_E1_Elche,NO,T2_E2_Elda,O3,-39,-0.04364416875479056
T2_E1_Elche,NO,T2_E2_Elda,O3,-38,-0.07204232877385404
T2_E1_Elche,NO,T2_E2_Elda,O3,-37,-0.10142357951262103
T2_E1_Elche,NO,T2_E2_Elda,O3,-36,-0.12399783319315459
T2_E1_Elche,NO,T2_E2_Elda,O3,-35,-0.1340005688176105
T2_E1_Elche,NO,T2_E2_Elda,O3,-34,-0.13137130878889497
T2_E1_Elche,NO,T2_E2_Elda,O3,-33,-0.11924498072135747
T2_E1_Elche,NO,T2_E2_Elda,O3,-32,-0.10559821390011138
T2_E1_Elche,NO,T2_E2_Elda,O3,-31,-0.09303367944922349
T2_E1_Elche,NO,T2_E2_Elda,O3,-30,-0.08529504360460281
T2_E1_Elche,NO,T2_E2_Elda,O3,-29,-0.08534708951017221
T2_E1_Elche,NO,T2_E2_Elda,O3,-28,-0.0944047717821806
T2_E1_Elche,NO,T2_E2_Elda,O3,-27,-0.11351312981104641
T2_E1_Elche,NO,T2_E2_Elda,O3,-26,-0.1399131096940253
T2_E1_Elche,NO,T2_E2_Elda,O3,-25,-0.1624607861164517
T2_E1_Elche,NO,T2_E2_Elda,O3,-24,-0.16430352354849678
T2_E1_Elche,NO,T2_E2_Elda,O3,-23,-0.14172361436567238
T2_E1_Elche,NO,T2_E2_Elda,O3,-22,-0.10741557096691007
T2_E1_Elche,NO,T2_E2_Elda,O3,-21,-0.07279800352581649
T2_E1_Elche,NO,T2_E2_Elda,O3,-20,-0.04544062324578117
T2_E1_Elche,NO,T2_E2_Elda,O3,-19,-0.026079089420268008
T2_E1_Elche,NO,T2_E2_Elda,O3,-18,-0.017885712381412178
T2_E1_Elche,NO,T2_E2_Elda,O3,-17,-0.019391134002519655
T2_E1_Elche,NO,T2_E2_Elda,O3,-16,-0.03245350181919414
T2_E1_Elche,NO,T2_E2_Elda,O3,-15,-0.05732411262879894
T2_E1_Elche,NO,T2_E2_Elda,O3,-14,-0.08936380887244334
T2_E1_Elche,NO,T2_E2_Elda,O3,-13,-0.121813749382159
T2_E1_Elche,NO,T2_E2_Elda,O3,-12,-0.1465954317121852
T2_E1_Elche,NO,T2_E2_Elda,O3,-11,-0.15469786722224227
T2_E1_Elche,NO,T2_E2_Elda,O3,-10,-0.14802261705210149
T2_E1_Elche,NO,T2_E2_Elda,O3,-9,-0.1318979264100584
T2_E1_Elche,NO,T2_E2_Elda,O3,-8,-0.1158067536473406
T2_E1_Elche,NO,T2_E2_Elda,O3,-7,-0.1030958641796785
T2_E1_Elche,NO,T2_E2_Elda,O3,-6,-0.09584377469025984
T2_E1_Elche,NO,T2_E2_Elda,O3,-5,-0.09663874834816906
T2_E1_Elche,NO,T2_E2_Elda,O3,-4,-0.10714650774925122
T2_E1_Elche,NO,T2_E2_Elda,O3,-3,-0.131281153085402
T2_E1_Elche,NO,T2_E2_Elda,O3,-2,-0.16648443045852465
T2_E1_Elche,NO,T2_E2_Elda,O3,-1,-0.19635114015781996
T2_E1_Elche,NO,T2_E2_Elda,O3,0,-0.19890254593549292
T2_E1_Elche,NO,T2_E2_Elda,O3,1,-0.168711471903887
T2_E1_Elche,NO,T2_E2_Elda,O3,2,-0.12282112667796709
T2_E1_Elche,NO,T2_E2_Elda,O3,3,-0.07858871829627621
T2_E1_Elche,NO,T2_E2_Elda,O3,4,-0.04411260000649376
T2_E1_Elche,NO,T2_E2_Elda,O3,5,-0.022299794429389917
T2_E1_Elche,NO,T2_E2_Elda,O3,6,-0.012550809258513767
T2_E1_Elche,NO,T2_E2_Elda,O3,7,-0.013972844364099046
T2_E1_Elche,NO,T2_E2_Elda,O3,8,-0.025198352310141604
T2_E1_Elche,NO,T2_E2_Elda,O3,9,-0.04577563537232613
T2_E1_Elche,NO,T2_E2_Elda,O3,10,-0.0734462023459627
T2_E1_Elche,NO,T2_E2_Elda,O3,11,-0.10226087072723893
T2_E1_Elche,NO,T2_E2_Elda,O3,12,-0.12457301130844
T2_E1_Elche,NO,T2_E2_Elda,O3,13,-0.1331341012964651
T2_E1_Elche,NO,T2_E2_Elda,O3,14,-0.12695877045178647
T2_E1_Elche,NO,T2_E2_Elda,O3,15,-0.11134217411399389
T2_E1_Elche,NO,T2_E2_Elda,O3,16,-0.09484266720981051
T2_E1_Elche,NO,T2_E2_Elda,O3,17,-0.0819255131903065
T2_E1_Elche,NO,T2_E2_Elda,O3,18,-0.07427739350865714
T2_E1_Elche,NO,T2_E2_Elda,O3,19,-0.0723841889929096
T2_E1_Elche,NO,T2_E2_Elda,O3,20,-0.07789006857116923
T2_E1_Elche,NO,T2_E2_Elda,O3,21,-0.0911455834128449
T2_E1_Elche,NO,T2_E2_Elda,O3,22,-0.10999582058436153
T2_E1_Elche,NO,T2_E2_Elda,O3,23,-0.12610391941857643
T2_E1_Elche,NO,T2_E2_Elda,O3,24,-0.12530503604858223
T2_E1_Elche,NO,T2_E2_Elda,O3,25,-0.1052670937126667
T2_E1_Elche,NO,T2_E2_Elda,O3,26,-0.07362696048942537
T2_E1_Elche,NO,T2_E2_Elda,O3,27,-0.044376584989121566
T2_E1_Elche,NO,T2_E2_Elda,O3,28,-0.022021957889899697
T2_E1_Elche,NO,T2_E2_Elda,O3,29,-0.007637306153170601
T2_E1_Elche,NO,T2_E2_Elda,O3,30,-0.001368221171077828
T2_E1_Elche,NO,T2_E2_Elda,O3,31,-0.0042068712021319735
T2_E1_Elche,NO,T2_E2_Elda,O3,32,-0.01579694070782895
T2_E1_Elche,NO,T2_E2_Elda,O3,33,-0.03575757415269028
T2_E1_Elche,NO,T2_E2_Elda,O3,34,-0.06307196414140705
T2_E1_Elche,NO,T2_E2_Elda,O3,35,-0.09094538408546553
T2_E1_Elche,NO,T2_E2_Elda,O3,36,-0.11225299549985435
T2_E1_Elche,NO,T2_E2_Elda,O3,37,-0.12090444482005637
T2_E1_Elche,NO,T2_E2_Elda,O3,38,-0.11639476762360583
T2_E1_Elche,NO,T2_E2_Elda,O3,39,-0.10110276914075576
T2_E1_Elche,NO,T2_E2_Elda,O3,40,-0.08523464550908705
T2_E1_Elche,NO,T2_E2_Elda,O3,41,-0.07236808340423688
T2_E1_Elche,NO,T2_E2_Elda,O3,42,-0.06586958004375844
T2_E1_Elche,NO,T2_E2_Elda,O3,43,-0.06472782457569612
T2_E1_Elche,NO,T2_E2_Elda,O3,44,-0.07073152946483344
T2_E1_Elche,NO,T2_E2_Elda,O3,45,-0.08596656540794025
T2_E1_Elche,NO,T2_E2_Elda,O3,46,-0.10819810704900464
T2_E1_Elche,NO,T2_E2_Elda,O3,47,-0.126833403511434
T2_E1_Elche,NO,T2_E2_Elda,O3,48,-0.13040053482757352
T2_E1_Elche,NO,T2_E2_Elda,O3,49,-0.11418825597285283
T2_E1_Elche,NO,T2_E2_Elda,O3,50,-0.08639358423125
T2_E1_Elche,NO,T2_E2_Elda,O3,51,-0.05835125416611772
T2_E1_Elche,NO,T2_E2_Elda,O3,52,-0.03415816211921788
T2_E1_Elche,NO,T2_E2_Elda,O3,53,-0.01624196221342454
T2_E1_Elche,NO,T2_E2_Elda,O3,54,-0.007193546718625079
T2_E1_Elche,NO,T2_E2_Elda,O3,55,-0.00781346485821632
T2_E1_Elche,NO,T2_E2_Elda,O3,56,-0.01798787594646593
T2_E1_Elche,NO,T2_E2_Elda,O3,57,-0.037907928652876406
T2_E1_Elche,NO,T2_E2_Elda,O3,58,-0.06599355146297593
T2_E1_Elche,NO,T2_E2_Elda,O3,59,-0.09451185667940622
T2_E1_Elche,NO,T2_E2_Elda,O3,60,-0.11554747183004396
T2_E1_Elche,NO,T2_E2_Elda,O3,61,-0.12279969114639532
T2_E1_Elche,NO,T2_E2_Elda,O3,62,-0.11652812924876353
T2_E1_Elche,NO,T2_E2_Elda,O3,63,-0.10218258899700104
T2_E1_Elche,NO,T2_E2_Elda,O3,64,-0.08677511553934618
T2_E1_Elche,NO,T2_E2_Elda,O3,65,-0.07556813980677893
T2_E1_Elche,NO,T2_E2_Elda,O3,66,-0.06832482958246647
T2_E1_Elche,NO,T2_E2_Elda,O3,67,-0.06476611607409652
T2_E1_Elche,NO,T2_E2_Elda,O3,68,-0.06833524089161386
T2_E1_Elche,NO,T2_E2_Elda,O3,69,-0.08276059028194055
T2_E1_Elche,NO,T2_E2_Elda,O3,70,-0.10398508052844285
T2_E1_Elche,NO,T2_E2_Elda,O3,71,-0.12173294811951427
T2_E1_Elche,NO,T2_E2_Elda,O3,72,-0.12396338770705692
T2_E1_Elche,NO2,T1_E1_Alicante,NO,-72,0.2611607850784757
T2_E1_Elche,NO2,T1_E1_Alicante,NO,-71,0.236440322686631
T2_E1_Elche,NO2,T1_E1_Alicante,NO,-70,0.156781016984813
T2_E1_Elche,NO2,T1_E1_Alicante,NO,-69,0.0698039283972876
T2_E1_Elche,NO2,T1_E1_Alicante,NO,-68,0.008643128825754711
T2_E1_Elche,NO2,T1_E1_Alicante,NO,-67,-0.027227502587805822
T2_E1_Elche,NO2,T1_E1_Alicante,NO,-66,-0.035274774168119506
T2_E1_Elche,NO2,T1_E1_Alicante,NO,-65,-0.016650976437466797
T2_E1_Elche,NO2,T1_E1_Alicante,NO,-64,0.027485839278659434
T2_E1_Elche,NO2,T1_E1_Alicante,NO,-63,0.09679041186430819
T2_E1_Elche,NO2,T1_E1_Alicante,NO,-62,0.18532222753102454
T2_E1_Elche,NO2,T1_E1_Alicante,NO,-61,0.2635181241214526
T2_E1_Elche,NO2,T1_E1_Alicante,NO,-60,0.2957659637872688
T2_E1_Elche,NO2,T1_E1_Alicante,NO,-59,0.26138150064879606
T2_E1_Elche,NO2,T1_E1_Alicante,NO,-58,0.18054182092646068
T2_E1_Elche,NO2,T1_E1_Alicante,NO,-57,0.08728971204292262
T2_E1_Elche,NO2,T1_E1_Alicante,NO,-56,0.013188372056882856
T2_E1_Elche,NO2,T1_E1_Alicante,NO,-55,-0.03234499061877896
T2_E1_Elche,NO2,T1_E1_Alicante,NO,-54,-0.048423626145950305
T2_E1_Elche,NO2,T1_E1_Alicante,NO,-53,-0.03615754457029944
T2_E1_Elche,NO2,T1_E1_Alicante,NO,-52,-0.0016162431200592302
T2_E1_Elche,NO2,T1_E1_Alicante,NO,-51,0.058523759486788444
T2_E1_Elche,NO2,T1_E1_Alicante,NO,-50,0.15004599294644083
T2_E1_Elche,NO2,T1_E1_Alicante,NO,-49,0.24892326314935498
T2_E1_Elche,NO2,T1_E1_Alicante,NO,-48,0.3072046174452962
T2_E1_Elche,NO2,T1_E1_Alicante,NO,-47,0.2793000287346996
T2_E1_Elche,NO2,T1_E1_Alicante,NO,-46,0.18460888972724399
T2_E1_Elche,NO2,T1_E1_Alicante,NO,-45,0.084529351901435
T2_E1_Elche,NO2,T1_E1_Alicante,NO,-44,0.010545744902394997
T2_E1_Elche,NO2,T1_E1_Alicante,NO,-43,-0.02953753675193508
T2_E1_Elche,NO2,T1_E1_Alicante,NO,-42,-0.036866157694363993
T2_E1_Elche,NO2,T1_E1_Alicante,NO,-41,-0.018147539815308318
T2_E1_Elche,NO2,T1_E1_Alicante,NO,-40,0.024659028067127376
T2_E1_Elche,NO2,T1_E1_Alicante,NO,-39,0.09445523926642554
T2_E1_Elche,NO2,T1_E1_Alicante,NO,-38,0.1827099516335777
T2_E1_Elche,NO2,T1_E1_Alicante,NO,-37,0.26465868974445445
T2_E1_Elche,NO2,T1_E1_Alicante,NO,-36,0.3002943591532931
T2_E1_Elche,NO2,T1_E1_Alicante,NO,-35,0.26803033869056553
T2_E1_Elche,NO2,T1_E1_Alicante,NO,-34,0.1838825001194437
T2_E1_Elche,NO2,T1_E1_Alicante,NO,-33,0.08767195817356538
T2_E1_Elche,NO2,T1_E1_Alicante,NO,-32,0.013371206576995948
T2_E1_Elche,NO2,T1_E1_Alicante,NO,-31,-0.030765039968968493
T2_E1_Elche,NO2,T1_E1_Alicante,NO,-30,-0.04522426249737814
T2_E1_Elche,NO2,T1_E1_Alicante,NO,-29,-0.03157328974453106
T2_E1_Elche,NO2,T1_E1_Alicante,NO,-28,0.010332314503101604
T2_E1_Elche,NO2,T1_E1_Alicante,NO,-27,0.08222919812832753
T2_E1_Elche,NO2,T1_E1_Alicante,NO,-26,0.18629399109726477
T2_E1_Elche,NO2,T1_E1_Alicante,NO,-25,0.30007001255250537
T2_E1_Elche,NO2,T1_E1_Alicante,NO,-24,0.3646624836556115
T2_E1_Elche,NO2,T1_E1_Alicante,NO,-23,0.32969016830023057
T2_E1_Elche,NO2,T1_E1_Alicante,NO,-22,0.22236709095343116
T2_E1_Elche,NO2,T1_E1_Alicante,NO,-21,0.11016341143479963
T2_E1_Elche,NO2,T1_E1_Alicante,NO,-20,0.02855285885919091
T2_E1_Elche,NO2,T1_E1_Alicante,NO,-19,-0.013036742631727808
T2_E1_Elche,NO2,T1_E1_Alicante,NO,-18,-0.015324959661976476
T2_E1_Elche,NO2,T1_E1_Alicante,NO,-17,0.009429173706349783
T2_E1_Elche,NO2,T1_E1_Alicante,NO,-16,0.061313766994328514
T2_E1_Elche,NO2,T1_E1_Alicante,NO,-15,0.14236369417243544
T2_E1_Elche,NO2,T1_E1_Alicante,NO,-14,0.25408691643242903
T2_E1_Elche,NO2,T1_E1_Alicante,NO,-13,0.3622710873831967
T2_E1_Elche,NO2,T1_E1_Alicante,NO,-12,0.4126347911374273
T2_E1_Elche,NO2,T1_E1_Alicante,NO,-11,0.38359541266001634
T2_E1_Elche,NO2,T1_E1_Alicante,NO,-10,0.2876965504772662
T2_E1_Elche,NO2,T1_E1_Alicante,NO,-9,0.166142246342938
T2_E1_Elche,NO2,T1_E1_Alicante,NO,-8,0.0660926399083177
T2_E1_Elche,NO2,T1_E1_Alicante,NO,-7,0.007872259745055564
T2_E1_Elche,NO2,T1_E1_Alicante,NO,-6,-0.008808808207897263
T2_E1_Elche,NO2,T1_E1_Alicante,NO,-5,0.01108916065466738
T2_E1_Elche,NO2,T1_E1_Alicante,NO,-4,0.062448372214114777
T2_E1_Elche,NO2,T1_E1_Alicante,NO,-3,0.1514942122454599
T2_E1_Elche,NO2,T1_E1_Alicante,NO,-2,0.2911688353565435
T2_E1_Elche,NO2,T1_E1_Alicante,NO,-1,0.45311631623188103
T2_E1_Elche,NO2,T1_E1_Alicante,NO,0,0.5509210146415476
T2_E1_Elche,NO2,T1_E1_Alicante,NO,1,0.49735472299454664
T2_E1_Elche,NO2,T1_E1_Alicante,NO,2,0.34708856343323435
T2_E1_Elche,NO2,T1_E1_Alicante,NO,3,0.1956060937557411
T2_E1_Elche,NO2,T1_E1_Alicante,NO,4,0.08488430845470767
T2_E1_Elche,NO2,T1_E1_Alicante,NO,5,0.02109924816308862
T2_E1_Elche,NO2,T1_E1_Alicante,NO,6,-0.0018730784586726754
T2_E1_Elche,NO2,T1_E1_Alicante,NO,7,0.010108999997140888
T2_E1_Elche,NO2,T1_E1_Alicante,NO,8,0.05384627989398704
T2_E1_Elche,NO2,T1_E1_Alicante,NO,9,0.13109555442251175
T2_E1_Elche,NO2,T1_E1_Alicante,NO,10,0.24010725277958347
T2_E1_Elche,NO2,T1_E1_Alicante,NO,11,0.34847752130816567
T2_E1_Elche,NO2,T1_E1_Alicante,NO,12,0.39637694664420664
T2_E1_Elche,NO2,T1_E1_Alicante,NO,13,0.3614968454541902
T2_E1_Elche,NO2,T1_E1_Alicante,NO,14,0.2593405480044046
T2_E1_Elche,NO2,T1_E1_Alicante,NO,15,0.13196436025183
T2_E1_Elche,NO2,T1_E1_Alicante,NO,16,0.03088536627940909
T2_E1_Elche,NO2,T1_E1_Alicante,NO,17,-0.027293215116368046
T2_E1_Elche,NO2,T1_E1_Alicante,NO,18,-0.048681908781339656
T2_E1_Elche,NO2,T1_E1_Alicante,NO,19,-0.039382061330265936
T2_E1_Elche,NO2,T1_E1_Alicante,NO,20,-0.005153472172232471
T2_E1_Elche,NO2,T1_E1_Alicante,NO,21,0.06047124539452077
T2_E1_Elche,NO2,T1_E1_Alicante,NO,22,0.16038751775007912
T2_E1_Elche,NO2,T1_E1_Alicante,NO,23,0.2804198675672803
T2_E1_Elche,NO2,T1_E1_Alicante,NO,24,0.3545855454518176
T2_E1_Elche,NO2,T1_E1_Alicante,NO,25,0.3243807471417425
T2_E1_Elche,NO2,T1_E1_Alicante,NO,26,0.2170024673355139
T2_E1_Elche,NO2,T1_E1_Alicante,NO,27,0.10565440825156654
T2_E1_Elche,NO2,T1_E1_Alicante,NO,28,0.024557525204031223
T2_E1_Elche,NO2,T1_E1_Alicante,NO,29,-0.024046428343830407
T2_E1_Elche,NO2,T1_E1_Alicante,NO,30,-0.03961866802416744
T2_E1_Elche,NO2,T1_E1_Alicante,NO,31,-0.0269622256115883
T2_E1_Elche,NO2,T1_E1_Alicante,NO,32,0.009595976123109784
T2_E1_Elche,NO2,T1_E1_Alicante,NO,33,0.0696829090741258
T2_E1_Elche,NO2,T1_E1_Alicante,NO,34,0.156667986012656
T2_E1_Elche,NO2,T1_E1_Alicante,NO,35,0.24061449796874096
T2_E1_Elche,NO2,T1_E1_Alicante,NO,36,0.2764039689306347
T2_E1_Elche,NO2,T1_E1_Alicante,NO,37,0.24632319154691815
T2_E1_Elche,NO2,T1_E1_Alicante,NO,38,0.16438798018267692
T2_E1_Elche,NO2,T1_E1_Alicante,NO,39,0.07017400861883541
T2_E1_Elche,NO2,T1_E1_Alicante,NO,40,-0.003981475902032268
T2_E1_Elche,NO2,T1_E1_Alicante,NO,41,-0.04710649188269818
T2_E1_Elche,NO2,T1_E1_Alicante,NO,42,-0.06098532569461066
T2_E1_Elche,NO2,T1_E1_Alicante,NO,43,-0.048503367729838175
T2_E1_Elche,NO2,T1_E1_Alicante,NO,44,-0.013896590000066156
T2_E1_Elche,NO2,T1_E1_Alicante,NO,45,0.04661845178976659
T2_E1_Elche,NO2,T1_E1_Alicante,NO,46,0.13589223396714084
T2_E1_Elche,NO2,T1_E1_Alicante,NO,47,0.23128598362317718
T2_E1_Elche,NO2,T1_E1_Alicante,NO,48,0.2850948393863526
T2_E1_Elche,NO2,T1_E1_Alicante,NO,49,0.2587005357293618
T2_E1_Elche,NO2,T1_E1_Alicante,NO,50,0.16952721959400913
T2_E1_Elche,NO2,T1_E1_Alicante,NO,51,0.07318057614508726
T2_E1_Elche,NO2,T1_E1_Alicante,NO,52,0.0018984746336622761
T2_E1_Elche,NO2,T1_E1_Alicante,NO,53,-0.037464765550384374
T2_E1_Elche,NO2,T1_E1_Alicante,NO,54,-0.04650547529831973
T2_E1_Elche,NO2,T1_E1_Alicante,NO,55,-0.03156916593006025
T2_E1_Elche,NO2,T1_E1_Alicante,NO,56,0.005024190226421653
T2_E1_Elche,NO2,T1_E1_Alicante,NO,57,0.06405808967590697
T2_E1_Elche,NO2,T1_E1_Alicante,NO,58,0.1422537107593193
T2_E1_Elche,NO2,T1_E1_Alicante,NO,59,0.21712135496780677
T2_E1_Elche,NO2,T1_E1_Alicante,NO,60,0.2446668851535495
T2_E1_Elche,NO2,T1_E1_Alicante,NO,61,0.21746779181214831
T2_E1_Elche,NO2,T1_E1_Alicante,NO,62,0.14816419923769242
T2_E1_Elche,NO2,T1_E1_Alicante,NO,63,0.061084003140871035
T2_E1_Elche,NO2,T1_E1_Alicante,NO,64,-0.009892616406753903
T2_E1_Elche,NO2,T1_E1_Alicante,NO,65,-0.05119162997829852
T2_E1_Elche,NO2,T1_E1_Alicante,NO,66,-0.06444398956895118
T2_E1_Elche,NO2,T1_E1_Alicante,NO,67,-0.05413934921482248
T2_E1_Elche,NO2,T1_E1_Alicante,NO,68,-0.025050233718727843
T2_E1_Elche,NO2,T1_E1_Alicante,NO,69,0.02830142048275962
T2_E1_Elche,NO2,T1_E1_Alicante,NO,70,0.11192297710833318
T2_E1_Elche,NO2,T1_E1_Alicante,NO,71,0.20723096757725873
T2_E1_Elche,NO2,T1_E1_Alicante,NO,72,0.26070820061538086
T2_E1_Elche,NO2,T1_E1_Alicante,NO2,-72,0.4241986053280047
T2_E1_Elche,NO2,T1_E1_Alicante,NO2,-71,0.3777533016722974
T2_E1_Elche,NO2,T1_E1_Alicante,NO2,-70,0.25833304439008825
T2_E1_Elche,NO2,T1_E1_Alicante,NO2,-69,0.12944081264689516
T2_E1_Elche,NO2,T1_E1_Alicante,NO2,-68,0.030000207417291567
T2_E1_Elche,NO2,T1_E1_Alicante,NO2,-67,-0.03185954701996438
T2_E1_Elche,NO2,T1_E1_Alicante,NO2,-66,-0.054361242919869275
T2_E1_Elche,NO2,T1_E1_Alicante,NO2,-65,-0.041381054339201334
T2_E1_Elche,NO2,T1_E1_Alicante,NO2,-64,0.006525009422273899
T2_E1_Elche,NO2,T1_E1_Alicante,NO2,-63,0.08416700007758776
T2_E1_Elche,NO2,T1_E1_Alicante,NO2,-62,0.17656524116806696
T2_E1_Elche,NO2,T1_E1_Alicante,NO2,-61,0.2527677209368362
T2_E1_Elche,NO2,T1_E1_Alicante,NO2,-60,0.28345185905077364
T2_E1_Elche,NO2,T1_E1_Alicante,NO2,-59,0.255576217682138
T2_E1_Elche,NO2,T1_E1_Alicante,NO2,-58,0.18435632676944508
T2_E1_Elche,NO2,T1_E1_Alicante,NO2,-57,0.09536907907206688
T2_E1_Elche,NO2,T1_E1_Alicante,NO2,-56,0.014340089607357892
T2_E1_Elche,NO2,T1_E1_Alicante,NO2,-55,-0.04370780816465304
T2_E1_Elche,NO2,T1_E1_Alicante,NO2,-54,-0.06689532489176282
T2_E1_Elche,NO2,T1_E1_Alicante,NO2,-53,-0.04926873298453235
T2_E1_Elche,NO2,T1_E1_Alicante,NO2,-52,0.013644987002242603
T2_E1_Elche,NO2,T1_E1_Alicante,NO2,-51,0.12368186426201402
T2_E1_Elche,NO2,T1_E1_Alicante,NO2,-50,0.2681775696860728
T2_E1_Elche,NO2,T1_E1_Alicante,NO2,-49,0.4027862877856841
T2_E1_Elche,NO2,T1_E1_Alicante,NO2,-48,0.463011005827904
T2_E1_Elche,NO2,T1_E1_Alicante,NO2,-47,0.41157858166873157
T2_E1_Elche,NO2,T1_E1_Alicante,NO2,-46,0.2817656980190694
T2_E1_Elche,NO2,T1_E1_Alicante,NO2,-45,0.14196617649893883
T2_E1_Elche,NO2,T1_E1_Alicante,NO2,-44,0.0332503945814169
T2_E1_Elche,NO2,T1_E1_Alicante,NO2,-43,-0.033052265304902594
T2_E1_Elche,NO2,T1_E1_Alicante,NO2,-42,-0.05612178929851377
T2_E1_Elche,NO2,T1_E1_Alicante,NO2,-41,-0.04084713698943973
T2_E1_Elche,NO2,T1_E1_Alicante,NO2,-40,0.009752008351679787
T2_E1_Elche,NO2,T1_E1_Alicante,NO2,-39,0.09264305164826304
T2_E1_Elche,NO2,T1_E1_Alicante,NO2,-38,0.18964377439224991
T2_E1_Elche,NO2,T1_E1_Alicante,NO2,-37,0.267948656493676
T2_E1_Elche,NO2,T1_E1_Alicante,NO2,-36,0.2965245978688374
T2_E1_Elche,NO2,T1_E1_Alicante,NO2,-35,0.2661161709324784
T2_E1_Elche,NO2,T1_E1_Alicante,NO2,-34,0.19011143645619377
T2_E1_Elche,NO2,T1_E1_Alicante,NO2,-33,0.09754394236765779
T2_E1_Elche,NO2,T1_E1_Alicante,NO2,-32,0.013502116137424773
T2_E1_Elche,NO2,T1_E1_Alicante,NO2,-31,-0.0440481056909
T2_E1_Elche,NO2,T1_E1_Alicante,NO2,-30,-0.0651784290479615
T2_E1_Elche,NO2,T1_E1_Alicante,NO2,-29,-0.04026927186586811
T2_E1_Elche,NO2,T1_E1_Alicante,NO2,-28,0.034969103529137416
T2_E1_Elche,NO2,T1_E1_Alicante,NO2,-27,0.16328106474790913
T2_E1_Elche,NO2,T1_E1_Alicante,NO2,-26,0.33027329931591437
T2_E1_Elche,NO2,T1_E1_Alicante,NO2,-25,0.48511398464446137
T2_E1_Elche,NO2,T1_E1_Alicante,NO2,-24,0.5533027712183084
T2_E1_Elche,NO2,T1_E1_Alicante,NO2,-23,0.4937561613434431
T2_E1_Elche,NO2,T1_E1_Alicante,NO2,-22,0.3494469879822593
T2_E1_Elche,NO2,T1_E1_Alicante,NO2,-21,0.19617316815190933
T2_E1_Elche,NO2,T1_E1_Alicante,NO2,-20,0.07834272163808866
T2_E1_Elche,NO2,T1_E1_Alicante,NO2,-19,0.00887716979539684
T2_E1_Elche,NO2,T1_E1_Alicante,NO2,-18,-0.013746997000916658
T2_E1_Elche,NO2,T1_E1_Alicante,NO2,-17,0.00558889973345714
T2_E1_Elche,NO2,T1_E1_Alicante,NO2,-16,0.0649286307701783
T2_E1_Elche,NO2,T1_E1_Alicante,NO2,-15,0.15872791677865083
T2_E1_Elche,NO2,T1_E1_Alicante,NO2,-14,0.27032782838247327
T2_E1_Elche,NO2,T1_E1_Alicante,NO2,-13,0.36426446232539433
T2_E1_Elche,NO2,T1_E1_Alicante,NO2,-12,0.40389124464385323
T2_E1_Elche,NO2,T1_E1_Alicante,NO2,-11,0.3774122432476331
T2_E1_Elche,NO2,T1_E1_Alicante,NO2,-10,0.297146676598973
T2_E1_Elche,NO2,T1_E1_Alicante,NO2,-9,0.19435923326567042
T2_E1_Elche,NO2,T1_E1_Alicante,NO2,-8,0.09745867561907481
T2_E1_Elche,NO2,T1_E1_Alicante,NO2,-7,0.03222394229675003
T2_E1_Elche,NO2,T1_E1_Alicante,NO2,-6,0.01073749419377139
T2_E1_Elche,NO2,T1_E1_Alicante,NO2,-5,0.04160941134274972
T2_E1_Elche,NO2,T1_E1_Alicante,NO2,-4,0.13168501826149798
T2_E1_Elche,NO2,T1_E1_Alicante,NO2,-3,0.28899661122885184
T2_E1_Elche,NO2,T1_E1_Alicante,NO2,-2,0.5094999461548136
T2_E1_Elche,NO2,T1_E1_Alicante,NO2,-1,0.7251618064587939
T2_E1_Elche,NO2,T1_E1_Alicante,NO2,0,0.8122024277460266
T2_E1_Elche,NO2,T1_E1_Alicante,NO2,1,0.7097151137053956
T2_E1_Elche,NO2,T1_E1_Alicante,NO2,2,0.506739791944433
T2_E1_Elche,NO2,T1_E1_Alicante,NO2,3,0.30924383904162595
T2_E1_Elche,NO2,T1_E1_Alicante,NO2,4,0.16057656743129245
T2_E1_Elche,NO2,T1_E1_Alicante,NO2,5,0.06931183443218675
T2_E1_Elche,NO2,T1_E1_Alicante,NO2,6,0.02828597683414906
T2_E1_Elche,NO2,T1_E1_Alicante,NO2,7,0.033338256247668036
T2_E1_Elche,NO2,T1_E1_Alicante,NO2,8,0.08231521935141597
T2_E1_Elche,NO2,T1_E1_Alicante,NO2,9,0.1689038178044965
T2_E1_Elche,NO2,T1_E1_Alicante,NO2,10,0.2744768623548498
T2_E1_Elche,NO2,T1_E1_Alicante,NO2,11,0.35816841187335796
T2_E1_Elche,NO2,T1_E1_Alicante,NO2,12,0.3865892780295956
T2_E1_Elche,NO2,T1_E1_Alicante,NO2,13,0.3511087211672907
T2_E1_Elche,NO2,T1_E1_Alicante,NO2,14,0.26525690632732263
T2_E1_Elche,NO2,T1_E1_Alicante,NO2,15,0.15794975280265516
T2_E1_Elche,NO2,T1_E1_Alicante,NO2,16,0.05969905385507867
T2_E1_Elche,NO2,T1_E1_Alicante,NO2,17,-0.0105394351678952
T2_E1_Elche,NO2,T1_E1_Alicante,NO2,18,-0.04146212719213582
T2_E1_Elche,NO2,T1_E1_Alicante,NO2,19,-0.027773812707621155
T2_E1_Elche,NO2,T1_E1_Alicante,NO2,20,0.03633066890317901
T2_E1_Elche,NO2,T1_E1_Alicante,NO2,21,0.15619988074375435
T2_E1_Elche,NO2,T1_E1_Alicante,NO2,22,0.31606392022544155
T2_E1_Elche,NO2,T1_E1_Alicante,NO2,23,0.4687321051861683
T2_E1_Elche,NO2,T1_E1_Alicante,NO2,24,0.5331582570021939
T2_E1_Elche,NO2,T1_E1_Alicante,NO2,25,0.46952657649310764
T2_E1_Elche,NO2,T1_E1_Alicante,NO2,26,0.325263719440438
T2_E1_Elche,NO2,T1_E1_Alicante,NO2,27,0.17763766105758816
T2_E1_Elche,NO2,T1_E1_Alicante,NO2,28,0.06283559910676681
T2_E1_Elche,NO2,T1_E1_Alicante,NO2,29,-0.009909939377886272
T2_E1_Elche,NO2,T1_E1_Alicante,NO2,30,-0.04027123526249135
T2_E1_Elche,NO2,T1_E1_Alicante,NO2,31,-0.032266604645090846
T2_E1_Elche,NO2,T1_E1_Alicante,NO2,32,0.011221502498261406
T2_E1_Elche,NO2,T1_E1_Alicante,NO2,33,0.08603433746050664
T2_E1_Elche,NO2,T1_E1_Alicante,NO2,34,0.1779805317970105
T2_E1_Elche,NO2,T1_E1_Alicante,NO2,35,0.25540230974737027
T2_E1_Elche,NO2,T1_E1_Alicante,NO2,36,0.285323788570267
T2_E1_Elche,NO2,T1_E1_Alicante,NO2,37,0.25647282835630175
T2_E1_Elche,NO2,T1_E1_Alicante,NO2,38,0.18130370148385136
T2_E1_Elche,NO2,T1_E1_Alicante,NO2,39,0.08974234019659445
T2_E1_Elche,NO2,T1_E1_Alicante,NO2,40,0.006807370370653622
T2_E1_Elche,NO2,T1_E1_Alicante,NO2,41,-0.049507812340046926
T2_E1_Elche,NO2,T1_E1_Alicante,NO2,42,-0.07112617743158432
T2_E1_Elche,NO2,T1_E1_Alicante,NO2,43,-0.05386605232389492
T2_E1_Elche,NO2,T1_E1_Alicante,NO2,44,0.007798828125705195
T2_E1_Elche,NO2,T1_E1_Alicante,NO2,45,0.11659313341365846
T2_E1_Elche,NO2,T1_E1_Alicante,NO2,46,0.2585280191987548
T2_E1_Elche,NO2,T1_E1_Alicante,NO2,47,0.388362059864523
T2_E1_Elche,NO2,T1_E1_Alicante,NO2,48,0.44356249082733734
T2_E1_Elche,NO2,T1_E1_Alicante,NO2,49,0.3917617586327459
T2_E1_Elche,NO2,T1_E1_Alicante,NO2,50,0.2705365853030897
T2_E1_Elche,NO2,T1_E1_Alicante,NO2,51,0.13754760094579266
T2_E1_Elche,NO2,T1_E1_Alicante,NO2,52,0.03306106652059017
T2_E1_Elche,NO2,T1_E1_Alicante,NO2,53,-0.032100165140199824
T2_E1_Elche,NO2,T1_E1_Alicante,NO2,54,-0.05567630130618175
T2_E1_Elche,NO2,T1_E1_Alicante,NO2,55,-0.04120852867328226
T2_E1_Elche,NO2,T1_E1_Alicante,NO2,56,0.006358284723942753
T2_E1_Elche,NO2,T1_E1_Alicante,NO2,57,0.08071617156985786
T2_E1_Elche,NO2,T1_E1_Alicante,NO2,58,0.16942429500074027
T2_E1_Elche,NO2,T1_E1_Alicante,NO2,59,0.2396290052631643
T2_E1_Elche,NO2,T1_E1_Alicante,NO2,60,0.26435118304037497
T2_E1_Elche,NO2,T1_E1_Alicante,NO2,61,0.2362073567553817
T2_E1_Elche,NO2,T1_E1_Alicante,NO2,62,0.16609509715151272
T2_E1_Elche,NO2,T1_E1_Alicante,NO2,63,0.07636248694826793
T2_E1_Elche,NO2,T1_E1_Alicante,NO2,64,-0.004896412099485796
T2_E1_Elche,NO2,T1_E1_Alicante,NO2,65,-0.05897848545834998
T2_E1_Elche,NO2,T1_E1_Alicante,NO2,66,-0.07939827513004757
T2_E1_Elche,NO2,T1_E1_Alicante,NO2,67,-0.06247584760350422
T2_E1_Elche,NO2,T1_E1_Alicante,NO2,68,-0.004461239872956732
T2_E1_Elche,NO2,T1_E1_Alicante,NO2,69,0.0978961658151188
T2_E1_Elche,NO2,T1_E1_Alicante,NO2,70,0.23238608517187878
T2_E1_Elche,NO2,T1_E1_Alicante,NO2,71,0.3569010797622002
T2_E1_Elche,NO2,T1_E1_Alicante,NO2,72,0.4094063393818398
T2_E1_Elche,NO2,T1_E1_Alicante,O3,-72,-0.3649756345348254
T2_E1_Elche,NO2,T1_E1_Alicante,O3,-71,-0.3451951153081128
T2_E1_Elche,NO2,T1_E1_Alicante,O3,-70,-0.28154572378437687
T2_E1_Elche,NO2,T1_E1_Alicante,O3,-69,-0.20753591328423973
T2_E1_Elche,NO2,T1_E1_Alicante,O3,-68,-0.14677774725940562
T2_E1_Elche,NO2,T1_E1_Alicante,O3,-67,-0.10542287494284122
T2_E1_Elche,NO2,T1_E1_Alicante,O3,-66,-0.08460351517239006
T2_E1_Elche,NO2,T1_E1_Alicante,O3,-65,-0.08164220964271275
T2_E1_Elche,NO2,T1_E1_Alicante,O3,-64,-0.09779921833767642
T2_E1_Elche,NO2,T1_E1_Alicante,O3,-63,-0.12931935344607093
T2_E1_Elche,NO2,T1_E1_Alicante,O3,-62,-0.16689574193655898
T2_E1_Elche,NO2,T1_E1_Alicante,O3,-61,-0.19495029772560596
T2_E1_Elche,NO2,T1_E1_Alicante,O3,-60,-0.20149193793081094
T2_E1_Elche,NO2,T1_E1_Alicante,O3,-59,-0.182060993959921
T2_E1_Elche,NO2,T1_E1_Alicante,O3,-58,-0.1427669838421332
T2_E1_Elche,NO2,T1_E1_Alicante,O3,-57,-0.09626961894458759
T2_E1_Elche,NO2,T1_E1_Alicante,O3,-56,-0.05599260513741698
T2_E1_Elche,NO2,T1_E1_Alicante,O3,-55,-0.030945563171285283
T2_E1_Elche,NO2,T1_E1_Alicante,O3,-54,-0.027112969525634915
T2_E1_Elche,NO2,T1_E1_Alicante,O3,-53,-0.04840407441963619
T2_E1_Elche,NO2,T1_E1_Alicante,O3,-52,-0.09724981499536453
T2_E1_Elche,NO2,T1_E1_Alicante,O3,-51,-0.17217265457781697
T2_E1_Elche,NO2,T1_E1_Alicante,O3,-50,-0.26354194117273266
T2_E1_Elche,NO2,T1_E1_Alicante,O3,-49,-0.34698143768056394
T2_E1_Elche,NO2,T1_E1_Alicante,O3,-48,-0.3886207720432732
T2_E1_Elche,NO2,T1_E1_Alicante,O3,-47,-0.36583411925145265
T2_E1_Elche,NO2,T1_E1_Alicante,O3,-46,-0.29560622860888225
T2_E1_Elche,NO2,T1_E1_Alicante,O3,-45,-0.21436363342214357
T2_E1_Elche,NO2,T1_E1_Alicante,O3,-44,-0.14618048761713365
T2_E1_Elche,NO2,T1_E1_Alicante,O3,-43,-0.10054291691236326
T2_E1_Elche,NO2,T1_E1_Alicante,O3,-42,-0.07794523787918628
T2_E1_Elche,NO2,T1_E1_Alicante,O3,-41,-0.07735236938335235
T2_E1_Elche,NO2,T1_E1_Alicante,O3,-40,-0.09607267595141757
T2_E1_Elche,NO2,T1_E1_Alicante,O3,-39,-0.13075459370271755
T2_E1_Elche,NO2,T1_E1_Alicante,O3,-38,-0.17116957157437113
T2_E1_Elche,NO2,T1_E1_Alicante,O3,-37,-0.20154114959508576
T2_E1_Elche,NO2,T1_E1_Alicante,O3,-36,-0.20741070940151998
T2_E1_Elche,NO2,T1_E1_Alicante,O3,-35,-0.1852413554503074
T2_E1_Elche,NO2,T1_E1_Alicante,O3,-34,-0.14250167598006247
T2_E1_Elche,NO2,T1_E1_Alicante,O3,-33,-0.09338330874450247
T2_E1_Elche,NO2,T1_E1_Alicante,O3,-32,-0.051042810383578184
T2_E1_Elche,NO2,T1_E1_Alicante,O3,-31,-0.02554159051913778
T2_E1_Elche,NO2,T1_E1_Alicante,O3,-30,-0.022604457081077823
T2_E1_Elche,NO2,T1_E1_Alicante,O3,-29,-0.04797294825912006
T2_E1_Elche,NO2,T1_E1_Alicante,O3,-28,-0.10426494146916342
T2_E1_Elche,NO2,T1_E1_Alicante,O3,-27,-0.1900351471704941
T2_E1_Elche,NO2,T1_E1_Alicante,O3,-26,-0.29358845403754924
T2_E1_Elche,NO2,T1_E1_Alicante,O3,-25,-0.3872604950350498
T2_E1_Elche,NO2,T1_E1_Alicante,O3,-24,-0.43342424801100204
T2_E1_Elche,NO2,T1_E1_Alicante,O3,-23,-0.41059828923482405
T2_E1_Elche,NO2,T1_E1_Alicante,O3,-22,-0.3374537325248938
T2_E1_Elche,NO2,T1_E1_Alicante,O3,-21,-0.2526044666713673
T2_E1_Elche,NO2,T1_E1_Alicante,O3,-20,-0.18252823614054675
T2_E1_Elche,NO2,T1_E1_Alicante,O3,-19,-0.13709182153643618
T2_E1_Elche,NO2,T1_E1_Alicante,O3,-18,-0.11594573052733974
T2_E1_Elche,NO2,T1_E1_Alicante,O3,-17,-0.11765016072791712
T2_E1_Elche,NO2,T1_E1_Alicante,O3,-16,-0.13918025109673324
T2_E1_Elche,NO2,T1_E1_Alicante,O3,-15,-0.1770546279454343
T2_E1_Elche,NO2,T1_E1_Alicante,O3,-14,-0.22072779284957633
T2_E1_Elche,NO2,T1_E1_Alicante,O3,-13,-0.2538146965941045
T2_E1_Elche,NO2,T1_E1_Alicante,O3,-12,-0.26234543111421627
T2_E1_Elche,NO2,T1_E1_Alicante,O3,-11,-0.2405543322996776
T2_E1_Elche,NO2,T1_E1_Alicante,O3,-10,-0.19489003577093766
T2_E1_Elche,NO2,T1_E1_Alicante,O3,-9,-0.14173740842251178
T2_E1_Elche,NO2,T1_E1_Alicante,O3,-8,-0.09601021560557045
T2_E1_Elche,NO2,T1_E1_Alicante,O3,-7,-0.0704304092338817
T2_E1_Elche,NO2,T1_E1_Alicante,O3,-6,-0.07084941124844663
T2_E1_Elche,NO2,T1_E1_Alicante,O3,-5,-0.10072188343047053
T2_E1_Elche,NO2,T1_E1_Alicante,O3,-4,-0.16416533684530574
T2_E1_Elche,NO2,T1_E1_Alicante,O3,-3,-0.2633458901784105
T2_E1_Elche,NO2,T1_E1_Alicante,O3,-2,-0.392347177497666
T2_E1_Elche,NO2,T1_E1_Alicante,O3,-1,-0.5155453798522426
T2_E1_Elche,NO2,T1_E1_Alicante,O3,0,-0.5745054171813992
T2_E1_Elche,NO2,T1_E1_Alicante,O3,1,-0.5367972500453225
T2_E1_Elche,NO2,T1_E1_Alicante,O3,2,-0.4380965225835143
T2_E1_Elche,NO2,T1_E1_Alicante,O3,3,-0.33046164822905943
T2_E1_Elche,NO2,T1_E1_Alicante,O3,4,-0.24151776884058543
T2_E1_Elche,NO2,T1_E1_Alicante,O3,5,-0.18031072976110937
T2_E1_Elche,NO2,T1_E1_Alicante,O3,6,-0.14581183836403008
T2_E1_Elche,NO2,T1_E1_Alicante,O3,7,-0.13591480936159359
T2_E1_Elche,NO2,T1_E1_Alicante,O3,8,-0.1486615277930525
T2_E1_Elche,NO2,T1_E1_Alicante,O3,9,-0.17868887685769397
T2_E1_Elche,NO2,T1_E1_Alicante,O3,10,-0.21594452421892166
T2_E1_Elche,NO2,T1_E1_Alicante,O3,11,-0.2422362646051339
T2_E1_Elche,NO2,T1_E1_Alicante,O3,12,-0.24177258256886897
T2_E1_Elche,NO2,T1_E1_Alicante,O3,13,-0.2126915258075866
T2_E1_Elche,NO2,T1_E1_Alicante,O3,14,-0.16194652076701582
T2_E1_Elche,NO2,T1_E1_Alicante,O3,15,-0.10459346030110979
T2_E1_Elche,NO2,T1_E1_Alicante,O3,16,-0.0550740334171648
T2_E1_Elche,NO2,T1_E1_Alicante,O3,17,-0.023654503275950634
T2_E1_Elche,NO2,T1_E1_Alicante,O3,18,-0.016111433491035988
T2_E1_Elche,NO2,T1_E1_Alicante,O3,19,-0.034696779921901406
T2_E1_Elche,NO2,T1_E1_Alicante,O3,20,-0.08307454452832712
T2_E1_Elche,NO2,T1_E1_Alicante,O3,21,-0.1614441447549442
T2_E1_Elche,NO2,T1_E1_Alicante,O3,22,-0.2589318536669114
T2_E1_Elche,NO2,T1_E1_Alicante,O3,23,-0.3477486442553968
T2_E1_Elche,NO2,T1_E1_Alicante,O3,24,-0.3894472056517123
T2_E1_Elche,NO2,T1_E1_Alicante,O3,25,-0.36315057995491545
T2_E1_Elche,NO2,T1_E1_Alicante,O3,26,-0.29062635193204184
T2_E1_Elche,NO2,T1_E1_Alicante,O3,27,-0.21075221657994156
T2_E1_Elche,NO2,T1_E1_Alicante,O3,28,-0.1445984926017999
T2_E1_Elche,NO2,T1_E1_Alicante,O3,29,-0.09925494781062646
T2_E1_Elche,NO2,T1_E1_Alicante,O3,30,-0.07626254900999978
T2_E1_Elche,NO2,T1_E1_Alicante,O3,31,-0.07409820749924177
T2_E1_Elche,NO2,T1_E1_Alicante,O3,32,-0.08888133173041535
T2_E1_Elche,NO2,T1_E1_Alicante,O3,33,-0.11668362651135687
T2_E1_Elche,NO2,T1_E1_Alicante,O3,34,-0.15147024532726056
T2_E1_Elche,NO2,T1_E1_Alicante,O3,35,-0.17840685120461983
T2_E1_Elche,NO2,T1_E1_Alicante,O3,36,-0.18279577651423382
T2_E1_Elche,NO2,T1_E1_Alicante,O3,37,-0.16070934625944405
T2_E1_Elche,NO2,T1_E1_Alicante,O3,38,-0.11742114844917753
T2_E1_Elche,NO2,T1_E1_Alicante,O3,39,-0.06748624432275832
T2_E1_Elche,NO2,T1_E1_Alicante,O3,40,-0.025215296330878254
T2_E1_Elche,NO2,T1_E1_Alicante,O3,41,-0.0013292423735563514
T2_E1_Elche,NO2,T1_E1_Alicante,O3,42,0.0007017741929691847
T2_E1_Elche,NO2,T1_E1_Alicante,O3,43,-0.02061133625187747
T2_E1_Elche,NO2,T1_E1_Alicante,O3,44,-0.06858444111432337
T2_E1_Elche,NO2,T1_E1_Alicante,O3,45,-0.14255483078423664
T2_E1_Elche,NO2,T1_E1_Alicante,O3,46,-0.2312855379755914
T2_E1_Elche,NO2,T1_E1_Alicante,O3,47,-0.3108012242086647
T2_E1_Elche,NO2,T1_E1_Alicante,O3,48,-0.34996678105108403
T2_E1_Elche,NO2,T1_E1_Alicante,O3,49,-0.3293209601955978
T2_E1_Elche,NO2,T1_E1_Alicante,O3,50,-0.26512593472152957
T2_E1_Elche,NO2,T1_E1_Alicante,O3,51,-0.1896851486862181
T2_E1_Elche,NO2,T1_E1_Alicante,O3,52,-0.12690897348278288
T2_E1_Elche,NO2,T1_E1_Alicante,O3,53,-0.08417413953846528
T2_E1_Elche,NO2,T1_E1_Alicante,O3,54,-0.06379141336396515
T2_E1_Elche,NO2,T1_E1_Alicante,O3,55,-0.06427662247039849
T2_E1_Elche,NO2,T1_E1_Alicante,O3,56,-0.08146740527843423
T2_E1_Elche,NO2,T1_E1_Alicante,O3,57,-0.1121597030115638
T2_E1_Elche,NO2,T1_E1_Alicante,O3,58,-0.14848013077678224
T2_E1_Elche,NO2,T1_E1_Alicante,O3,59,-0.1747616154937275
T2_E1_Elche,NO2,T1_E1_Alicante,O3,60,-0.1793585291837207
T2_E1_Elche,NO2,T1_E1_Alicante,O3,61,-0.15888282506871157
T2_E1_Elche,NO2,T1_E1_Alicante,O3,62,-0.118150024976688
T2_E1_Elche,NO2,T1_E1_Alicante,O3,63,-0.07029324276480078
T2_E1_Elche,NO2,T1_E1_Alicante,O3,64,-0.030367107061934233
T2_E1_Elche,NO2,T1_E1_Alicante,O3,65,-0.007991150242721626
T2_E1_Elche,NO2,T1_E1_Alicante,O3,66,-0.005356195573330523
T2_E1_Elche,NO2,T1_E1_Alicante,O3,67,-0.025084894073909455
T2_E1_Elche,NO2,T1_E1_Alicante,O3,68,-0.07116109763592496
T2_E1_Elche,NO2,T1_E1_Alicante,O3,69,-0.14236792820204203
T2_E1_Elche,NO2,T1_E1_Alicante,O3,70,-0.22741446109279215
T2_E1_Elche,NO2,T1_E1_Alicante,O3,71,-0.3031771486688528
T2_E1_Elche,NO2,T1_E1_Alicante,O3,72,-0.33803928965283986
T2_E1_Elche,NO2,T1_E2_Elda,NO,-72,0.1275563515398444
T2_E1_Elche,NO2,T1_E2_Elda,NO,-71,0.15087379679305327
T2_E1_Elche,NO2,T1_E2_Elda,NO,-70,0.1200553521787846
T2_E1_Elche,NO2,T1_E2_Elda,NO,-69,0.062413019319015106
T2_E1_Elche,NO2,T1_E2_Elda,NO,-68,0.009344279266138828
T2_E1_Elche,NO2,T1_E2_Elda,NO,-67,-0.025639862625356218
T2_E1_Elche,NO2,T1_E2_Elda,NO,-66,-0.04271702878869019
T2_E1_Elche,NO2,T1_E2_Elda,NO,-65,-0.04227733849808638
T2_E1_Elche,NO2,T1_E2_Elda,NO,-64,-0.02456404501507581
T2_E1_Elche,NO2,T1_E2_Elda,NO,-63,0.00885308547438124
T2_E1_Elche,NO2,T1_E2_Elda,NO,-62,0.05964333624732421
T2_E1_Elche,NO2,T1_E2_Elda,NO,-61,0.11913760819756357
T2_E1_Elche,NO2,T1_E2_Elda,NO,-60,0.1690160267791764
T2_E1_Elche,NO2,T1_E2_Elda,NO,-59,0.1838212173653976
T2_E1_Elche,NO2,T1_E2_Elda,NO,-58,0.1562122367026751
T2_E1_Elche,NO2,T1_E2_Elda,NO,-57,0.10450548229490499
T2_E1_Elche,NO2,T1_E2_Elda,NO,-56,0.04925239181710431
T2_E1_Elche,NO2,T1_E2_Elda,NO,-55,0.0037415261236844995
T2_E1_Elche,NO2,T1_E2_Elda,NO,-54,-0.023762055994711855
T2_E1_Elche,NO2,T1_E2_Elda,NO,-53,-0.031847925322590495
T2_E1_Elche,NO2,T1_E2_Elda,NO,-52,-0.026240878756605805
T2_E1_Elche,NO2,T1_E2_Elda,NO,-51,-0.008257934322024096
T2_E1_Elche,NO2,T1_E2_Elda,NO,-50,0.028320339147898978
T2_E1_Elche,NO2,T1_E2_Elda,NO,-49,0.08811928067791158
T2_E1_Elche,NO2,T1_E2_Elda,NO,-48,0.1527883339633621
T2_E1_Elche,NO2,T1_E2_Elda,NO,-47,0.18178468038924517
T2_E1_Elche,NO2,T1_E2_Elda,NO,-46,0.15428084690610747
T2_E1_Elche,NO2,T1_E2_Elda,NO,-45,0.09485018846787927
T2_E1_Elche,NO2,T1_E2_Elda,NO,-44,0.03617657773805169
T2_E1_Elche,NO2,T1_E2_Elda,NO,-43,-0.005703920421176595
T2_E1_Elche,NO2,T1_E2_Elda,NO,-42,-0.027240908895423972
T2_E1_Elche,NO2,T1_E2_Elda,NO,-41,-0.024857496702350497
T2_E1_Elche,NO2,T1_E2_Elda,NO,-40,-0.009796406796975637
T2_E1_Elche,NO2,T1_E2_Elda,NO,-39,0.01950087872767925
T2_E1_Elche,NO2,T1_E2_Elda,NO,-38,0.0606477648216857
T2_E1_Elche,NO2,T1_E2_Elda,NO,-37,0.11622404642310244
T2_E1_Elche,NO2,T1_E2_Elda,NO,-36,0.17303767384969215
T2_E1_Elche,NO2,T1_E2_Elda,NO,-35,0.20396733070171577
T2_E1_Elche,NO2,T1_E2_Elda,NO,-34,0.19386357266099702
T2_E1_Elche,NO2,T1_E2_Elda,NO,-33,0.14544135619557058
T2_E1_Elche,NO2,T1_E2_Elda,NO,-32,0.08310170040122737
T2_E1_Elche,NO2,T1_E2_Elda,NO,-31,0.029175104252932477
T2_E1_Elche,NO2,T1_E2_Elda,NO,-30,-0.006036617182413834
T2_E1_Elche,NO2,T1_E2_Elda,NO,-29,-0.01703883566678932
T2_E1_Elche,NO2,T1_E2_Elda,NO,-28,-0.010375271586398921
T2_E1_Elche,NO2,T1_E2_Elda,NO,-27,0.014022942741676779
T2_E1_Elche,NO2,T1_E2_Elda,NO,-26,0.05900263878621222
T2_E1_Elche,NO2,T1_E2_Elda,NO,-25,0.12979594020205584
T2_E1_Elche,NO2,T1_E2_Elda,NO,-24,0.20785134609921435
T2_E1_Elche,NO2,T1_E2_Elda,NO,-23,0.24504160100483222
T2_E1_Elche,NO2,T1_E2_Elda,NO,-22,0.21623473509686134
T2_E1_Elche,NO2,T1_E2_Elda,NO,-21,0.14185609494487894
T2_E1_Elche,NO2,T1_E2_Elda,NO,-20,0.06564589511070663
T2_E1_Elche,NO2,T1_E2_Elda,NO,-19,0.00862769690234412
T2_E1_Elche,NO2,T1_E2_Elda,NO,-18,-0.016623400635388114
T2_E1_Elche,NO2,T1_E2_Elda,NO,-17,-0.015272731105066174
T2_E1_Elche,NO2,T1_E2_Elda,NO,-16,0.004677991196186074
T2_E1_Elche,NO2,T1_E2_Elda,NO,-15,0.04035420234108258
T2_E1_Elche,NO2,T1_E2_Elda,NO,-14,0.09700767472198836
T2_E1_Elche,NO2,T1_E2_Elda,NO,-13,0.17109184879709385
T2_E1_Elche,NO2,T1_E2_Elda,NO,-12,0.2383839414860794
T2_E1_Elche,NO2,T1_E2_Elda,NO,-11,0.2689334983684692
T2_E1_Elche,NO2,T1_E2_Elda,NO,-10,0.24728601637516737
T2_E1_Elche,NO2,T1_E2_Elda,NO,-9,0.18128242511188694
T2_E1_Elche,NO2,T1_E2_Elda,NO,-8,0.10876558595780735
T2_E1_Elche,NO2,T1_E2_Elda,NO,-7,0.05296423897760014
T2_E1_Elche,NO2,T1_E2_Elda,NO,-6,0.020604262091309236
T2_E1_Elche,NO2,T1_E2_Elda,NO,-5,0.01160675689107354
T2_E1_Elche,NO2,T1_E2_Elda,NO,-4,0.020884109315616902
T2_E1_Elche,NO2,T1_E2_Elda,NO,-3,0.05205020008184384
T2_E1_Elche,NO2,T1_E2_Elda,NO,-2,0.1108432629698017
T2_E1_Elche,NO2,T1_E2_Elda,NO,-1,0.2025952632496371
T2_E1_Elche,NO2,T1_E2_Elda,NO,0,0.29898615502386444
T2_E1_Elche,NO2,T1_E2_Elda,NO,1,0.3427321181496769
T2_E1_Elche,NO2,T1_E2_Elda,NO,2,0.29133298224649495
T2_E1_Elche,NO2,T1_E2_Elda,NO,3,0.18831957037599265
T2_E1_Elche,NO2,T1_E2_Elda,NO,4,0.09206401778778703
T2_E1_Elche,NO2,T1_E2_Elda,NO,5,0.026376463578398502
T2_E1_Elche,NO2,T1_E2_Elda,NO,6,-0.0070776046401382995
T2_E1_Elche,NO2,T1_E2_Elda,NO,7,-0.015566848671406956
T2_E1_Elche,NO2,T1_E2_Elda,NO,8,-0.003585732469708681
T2_E1_Elche,NO2,T1_E2_Elda,NO,9,0.026817444336624908
T2_E1_Elche,NO2,T1_E2_Elda,NO,10,0.07754380089305757
T2_E1_Elche,NO2,T1_E2_Elda,NO,11,0.14273704162313525
T2_E1_Elche,NO2,T1_E2_Elda,NO,12,0.2008763624089788
T2_E1_Elche,NO2,T1_E2_Elda,NO,13,0.22807527368457015
T2_E1_Elche,NO2,T1_E2_Elda,NO,14,0.21145503898160556
T2_E1_Elche,NO2,T1_E2_Elda,NO,15,0.15665630726394358
T2_E1_Elche,NO2,T1_E2_Elda,NO,16,0.09081621227264135
T2_E1_Elche,NO2,T1_E2_Elda,NO,17,0.032909858387149736
T2_E1_Elche,NO2,T1_E2_Elda,NO,18,-0.006362355522520229
T2_E1_Elche,NO2,T1_E2_Elda,NO,19,-0.024153813228601783
T2_E1_Elche,NO2,T1_E2_Elda,NO,20,-0.023562263593588074
T2_E1_Elche,NO2,T1_E2_Elda,NO,21,-0.007870602833876935
T2_E1_Elche,NO2,T1_E2_Elda,NO,22,0.02788558172092138
T2_E1_Elche,NO2,T1_E2_Elda,NO,23,0.09218146759846661
T2_E1_Elche,NO2,T1_E2_Elda,NO,24,0.16053949317923882
T2_E1_Elche,NO2,T1_E2_Elda,NO,25,0.19347192259406934
T2_E1_Elche,NO2,T1_E2_Elda,NO,26,0.161441734534494
T2_E1_Elche,NO2,T1_E2_Elda,NO,27,0.09264015199820336
T2_E1_Elche,NO2,T1_E2_Elda,NO,28,0.02807327976666776
T2_E1_Elche,NO2,T1_E2_Elda,NO,29,-0.017236716931774632
T2_E1_Elche,NO2,T1_E2_Elda,NO,30,-0.042313813689665226
T2_E1_Elche,NO2,T1_E2_Elda,NO,31,-0.04844421695828663
T2_E1_Elche,NO2,T1_E2_Elda,NO,32,-0.037835555805130296
T2_E1_Elche,NO2,T1_E2_Elda,NO,33,-0.008709904978857935
T2_E1_Elche,NO2,T1_E2_Elda,NO,34,0.03634439119358228
T2_E1_Elche,NO2,T1_E2_Elda,NO,35,0.09439727076837669
T2_E1_Elche,NO2,T1_E2_Elda,NO,36,0.1485451947862618
T2_E1_Elche,NO2,T1_E2_Elda,NO,37,0.17020815041949688
T2_E1_Elche,NO2,T1_E2_Elda,NO,38,0.15210154150133073
T2_E1_Elche,NO2,T1_E2_Elda,NO,39,0.1000881546278957
T2_E1_Elche,NO2,T1_E2_Elda,NO,40,0.04298468986038791
T2_E1_Elche,NO2,T1_E2_Elda,NO,41,-0.0031336294958089097
T2_E1_Elche,NO2,T1_E2_Elda,NO,42,-0.02901431236865192
T2_E1_Elche,NO2,T1_E2_Elda,NO,43,-0.03883007257927948
T2_E1_Elche,NO2,T1_E2_Elda,NO,44,-0.03652951667798848
T2_E1_Elche,NO2,T1_E2_Elda,NO,45,-0.0223636515060962
T2_E1_Elche,NO2,T1_E2_Elda,NO,46,0.007190677535425004
T2_E1_Elche,NO2,T1_E2_Elda,NO,47,0.056919135005163525
T2_E1_Elche,NO2,T1_E2_Elda,NO,48,0.11599396767134976
T2_E1_Elche,NO2,T1_E2_Elda,NO,49,0.14514208671633996
T2_E1_Elche,NO2,T1_E2_Elda,NO,50,0.11754693748708248
T2_E1_Elche,NO2,T1_E2_Elda,NO,51,0.06017022823937019
T2_E1_Elche,NO2,T1_E2_Elda,NO,52,0.004613361202063619
T2_E1_Elche,NO2,T1_E2_Elda,NO,53,-0.03417047599579483
T2_E1_Elche,NO2,T1_E2_Elda,NO,54,-0.05330551359649374
T2_E1_Elche,NO2,T1_E2_Elda,NO,55,-0.054256905345734734
T2_E1_Elche,NO2,T1_E2_Elda,NO,56,-0.04206717274425378
T2_E1_Elche,NO2,T1_E2_Elda,NO,57,-0.016091791226438293
T2_E1_Elche,NO2,T1_E2_Elda,NO,58,0.024375337384613883
T2_E1_Elche,NO2,T1_E2_Elda,NO,59,0.07459361760820096
T2_E1_Elche,NO2,T1_E2_Elda,NO,60,0.12061087294299004
T2_E1_Elche,NO2,T1_E2_Elda,NO,61,0.143620865144441
T2_E1_Elche,NO2,T1_E2_Elda,NO,62,0.13010811927648527
T2_E1_Elche,NO2,T1_E2_Elda,NO,63,0.08423148875906276
T2_E1_Elche,NO2,T1_E2_Elda,NO,64,0.03098501223901795
T2_E1_Elche,NO2,T1_E2_Elda,NO,65,-0.008076317509385662
T2_E1_Elche,NO2,T1_E2_Elda,NO,66,-0.032388552445700526
T2_E1_Elche,NO2,T1_E2_Elda,NO,67,-0.04423696456926403
T2_E1_Elche,NO2,T1_E2_Elda,NO,68,-0.04544621404975296
T2_E1_Elche,NO2,T1_E2_Elda,NO,69,-0.03458148720441856
T2_E1_Elche,NO2,T1_E2_Elda,NO,70,-0.005438604890566069
T2_E1_Elche,NO2,T1_E2_Elda,NO,71,0.049371296997823215
T2_E1_Elche,NO2,T1_E2_Elda,NO,72,0.11260239200949428
T2_E1_Elche,NO2,T1_E2_Elda,NO2,-72,0.24893889636284483
T2_E1_Elche,NO2,T1_E2_Elda,NO2,-71,0.2516416819399435
T2_E1_Elche,NO2,T1_E2_Elda,NO2,-70,0.1897106096569269
T2_E1_Elche,NO2,T1_E2_Elda,NO2,-69,0.10015915835194543
T2_E1_Elche,NO2,T1_E2_Elda,NO2,-68,0.018903979402210357
T2_E1_Elche,NO2,T1_E2_Elda,NO2,-67,-0.03741201093065223
T2_E1_Elche,NO2,T1_E2_Elda,NO2,-66,-0.06461900192141337
T2_E1_Elche,NO2,T1_E2_Elda,NO2,-65,-0.06363061805003081
T2_E1_Elche,NO2,T1_E2_Elda,NO2,-64,-0.03759933350012634
T2_E1_Elche,NO2,T1_E2_Elda,NO2,-63,0.008899468719753788
T2_E1_Elche,NO2,T1_E2_Elda,NO2,-62,0.06716201116737844
T2_E1_Elche,NO2,T1_E2_Elda,NO2,-61,0.12352018471938227
T2_E1_Elche,NO2,T1_E2_Elda,NO2,-60,0.15655470450568973
T2_E1_Elche,NO2,T1_E2_Elda,NO2,-59,0.15344518329117424
T2_E1_Elche,NO2,T1_E2_Elda,NO2,-58,0.11318921249219381
T2_E1_Elche,NO2,T1_E2_Elda,NO2,-57,0.054818662613709136
T2_E1_Elche,NO2,T1_E2_Elda,NO2,-56,-0.004489168586174384
T2_E1_Elche,NO2,T1_E2_Elda,NO2,-55,-0.0507974382920589
T2_E1_Elche,NO2,T1_E2_Elda,NO2,-54,-0.0738075419866093
T2_E1_Elche,NO2,T1_E2_Elda,NO2,-53,-0.06554811305744951
T2_E1_Elche,NO2,T1_E2_Elda,NO2,-52,-0.030677945179460073
T2_E1_Elche,NO2,T1_E2_Elda,NO2,-51,0.0322250990447729
T2_E1_Elche,NO2,T1_E2_Elda,NO2,-50,0.11887273116505309
T2_E1_Elche,NO2,T1_E2_Elda,NO2,-49,0.21289351564229192
T2_E1_Elche,NO2,T1_E2_Elda,NO2,-48,0.273622908797837
T2_E1_Elche,NO2,T1_E2_Elda,NO2,-47,0.26802376606707057
T2_E1_Elche,NO2,T1_E2_Elda,NO2,-46,0.2015337479186469
T2_E1_Elche,NO2,T1_E2_Elda,NO2,-45,0.10976527144157308
T2_E1_Elche,NO2,T1_E2_Elda,NO2,-44,0.02340014024656615
T2_E1_Elche,NO2,T1_E2_Elda,NO2,-43,-0.036460734543021525
T2_E1_Elche,NO2,T1_E2_Elda,NO2,-42,-0.06581951834848042
T2_E1_Elche,NO2,T1_E2_Elda,NO2,-41,-0.06482995412867723
T2_E1_Elche,NO2,T1_E2_Elda,NO2,-40,-0.0363251782875686
T2_E1_Elche,NO2,T1_E2_Elda,NO2,-39,0.01725829181580203
T2_E1_Elche,NO2,T1_E2_Elda,NO2,-38,0.08216804596579892
T2_E1_Elche,NO2,T1_E2_Elda,NO2,-37,0.14181878014339358
T2_E1_Elche,NO2,T1_E2_Elda,NO2,-36,0.1767909918618183
T2_E1_Elche,NO2,T1_E2_Elda,NO2,-35,0.1750305118976214
T2_E1_Elche,NO2,T1_E2_Elda,NO2,-34,0.13823842339801468
T2_E1_Elche,NO2,T1_E2_Elda,NO2,-33,0.07969463683771728
T2_E1_Elche,NO2,T1_E2_Elda,NO2,-32,0.01960705240011085
T2_E1_Elche,NO2,T1_E2_Elda,NO2,-31,-0.028127284231151142
T2_E1_Elche,NO2,T1_E2_Elda,NO2,-30,-0.0516645988010551
T2_E1_Elche,NO2,T1_E2_Elda,NO2,-29,-0.04164116804368302
T2_E1_Elche,NO2,T1_E2_Elda,NO2,-28,0.0024308945291825097
T2_E1_Elche,NO2,T1_E2_Elda,NO2,-27,0.0787610649147283
T2_E1_Elche,NO2,T1_E2_Elda,NO2,-26,0.1820779096375532
T2_E1_Elche,NO2,T1_E2_Elda,NO2,-25,0.295659565261922
T2_E1_Elche,NO2,T1_E2_Elda,NO2,-24,0.374929507874561
T2_E1_Elche,NO2,T1_E2_Elda,NO2,-23,0.372822672758739
T2_E1_Elche,NO2,T1_E2_Elda,NO2,-22,0.29464077723476556
T2_E1_Elche,NO2,T1_E2_Elda,NO2,-21,0.1854081964740838
T2_E1_Elche,NO2,T1_E2_Elda,NO2,-20,0.08383542671857543
T2_E1_Elche,NO2,T1_E2_Elda,NO2,-19,0.01027187084355406
T2_E1_Elche,NO2,T1_E2_Elda,NO2,-18,-0.024863369202912922
T2_E1_Elche,NO2,T1_E2_Elda,NO2,-17,-0.020445833372558155
T2_E1_Elche,NO2,T1_E2_Elda,NO2,-16,0.016908828990971497
T2_E1_Elche,NO2,T1_E2_Elda,NO2,-15,0.08240590813359742
T2_E1_Elche,NO2,T1_E2_Elda,NO2,-14,0.16559210519237055
T2_E1_Elche,NO2,T1_E2_Elda,NO2,-13,0.2418947634613901
T2_E1_Elche,NO2,T1_E2_Elda,NO2,-12,0.2863835959141153
T2_E1_Elche,NO2,T1_E2_Elda,NO2,-11,0.28498718249856453
T2_E1_Elche,NO2,T1_E2_Elda,NO2,-10,0.23616214870380714
T2_E1_Elche,NO2,T1_E2_Elda,NO2,-9,0.1601923674146029
T2_E1_Elche,NO2,T1_E2_Elda,NO2,-8,0.08941102868967411
T2_E1_Elche,NO2,T1_E2_Elda,NO2,-7,0.03797162313157256
T2_E1_Elche,NO2,T1_E2_Elda,NO2,-6,0.01742268526198558
T2_E1_Elche,NO2,T1_E2_Elda,NO2,-5,0.03650485450108641
T2_E1_Elche,NO2,T1_E2_Elda,NO2,-4,0.09351529181302289
T2_E1_Elche,NO2,T1_E2_Elda,NO2,-3,0.18908974748919935
T2_E1_Elche,NO2,T1_E2_Elda,NO2,-2,0.32064705206659294
T2_E1_Elche,NO2,T1_E2_Elda,NO2,-1,0.46511682451134656
T2_E1_Elche,NO2,T1_E2_Elda,NO2,0,0.5673202449261688
T2_E1_Elche,NO2,T1_E2_Elda,NO2,1,0.5634366329684591
T2_E1_Elche,NO2,T1_E2_Elda,NO2,2,0.45496830652456766
T2_E1_Elche,NO2,T1_E2_Elda,NO2,3,0.3010073001480841
T2_E1_Elche,NO2,T1_E2_Elda,NO2,4,0.1582931948440792
T2_E1_Elche,NO2,T1_E2_Elda,NO2,5,0.057599768912327286
T2_E1_Elche,NO2,T1_E2_Elda,NO2,6,0.005073463407037436
T2_E1_Elche,NO2,T1_E2_Elda,NO2,7,-0.004823986687731958
T2_E1_Elche,NO2,T1_E2_Elda,NO2,8,0.020680152634633846
T2_E1_Elche,NO2,T1_E2_Elda,NO2,9,0.0747465988308952
T2_E1_Elche,NO2,T1_E2_Elda,NO2,10,0.14594230731670912
T2_E1_Elche,NO2,T1_E2_Elda,NO2,11,0.2135845930391035
T2_E1_Elche,NO2,T1_E2_Elda,NO2,12,0.2501505279319965
T2_E1_Elche,NO2,T1_E2_Elda,NO2,13,0.24146654303528622
T2_E1_Elche,NO2,T1_E2_Elda,NO2,14,0.1919863113481599
T2_E1_Elche,NO2,T1_E2_Elda,NO2,15,0.11850891476225077
T2_E1_Elche,NO2,T1_E2_Elda,NO2,16,0.04498649694911567
T2_E1_Elche,NO2,T1_E2_Elda,NO2,17,-0.012286199686488277
T2_E1_Elche,NO2,T1_E2_Elda,NO2,18,-0.04060755833199062
T2_E1_Elche,NO2,T1_E2_Elda,NO2,19,-0.03578161912302597
T2_E1_Elche,NO2,T1_E2_Elda,NO2,20,0.0014733004466846267
T2_E1_Elche,NO2,T1_E2_Elda,NO2,21,0.06886258002955871
T2_E1_Elche,NO2,T1_E2_Elda,NO2,22,0.16384180487362568
T2_E1_Elche,NO2,T1_E2_Elda,NO2,23,0.26861117522646116
T2_E1_Elche,NO2,T1_E2_Elda,NO2,24,0.3389847970883977
T2_E1_Elche,NO2,T1_E2_Elda,NO2,25,0.33521246379365555
T2_E1_Elche,NO2,T1_E2_Elda,NO2,26,0.2582544041924121
T2_E1_Elche,NO2,T1_E2_Elda,NO2,27,0.14949180524699124
T2_E1_Elche,NO2,T1_E2_Elda,NO2,28,0.05016606440568495
T2_E1_Elche,NO2,T1_E2_Elda,NO2,29,-0.02253508847774719
T2_E1_Elche,NO2,T1_E2_Elda,NO2,30,-0.06026592248092794
T2_E1_Elche,NO2,T1_E2_Elda,NO2,31,-0.0665037883082956
T2_E1_Elche,NO2,T1_E2_Elda,NO2,32,-0.04210379332358396
T2_E1_Elche,NO2,T1_E2_Elda,NO2,33,0.007710073690865754
T2_E1_Elche,NO2,T1_E2_Elda,NO2,34,0.07214029635493761
T2_E1_Elche,NO2,T1_E2_Elda,NO2,35,0.12992628585360838
T2_E1_Elche,NO2,T1_E2_Elda,NO2,36,0.16091608856792985
T2_E1_Elche,NO2,T1_E2_Elda,NO2,37,0.15665917207885913
T2_E1_Elche,NO2,T1_E2_Elda,NO2,38,0.1212872287325728
T2_E1_Elche,NO2,T1_E2_Elda,NO2,39,0.06213782284890632
T2_E1_Elche,NO2,T1_E2_Elda,NO2,40,-0.0006340643739232433
T2_E1_Elche,NO2,T1_E2_Elda,NO2,41,-0.04958520150882837
T2_E1_Elche,NO2,T1_E2_Elda,NO2,42,-0.07217600259358999
T2_E1_Elche,NO2,T1_E2_Elda,NO2,43,-0.06498725915287218
T2_E1_Elche,NO2,T1_E2_Elda,NO2,44,-0.031027513244909356
T2_E1_Elche,NO2,T1_E2_Elda,NO2,45,0.0284239009951844
T2_E1_Elche,NO2,T1_E2_Elda,NO2,46,0.11174862587442072
T2_E1_Elche,NO2,T1_E2_Elda,NO2,47,0.2032557140938748
T2_E1_Elche,NO2,T1_E2_Elda,NO2,48,0.2663175476325454
T2_E1_Elche,NO2,T1_E2_Elda,NO2,49,0.2679947667802065
T2_E1_Elche,NO2,T1_E2_Elda,NO2,50,0.20589755328426876
T2_E1_Elche,NO2,T1_E2_Elda,NO2,51,0.11323589022095405
T2_E1_Elche,NO2,T1_E2_Elda,NO2,52,0.025285987104789198
T2_E1_Elche,NO2,T1_E2_Elda,NO2,53,-0.04156710413400918
T2_E1_Elche,NO2,T1_E2_Elda,NO2,54,-0.07710518696988558
T2_E1_Elche,NO2,T1_E2_Elda,NO2,55,-0.08019879847292972
T2_E1_Elche,NO2,T1_E2_Elda,NO2,56,-0.054451868992725166
T2_E1_Elche,NO2,T1_E2_Elda,NO2,57,-0.007013293715811086
T2_E1_Elche,NO2,T1_E2_Elda,NO2,58,0.05409341980552877
T2_E1_Elche,NO2,T1_E2_Elda,NO2,59,0.11073045944338282
T2_E1_Elche,NO2,T1_E2_Elda,NO2,60,0.14534468605722312
T2_E1_Elche,NO2,T1_E2_Elda,NO2,61,0.14581447664262126
T2_E1_Elche,NO2,T1_E2_Elda,NO2,62,0.11158386470774971
T2_E1_Elche,NO2,T1_E2_Elda,NO2,63,0.05653589872882662
T2_E1_Elche,NO2,T1_E2_Elda,NO2,64,-0.002703956820439956
T2_E1_Elche,NO2,T1_E2_Elda,NO2,65,-0.04820731915783424
T2_E1_Elche,NO2,T1_E2_Elda,NO2,66,-0.07037848320688445
T2_E1_Elche,NO2,T1_E2_Elda,NO2,67,-0.06629036894593547
T2_E1_Elche,NO2,T1_E2_Elda,NO2,68,-0.03563461315538412
T2_E1_Elche,NO2,T1_E2_Elda,NO2,69,0.021303738548111423
T2_E1_Elche,NO2,T1_E2_Elda,NO2,70,0.09765629777025032
T2_E1_Elche,NO2,T1_E2_Elda,NO2,71,0.18300383858206717
T2_E1_Elche,NO2,T1_E2_Elda,NO2,72,0.24471582072910003
T2_E1_Elche,NO2,T1_E2_Elda,O3,-72,-0.2939738717095262
T2_E1_Elche,NO2,T1_E2_Elda,O3,-71,-0.2789699650293386
T2_E1_Elche,NO2,T1_E2_Elda,O3,-70,-0.23549114557546105
T2_E1_Elche,NO2,T1_E2_Elda,O3,-69,-0.1843581974098284
T2_E1_Elche,NO2,T1_E2_Elda,O3,-68,-0.1387683679322417
T2_E1_Elche,NO2,T1_E2_Elda,O3,-67,-0.10367949437881692
T2_E1_Elche,NO2,T1_E2_Elda,O3,-66,-0.08040104614737625
T2_E1_Elche,NO2,T1_E2_Elda,O3,-65,-0.06974506722746386
T2_E1_Elche,NO2,T1_E2_Elda,O3,-64,-0.0690146310154424
T2_E1_Elche,NO2,T1_E2_Elda,O3,-63,-0.07630691614340776
T2_E1_Elche,NO2,T1_E2_Elda,O3,-62,-0.08936731999714939
T2_E1_Elche,NO2,T1_E2_Elda,O3,-61,-0.10240034849051777
T2_E1_Elche,NO2,T1_E2_Elda,O3,-60,-0.10802796844994578
T2_E1_Elche,NO2,T1_E2_Elda,O3,-59,-0.10535156157110152
T2_E1_Elche,NO2,T1_E2_Elda,O3,-58,-0.09672294420782858
T2_E1_Elche,NO2,T1_E2_Elda,O3,-57,-0.08498777108473354
T2_E1_Elche,NO2,T1_E2_Elda,O3,-56,-0.07412440004825092
T2_E1_Elche,NO2,T1_E2_Elda,O3,-55,-0.06945411664206744
T2_E1_Elche,NO2,T1_E2_Elda,O3,-54,-0.07411940705430456
T2_E1_Elche,NO2,T1_E2_Elda,O3,-53,-0.0924525962649755
T2_E1_Elche,NO2,T1_E2_Elda,O3,-52,-0.12553850560637092
T2_E1_Elche,NO2,T1_E2_Elda,O3,-51,-0.17434093638483922
T2_E1_Elche,NO2,T1_E2_Elda,O3,-50,-0.23063635606334795
T2_E1_Elche,NO2,T1_E2_Elda,O3,-49,-0.27817806721044175
T2_E1_Elche,NO2,T1_E2_Elda,O3,-48,-0.2979571941480858
T2_E1_Elche,NO2,T1_E2_Elda,O3,-47,-0.2787676062645038
T2_E1_Elche,NO2,T1_E2_Elda,O3,-46,-0.231858841518863
T2_E1_Elche,NO2,T1_E2_Elda,O3,-45,-0.17810365330799957
T2_E1_Elche,NO2,T1_E2_Elda,O3,-44,-0.1306065069391956
T2_E1_Elche,NO2,T1_E2_Elda,O3,-43,-0.09514699114869736
T2_E1_Elche,NO2,T1_E2_Elda,O3,-42,-0.0724055657853316
T2_E1_Elche,NO2,T1_E2_Elda,O3,-41,-0.06131742919782509
T2_E1_Elche,NO2,T1_E2_Elda,O3,-40,-0.061071742058783705
T2_E1_Elche,NO2,T1_E2_Elda,O3,-39,-0.0705530281681219
T2_E1_Elche,NO2,T1_E2_Elda,O3,-38,-0.08629833214822256
T2_E1_Elche,NO2,T1_E2_Elda,O3,-37,-0.10077896087379361
T2_E1_Elche,NO2,T1_E2_Elda,O3,-36,-0.1079148115616944
T2_E1_Elche,NO2,T1_E2_Elda,O3,-35,-0.1057505013975613
T2_E1_Elche,NO2,T1_E2_Elda,O3,-34,-0.09759819100844286
T2_E1_Elche,NO2,T1_E2_Elda,O3,-33,-0.0860258865710129
T2_E1_Elche,NO2,T1_E2_Elda,O3,-32,-0.07557404822126101
T2_E1_Elche,NO2,T1_E2_Elda,O3,-31,-0.0702700904922608
T2_E1_Elche,NO2,T1_E2_Elda,O3,-30,-0.07519412609616363
T2_E1_Elche,NO2,T1_E2_Elda,O3,-29,-0.09559912885427721
T2_E1_Elche,NO2,T1_E2_Elda,O3,-28,-0.13301118224482436
T2_E1_Elche,NO2,T1_E2_Elda,O3,-27,-0.1874737226587717
T2_E1_Elche,NO2,T1_E2_Elda,O3,-26,-0.2514544676907934
T2_E1_Elche,NO2,T1_E2_Elda,O3,-25,-0.3088794948986728
T2_E1_Elche,NO2,T1_E2_Elda,O3,-24,-0.3339218503507109
T2_E1_Elche,NO2,T1_E2_Elda,O3,-23,-0.31423050506648575
T2_E1_Elche,NO2,T1_E2_Elda,O3,-22,-0.2635905936434203
T2_E1_Elche,NO2,T1_E2_Elda,O3,-21,-0.2048298711748349
T2_E1_Elche,NO2,T1_E2_Elda,O3,-20,-0.1531682418465817
T2_E1_Elche,NO2,T1_E2_Elda,O3,-19,-0.11340681910216878
T2_E1_Elche,NO2,T1_E2_Elda,O3,-18,-0.08814203698775175
T2_E1_Elche,NO2,T1_E2_Elda,O3,-17,-0.07626398089900588
T2_E1_Elche,NO2,T1_E2_Elda,O3,-16,-0.07744116624936939
T2_E1_Elche,NO2,T1_E2_Elda,O3,-15,-0.08952273847376142
T2_E1_Elche,NO2,T1_E2_Elda,O3,-14,-0.1094007042245589
T2_E1_Elche,NO2,T1_E2_Elda,O3,-13,-0.12882730589418626
T2_E1_Elche,NO2,T1_E2_Elda,O3,-12,-0.13909603398874285
T2_E1_Elche,NO2,T1_E2_Elda,O3,-11,-0.137300523810897
T2_E1_Elche,NO2,T1_E2_Elda,O3,-10,-0.12587467974664446
T2_E1_Elche,NO2,T1_E2_Elda,O3,-9,-0.10989010634821102
T2_E1_Elche,NO2,T1_E2_Elda,O3,-8,-0.09583005744243628
T2_E1_Elche,NO2,T1_E2_Elda,O3,-7,-0.0889340782400841
T2_E1_Elche,NO2,T1_E2_Elda,O3,-6,-0.09358623184916316
T2_E1_Elche,NO2,T1_E2_Elda,O3,-5,-0.11440788232189171
T2_E1_Elche,NO2,T1_E2_Elda,O3,-4,-0.15493452429906984
T2_E1_Elche,NO2,T1_E2_Elda,O3,-3,-0.217228577174779
T2_E1_Elche,NO2,T1_E2_Elda,O3,-2,-0.29409732689253065
T2_E1_Elche,NO2,T1_E2_Elda,O3,-1,-0.36354284467747006
T2_E1_Elche,NO2,T1_E2_Elda,O3,0,-0.3926900273886829
T2_E1_Elche,NO2,T1_E2_Elda,O3,1,-0.36443794578004857
T2_E1_Elche,NO2,T1_E2_Elda,O3,2,-0.2974646831868879
T2_E1_Elche,NO2,T1_E2_Elda,O3,3,-0.22229203058973554
T2_E1_Elche,NO2,T1_E2_Elda,O3,4,-0.15833973357492195
T2_E1_Elche,NO2,T1_E2_Elda,O3,5,-0.10967794447433525
T2_E1_Elche,NO2,T1_E2_Elda,O3,6,-0.07722144854623149
T2_E1_Elche,NO2,T1_E2_Elda,O3,7,-0.06125075119547718
T2_E1_Elche,NO2,T1_E2_Elda,O3,8,-0.05960811949630276
T2_E1_Elche,NO2,T1_E2_Elda,O3,9,-0.0694491567774236
T2_E1_Elche,NO2,T1_E2_Elda,O3,10,-0.08583285059675788
T2_E1_Elche,NO2,T1_E2_Elda,O3,11,-0.10110092794079978
T2_E1_Elche,NO2,T1_E2_Elda,O3,12,-0.10831058369818804
T2_E1_Elche,NO2,T1_E2_Elda,O3,13,-0.10455889044534947
T2_E1_Elche,NO2,T1_E2_Elda,O3,14,-0.09135093358034051
T2_E1_Elche,NO2,T1_E2_Elda,O3,15,-0.07397306452687882
T2_E1_Elche,NO2,T1_E2_Elda,O3,16,-0.058598571964100565
T2_E1_Elche,NO2,T1_E2_Elda,O3,17,-0.04977784490871388
T2_E1_Elche,NO2,T1_E2_Elda,O3,18,-0.05217770097274446
T2_E1_Elche,NO2,T1_E2_Elda,O3,19,-0.07015986052904327
T2_E1_Elche,NO2,T1_E2_Elda,O3,20,-0.10457043381129928
T2_E1_Elche,NO2,T1_E2_Elda,O3,21,-0.15484163316717794
T2_E1_Elche,NO2,T1_E2_Elda,O3,22,-0.21435855209669116
T2_E1_Elche,NO2,T1_E2_Elda,O3,23,-0.26619286702022404
T2_E1_Elche,NO2,T1_E2_Elda,O3,24,-0.28698587928397573
T2_E1_Elche,NO2,T1_E2_Elda,O3,25,-0.26606112504596136
T2_E1_Elche,NO2,T1_E2_Elda,O3,26,-0.2166044997833598
T2_E1_Elche,NO2,T1_E2_Elda,O3,27,-0.1609446984705547
T2_E1_Elche,NO2,T1_E2_Elda,O3,28,-0.11128404566508539
T2_E1_Elche,NO2,T1_E2_Elda,O3,29,-0.07322662536729593
T2_E1_Elche,NO2,T1_E2_Elda,O3,30,-0.04853753513990456
T2_E1_Elche,NO2,T1_E2_Elda,O3,31,-0.036551093560294776
T2_E1_Elche,NO2,T1_E2_Elda,O3,32,-0.036659861812051685
T2_E1_Elche,NO2,T1_E2_Elda,O3,33,-0.04697801856824273
T2_E1_Elche,NO2,T1_E2_Elda,O3,34,-0.06314916851263971
T2_E1_Elche,NO2,T1_E2_Elda,O3,35,-0.0789402227763695
T2_E1_Elche,NO2,T1_E2_Elda,O3,36,-0.08778790280138275
T2_E1_Elche,NO2,T1_E2_Elda,O3,37,-0.08673296361755717
T2_E1_Elche,NO2,T1_E2_Elda,O3,38,-0.07744488931147524
T2_E1_Elche,NO2,T1_E2_Elda,O3,39,-0.061877915188115355
T2_E1_Elche,NO2,T1_E2_Elda,O3,40,-0.04676656378659578
T2_E1_Elche,NO2,T1_E2_Elda,O3,41,-0.03866172151572741
T2_E1_Elche,NO2,T1_E2_Elda,O3,42,-0.042657571112260546
T2_E1_Elche,NO2,T1_E2_Elda,O3,43,-0.06050888868708502
T2_E1_Elche,NO2,T1_E2_Elda,O3,44,-0.09388334118377067
T2_E1_Elche,NO2,T1_E2_Elda,O3,45,-0.14309448816913345
T2_E1_Elche,NO2,T1_E2_Elda,O3,46,-0.20116877008637962
T2_E1_Elche,NO2,T1_E2_Elda,O3,47,-0.25135990940296504
T2_E1_Elche,NO2,T1_E2_Elda,O3,48,-0.2738268573832644
T2_E1_Elche,NO2,T1_E2_Elda,O3,49,-0.25753701509594445
T2_E1_Elche,NO2,T1_E2_Elda,O3,50,-0.21220978253562198
T2_E1_Elche,NO2,T1_E2_Elda,O3,51,-0.15910573782332305
T2_E1_Elche,NO2,T1_E2_Elda,O3,52,-0.11145187125308179
T2_E1_Elche,NO2,T1_E2_Elda,O3,53,-0.0744157969262434
T2_E1_Elche,NO2,T1_E2_Elda,O3,54,-0.04950677365878104
T2_E1_Elche,NO2,T1_E2_Elda,O3,55,-0.03591440113333693
T2_E1_Elche,NO2,T1_E2_Elda,O3,56,-0.033890796618980985
T2_E1_Elche,NO2,T1_E2_Elda,O3,57,-0.041984295171643
T2_E1_Elche,NO2,T1_E2_Elda,O3,58,-0.058081017004843666
T2_E1_Elche,NO2,T1_E2_Elda,O3,59,-0.07483874847061278
T2_E1_Elche,NO2,T1_E2_Elda,O3,60,-0.08440333239961645
T2_E1_Elche,NO2,T1_E2_Elda,O3,61,-0.08406306683208083
T2_E1_Elche,NO2,T1_E2_Elda,O3,62,-0.07476660649627631
T2_E1_Elche,NO2,T1_E2_Elda,O3,63,-0.061469605937397885
T2_E1_Elche,NO2,T1_E2_Elda,O3,64,-0.04988854244491261
T2_E1_Elche,NO2,T1_E2_Elda,O3,65,-0.0444342473005317
T2_E1_Elche,NO2,T1_E2_Elda,O3,66,-0.048305974432038504
T2_E1_Elche,NO2,T1_E2_Elda,O3,67,-0.06440791981584375
T2_E1_Elche,NO2,T1_E2_Elda,O3,68,-0.09587144213951623
T2_E1_Elche,NO2,T1_E2_Elda,O3,69,-0.14326768692782874
T2_E1_Elche,NO2,T1_E2_Elda,O3,70,-0.19834113135972625
T2_E1_Elche,NO2,T1_E2_Elda,O3,71,-0.24660377960632326
T2_E1_Elche,NO2,T1_E2_Elda,O3,72,-0.267387425144837
T2_E1_Elche,NO2,T2_E2_Elda,NO,-72,0.12796136553244103
T2_E1_Elche,NO2,T2_E2_Elda,NO,-71,0.15140512728728742
T2_E1_Elche,NO2,T2_E2_Elda,NO,-70,0.12053885312169627
T2_E1_Elche,NO2,T2_E2_Elda,NO,-69,0.06278819796001116
T2_E1_Elche,NO2,T2_E2_Elda,NO,-68,0.009617472694244102
T2_E1_Elche,NO2,T2_E2_Elda,NO,-67,-0.025362021895948723
T2_E1_Elche,NO2,T2_E2_Elda,NO,-66,-0.042596708655426585
T2_E1_Elche,NO2,T2_E2_Elda,NO,-65,-0.04243485596285375
T2_E1_Elche,NO2,T2_E2_Elda,NO,-64,-0.024906715428747467
T2_E1_Elche,NO2,T2_E2_Elda,NO,-63,0.008453321157441416
T2_E1_Elche,NO2,T2_E2_Elda,NO,-62,0.058971847474678596
T2_E1_Elche,NO2,T2_E2_Elda,NO,-61,0.11801221453245815
T2_E1_Elche,NO2,T2_E2_Elda,NO,-60,0.16780834342922263
T2_E1_Elche,NO2,T2_E2_Elda,NO,-59,0.18269039818712537
T2_E1_Elche,NO2,T2_E2_Elda,NO,-58,0.15540635688651214
T2_E1_Elche,NO2,T2_E2_Elda,NO,-57,0.10414520500871392
T2_E1_Elche,NO2,T2_E2_Elda,NO,-56,0.04920361339068002
T2_E1_Elche,NO2,T2_E2_Elda,NO,-55,0.003871828192238064
T2_E1_Elche,NO2,T2_E2_Elda,NO,-54,-0.02351436982516451
T2_E1_Elche,NO2,T2_E2_Elda,NO,-53,-0.03156609423494688
T2_E1_Elche,NO2,T2_E2_Elda,NO,-52,-0.02607443770440984
T2_E1_Elche,NO2,T2_E2_Elda,NO,-51,-0.008302757161242376
T2_E1_Elche,NO2,T2_E2_Elda,NO,-50,0.028153378262458558
T2_E1_Elche,NO2,T2_E2_Elda,NO,-49,0.08794599236545612
T2_E1_Elche,NO2,T2_E2_Elda,NO,-48,0.15268144334199993
T2_E1_Elche,NO2,T2_E2_Elda,NO,-47,0.18181608444455025
T2_E1_Elche,NO2,T2_E2_Elda,NO,-46,0.1544451568965409
T2_E1_Elche,NO2,T2_E2_Elda,NO,-45,0.09504370329532642
T2_E1_Elche,NO2,T2_E2_Elda,NO,-44,0.036310373810714475
T2_E1_Elche,NO2,T2_E2_Elda,NO,-43,-0.005560313733488268
T2_E1_Elche,NO2,T2_E2_Elda,NO,-42,-0.027027843032199725
T2_E1_Elche,NO2,T2_E2_Elda,NO,-41,-0.02460980822936539
T2_E1_Elche,NO2,T2_E2_Elda,NO,-40,-0.009724955957219693
T2_E1_Elche,NO2,T2_E2_Elda,NO,-39,0.019224054959763773
T2_E1_Elche,NO2,T2_E2_Elda,NO,-38,0.05978330305957284
T2_E1_Elche,NO2,T2_E2_Elda,NO,-37,0.1147685303365436
T2_E1_Elche,NO2,T2_E2_Elda,NO,-36,0.17134439128339418
T2_E1_Elche,NO2,T2_E2_Elda,NO,-35,0.20279909296492496
T2_E1_Elche,NO2,T2_E2_Elda,NO,-34,0.19330064724575585
T2_E1_Elche,NO2,T2_E2_Elda,NO,-33,0.14520988678019334
T2_E1_Elche,NO2,T2_E2_Elda,NO,-32,0.08307927672884664
T2_E1_Elche,NO2,T2_E2_Elda,NO,-31,0.029319846043876788
T2_E1_Elche,NO2,T2_E2_Elda,NO,-30,-0.005767496056766907
T2_E1_Elche,NO2,T2_E2_Elda,NO,-29,-0.01670919461016994
T2_E1_Elche,NO2,T2_E2_Elda,NO,-28,-0.010040653120367879
T2_E1_Elche,NO2,T2_E2_Elda,NO,-27,0.014329135260144454
T2_E1_Elche,NO2,T2_E2_Elda,NO,-26,0.059345718303488684
T2_E1_Elche,NO2,T2_E2_Elda,NO,-25,0.1301907068366478
T2_E1_Elche,NO2,T2_E2_Elda,NO,-24,0.20830254122324615
T2_E1_Elche,NO2,T2_E2_Elda,NO,-23,0.24549997819608824
T2_E1_Elche,NO2,T2_E2_Elda,NO,-22,0.21656015431821599
T2_E1_Elche,NO2,T2_E2_Elda,NO,-21,0.1420879493345305
T2_E1_Elche,NO2,T2_E2_Elda,NO,-20,0.06588476564168286
T2_E1_Elche,NO2,T2_E2_Elda,NO,-19,0.00885437636183134
T2_E1_Elche,NO2,T2_E2_Elda,NO,-18,-0.0162998545425954
T2_E1_Elche,NO2,T2_E2_Elda,NO,-17,-0.014880514603284108
T2_E1_Elche,NO2,T2_E2_Elda,NO,-16,0.005032122328623039
T2_E1_Elche,NO2,T2_E2_Elda,NO,-15,0.04047667428131897
T2_E1_Elche,NO2,T2_E2_Elda,NO,-14,0.09697510019732257
T2_E1_Elche,NO2,T2_E2_Elda,NO,-13,0.17101055039257898
T2_E1_Elche,NO2,T2_E2_Elda,NO,-12,0.23792707864766655
T2_E1_Elche,NO2,T2_E2_Elda,NO,-11,0.2680894720119444
T2_E1_Elche,NO2,T2_E2_Elda,NO,-10,0.24665353565088954
T2_E1_Elche,NO2,T2_E2_Elda,NO,-9,0.1810200676877842
T2_E1_Elche,NO2,T2_E2_Elda,NO,-8,0.10878746862280766
T2_E1_Elche,NO2,T2_E2_Elda,NO,-7,0.053115028871851315
T2_E1_Elche,NO2,T2_E2_Elda,NO,-6,0.020740509402712957
T2_E1_Elche,NO2,T2_E2_Elda,NO,-5,0.011700229528328993
T2_E1_Elche,NO2,T2_E2_Elda,NO,-4,0.02096940711370412
T2_E1_Elche,NO2,T2_E2_Elda,NO,-3,0.05213045657316293
T2_E1_Elche,NO2,T2_E2_Elda,NO,-2,0.11096344991031298
T2_E1_Elche,NO2,T2_E2_Elda,NO,-1,0.20275981476572988
T2_E1_Elche,NO2,T2_E2_Elda,NO,0,0.29918219842679794
T2_E1_Elche,NO2,T2_E2_Elda,NO,1,0.3430963997124951
T2_E1_Elche,NO2,T2_E2_Elda,NO,2,0.29176396069216015
T2_E1_Elche,NO2,T2_E2_Elda,NO,3,0.1887648329799805
T2_E1_Elche,NO2,T2_E2_Elda,NO,4,0.09242018389181975
T2_E1_Elche,NO2,T2_E2_Elda,NO,5,0.026595186843133223
T2_E1_Elche,NO2,T2_E2_Elda,NO,6,-0.006991816164827582
T2_E1_Elche,NO2,T2_E2_Elda,NO,7,-0.015698533559073646
T2_E1_Elche,NO2,T2_E2_Elda,NO,8,-0.003978324321277238
T2_E1_Elche,NO2,T2_E2_Elda,NO,9,0.026201315250287825
T2_E1_Elche,NO2,T2_E2_Elda,NO,10,0.07669500425936801
T2_E1_Elche,NO2,T2_E2_Elda,NO,11,0.1419078777778287
T2_E1_Elche,NO2,T2_E2_Elda,NO,12,0.1998488144141465
T2_E1_Elche,NO2,T2_E2_Elda,NO,13,0.22719911288204536
T2_E1_Elche,NO2,T2_E2_Elda,NO,14,0.2109092494632285
T2_E1_Elche,NO2,T2_E2_Elda,NO,15,0.15637660553465507
T2_E1_Elche,NO2,T2_E2_Elda,NO,16,0.09076835298760502
T2_E1_Elche,NO2,T2_E2_Elda,NO,17,0.032989299441537126
T2_E1_Elche,NO2,T2_E2_Elda,NO,18,-0.00628859519324878
T2_E1_Elche,NO2,T2_E2_Elda,NO,19,-0.024075842610421404
T2_E1_Elche,NO2,T2_E2_Elda,NO,20,-0.023463199967353694
T2_E1_Elche,NO2,T2_E2_Elda,NO,21,-0.007796309954652815
T2_E1_Elche,NO2,T2_E2_Elda,NO,22,0.027796203843969417
T2_E1_Elche,NO2,T2_E2_Elda,NO,23,0.0920110392859424
T2_E1_Elche,NO2,T2_E2_Elda,NO,24,0.1604382377835484
T2_E1_Elche,NO2,T2_E2_Elda,NO,25,0.1934461948305138
T2_E1_Elche,NO2,T2_E2_Elda,NO,26,0.16132150190450073
T2_E1_Elche,NO2,T2_E2_Elda,NO,27,0.09242982066801288
T2_E1_Elche,NO2,T2_E2_Elda,NO,28,0.027938015265456115
T2_E1_Elche,NO2,T2_E2_Elda,NO,29,-0.01724300687417072
T2_E1_Elche,NO2,T2_E2_Elda,NO,30,-0.04220400064417172
T2_E1_Elche,NO2,T2_E2_Elda,NO,31,-0.04828426969255624
T2_E1_Elche,NO2,T2_E2_Elda,NO,32,-0.037757714040386366
T2_E1_Elche,NO2,T2_E2_Elda,NO,33,-0.008993079794894308
T2_E1_Elche,NO2,T2_E2_Elda,NO,34,0.03541860177004758
T2_E1_Elche,NO2,T2_E2_Elda,NO,35,0.09289076787128922
T2_E1_Elche,NO2,T2_E2_Elda,NO,36,0.1471381060305334
T2_E1_Elche,NO2,T2_E2_Elda,NO,37,0.16953729849206262
T2_E1_Elche,NO2,T2_E2_Elda,NO,38,0.15205300118145232
T2_E1_Elche,NO2,T2_E2_Elda,NO,39,0.10030221081034814
T2_E1_Elche,NO2,T2_E2_Elda,NO,40,0.043309279671222736
T2_E1_Elche,NO2,T2_E2_Elda,NO,41,-0.002745677186943302
T2_E1_Elche,NO2,T2_E2_Elda,NO,42,-0.02860953022242163
T2_E1_Elche,NO2,T2_E2_Elda,NO,43,-0.038419148311185626
T2_E1_Elche,NO2,T2_E2_Elda,NO,44,-0.036129672993184196
T2_E1_Elche,NO2,T2_E2_Elda,NO,45,-0.02200419820450236
T2_E1_Elche,NO2,T2_E2_Elda,NO,46,0.00750519173058092
T2_E1_Elche,NO2,T2_E2_Elda,NO,47,0.0572466747910117
T2_E1_Elche,NO2,T2_E2_Elda,NO,48,0.1164256102219568
T2_E1_Elche,NO2,T2_E2_Elda,NO,49,0.14566971891884287
T2_E1_Elche,NO2,T2_E2_Elda,NO,50,0.11790702623286278
T2_E1_Elche,NO2,T2_E2_Elda,NO,51,0.06024263554747682
T2_E1_Elche,NO2,T2_E2_Elda,NO,52,0.004563874653486757
T2_E1_Elche,NO2,T2_E2_Elda,NO,53,-0.034199746769851824
T2_E1_Elche,NO2,T2_E2_Elda,NO,54,-0.05333453364411856
T2_E1_Elche,NO2,T2_E2_Elda,NO,55,-0.054359385682440524
T2_E1_Elche,NO2,T2_E2_Elda,NO,56,-0.042250751900148875
T2_E1_Elche,NO2,T2_E2_Elda,NO,57,-0.01638413758515838
T2_E1_Elche,NO2,T2_E2_Elda,NO,58,0.02375682837902497
T2_E1_Elche,NO2,T2_E2_Elda,NO,59,0.07374990064250718
T2_E1_Elche,NO2,T2_E2_Elda,NO,60,0.11998887258514412
T2_E1_Elche,NO2,T2_E2_Elda,NO,61,0.14358574295280122
T2_E1_Elche,NO2,T2_E2_Elda,NO,62,0.1304687050221795
T2_E1_Elche,NO2,T2_E2_Elda,NO,63,0.08464852612590863
T2_E1_Elche,NO2,T2_E2_Elda,NO,64,0.03133179920221264
T2_E1_Elche,NO2,T2_E2_Elda,NO,65,-0.007758043178544997
T2_E1_Elche,NO2,T2_E2_Elda,NO,66,-0.032083655581339965
T2_E1_Elche,NO2,T2_E2_Elda,NO,67,-0.04398816235302186
T2_E1_Elche,NO2,T2_E2_Elda,NO,68,-0.04525975799089128
T2_E1_Elche,NO2,T2_E2_Elda,NO,69,-0.034508549237660016
T2_E1_Elche,NO2,T2_E2_Elda,NO,70,-0.005459536587569756
T2_E1_Elche,NO2,T2_E2_Elda,NO,71,0.049196158821180926
T2_E1_Elche,NO2,T2_E2_Elda,NO,72,0.11244958239816245
T2_E1_Elche,NO2,T2_E2_Elda,NO2,-72,0.2494218382377507
T2_E1_Elche,NO2,T2_E2_Elda,NO2,-71,0.2521533770951045
T2_E1_Elche,NO2,T2_E2_Elda,NO2,-70,0.19013839871960883
T2_E1_Elche,NO2,T2_E2_Elda,NO2,-69,0.10045077962829538
T2_E1_Elche,NO2,T2_E2_Elda,NO2,-68,0.01909818530254129
T2_E1_Elche,NO2,T2_E2_Elda,NO2,-67,-0.03723934622525816
T2_E1_Elche,NO2,T2_E2_Elda,NO2,-66,-0.06455001892965397
T2_E1_Elche,NO2,T2_E2_Elda,NO2,-65,-0.06368890272154813
T2_E1_Elche,NO2,T2_E2_Elda,NO2,-64,-0.037728133193018716
T2_E1_Elche,NO2,T2_E2_Elda,NO2,-63,0.008754218278700196
T2_E1_Elche,NO2,T2_E2_Elda,NO2,-62,0.06689834694805383
T2_E1_Elche,NO2,T2_E2_Elda,NO2,-61,0.12313651785454376
T2_E1_Elche,NO2,T2_E2_Elda,NO2,-60,0.15621028990519079
T2_E1_Elche,NO2,T2_E2_Elda,NO2,-59,0.15310922976306138
T2_E1_Elche,NO2,T2_E2_Elda,NO2,-58,0.11296064218149758
T2_E1_Elche,NO2,T2_E2_Elda,NO2,-57,0.05473229581690853
T2_E1_Elche,NO2,T2_E2_Elda,NO2,-56,-0.00447759645928009
T2_E1_Elche,NO2,T2_E2_Elda,NO2,-55,-0.050714781077578826
T2_E1_Elche,NO2,T2_E2_Elda,NO2,-54,-0.07364737598659414
T2_E1_Elche,NO2,T2_E2_Elda,NO2,-53,-0.06533070853566184
T2_E1_Elche,NO2,T2_E2_Elda,NO2,-52,-0.030466406662116554
T2_E1_Elche,NO2,T2_E2_Elda,NO2,-51,0.03241338753013804
T2_E1_Elche,NO2,T2_E2_Elda,NO2,-50,0.11908584996139497
T2_E1_Elche,NO2,T2_E2_Elda,NO2,-49,0.2131393863240136
T2_E1_Elche,NO2,T2_E2_Elda,NO2,-48,0.27389123084117895
T2_E1_Elche,NO2,T2_E2_Elda,NO2,-47,0.268291830713936
T2_E1_Elche,NO2,T2_E2_Elda,NO2,-46,0.20175108494756713
T2_E1_Elche,NO2,T2_E2_Elda,NO2,-45,0.10985664302523844
T2_E1_Elche,NO2,T2_E2_Elda,NO2,-44,0.023330475736183284
T2_E1_Elche,NO2,T2_E2_Elda,NO2,-43,-0.03657860383504739
T2_E1_Elche,NO2,T2_E2_Elda,NO2,-42,-0.06588171045806464
T2_E1_Elche,NO2,T2_E2_Elda,NO2,-41,-0.06482560833760304
T2_E1_Elche,NO2,T2_E2_Elda,NO2,-40,-0.03638075859559773
T2_E1_Elche,NO2,T2_E2_Elda,NO2,-39,0.01703797609927288
T2_E1_Elche,NO2,T2_E2_Elda,NO2,-38,0.08167365389988265
T2_E1_Elche,NO2,T2_E2_Elda,NO2,-37,0.1410901536848539
T2_E1_Elche,NO2,T2_E2_Elda,NO2,-36,0.17607239118026496
T2_E1_Elche,NO2,T2_E2_Elda,NO2,-35,0.17462355532456136
T2_E1_Elche,NO2,T2_E2_Elda,NO2,-34,0.13806405127093993
T2_E1_Elche,NO2,T2_E2_Elda,NO2,-33,0.07960640704325113
T2_E1_Elche,NO2,T2_E2_Elda,NO2,-32,0.019577821539350768
T2_E1_Elche,NO2,T2_E2_Elda,NO2,-31,-0.028068577597181076
T2_E1_Elche,NO2,T2_E2_Elda,NO2,-30,-0.0515151746468539
T2_E1_Elche,NO2,T2_E2_Elda,NO2,-29,-0.04142427674392803
T2_E1_Elche,NO2,T2_E2_Elda,NO2,-28,0.002696008385555006
T2_E1_Elche,NO2,T2_E2_Elda,NO2,-27,0.07907416390069384
T2_E1_Elche,NO2,T2_E2_Elda,NO2,-26,0.18247726770222902
T2_E1_Elche,NO2,T2_E2_Elda,NO2,-25,0.29616547890390293
T2_E1_Elche,NO2,T2_E2_Elda,NO2,-24,0.3755139214713054
T2_E1_Elche,NO2,T2_E2_Elda,NO2,-23,0.3733670345667388
T2_E1_Elche,NO2,T2_E2_Elda,NO2,-22,0.29501310939563774
T2_E1_Elche,NO2,T2_E2_Elda,NO2,-21,0.18560963478257278
T2_E1_Elche,NO2,T2_E2_Elda,NO2,-20,0.0839380903678615
T2_E1_Elche,NO2,T2_E2_Elda,NO2,-19,0.01030615788360114
T2_E1_Elche,NO2,T2_E2_Elda,NO2,-18,-0.024786333940190284
T2_E1_Elche,NO2,T2_E2_Elda,NO2,-17,-0.02032899053420762
T2_E1_Elche,NO2,T2_E2_Elda,NO2,-16,0.016993043350514447
T2_E1_Elche,NO2,T2_E2_Elda,NO2,-15,0.08239987666848106
T2_E1_Elche,NO2,T2_E2_Elda,NO2,-14,0.1655786362447317
T2_E1_Elche,NO2,T2_E2_Elda,NO2,-13,0.24190995774494523
T2_E1_Elche,NO2,T2_E2_Elda,NO2,-12,0.28625664790392896
T2_E1_Elche,NO2,T2_E2_Elda,NO2,-11,0.28477219547790544
T2_E1_Elche,NO2,T2_E2_Elda,NO2,-10,0.23608516005910776
T2_E1_Elche,NO2,T2_E2_Elda,NO2,-9,0.16023008347756293
T2_E1_Elche,NO2,T2_E2_Elda,NO2,-8,0.08950844826592545
T2_E1_Elche,NO2,T2_E2_Elda,NO2,-7,0.038098166903373185
T2_E1_Elche,NO2,T2_E2_Elda,NO2,-6,0.01754818750775977
T2_E1_Elche,NO2,T2_E2_Elda,NO2,-5,0.03665980351934857
T2_E1_Elche,NO2,T2_E2_Elda,NO2,-4,0.0937486793708687
T2_E1_Elche,NO2,T2_E2_Elda,NO2,-3,0.1894337720939038
T2_E1_Elche,NO2,T2_E2_Elda,NO2,-2,0.32111027258560715
T2_E1_Elche,NO2,T2_E2_Elda,NO2,-1,0.4656591646842201
T2_E1_Elche,NO2,T2_E2_Elda,NO2,0,0.5679110010869289
T2_E1_Elche,NO2,T2_E2_Elda,NO2,1,0.5640931174676089
T2_E1_Elche,NO2,T2_E2_Elda,NO2,2,0.45555378579858635
T2_E1_Elche,NO2,T2_E2_Elda,NO2,3,0.301487244247452
T2_E1_Elche,NO2,T2_E2_Elda,NO2,4,0.15864254014544465
T2_E1_Elche,NO2,T2_E2_Elda,NO2,5,0.057825551047110936
T2_E1_Elche,NO2,T2_E2_Elda,NO2,6,0.005215060561492433
T2_E1_Elche,NO2,T2_E2_Elda,NO2,7,-0.004774371364153372
T2_E1_Elche,NO2,T2_E2_Elda,NO2,8,0.020632316093149246
T2_E1_Elche,NO2,T2_E2_Elda,NO2,9,0.07460789083352953
T2_E1_Elche,NO2,T2_E2_Elda,NO2,10,0.14573210280092766
T2_E1_Elche,NO2,T2_E2_Elda,NO2,11,0.21337486637227068
T2_E1_Elche,NO2,T2_E2_Elda,NO2,12,0.2498418925465703
T2_E1_Elche,NO2,T2_E2_Elda,NO2,13,0.24124104870167656
T2_E1_Elche,NO2,T2_E2_Elda,NO2,14,0.1918680028282554
T2_E1_Elche,NO2,T2_E2_Elda,NO2,15,0.11846671108810121
T2_E1_Elche,NO2,T2_E2_Elda,NO2,16,0.045009589472017206
T2_E1_Elche,NO2,T2_E2_Elda,NO2,17,-0.012217043641527116
T2_E1_Elche,NO2,T2_E2_Elda,NO2,18,-0.040523737905843106
T2_E1_Elche,NO2,T2_E2_Elda,NO2,19,-0.0356486524159815
T2_E1_Elche,NO2,T2_E2_Elda,NO2,20,0.001674496122335993
T2_E1_Elche,NO2,T2_E2_Elda,NO2,21,0.06911393174134851
T2_E1_Elche,NO2,T2_E2_Elda,NO2,22,0.16406795697476564
T2_E1_Elche,NO2,T2_E2_Elda,NO2,23,0.2688727622421065
T2_E1_Elche,NO2,T2_E2_Elda,NO2,24,0.3392951607594627
T2_E1_Elche,NO2,T2_E2_Elda,NO2,25,0.3354983519614431
T2_E1_Elche,NO2,T2_E2_Elda,NO2,26,0.2583824729717978
T2_E1_Elche,NO2,T2_E2_Elda,NO2,27,0.14942025521997984
T2_E1_Elche,NO2,T2_E2_Elda,NO2,28,0.04998531772144431
T2_E1_Elche,NO2,T2_E2_Elda,NO2,29,-0.022714955796462495
T2_E1_Elche,NO2,T2_E2_Elda,NO2,30,-0.06034493778578322
T2_E1_Elche,NO2,T2_E2_Elda,NO2,31,-0.06650921324551656
T2_E1_Elche,NO2,T2_E2_Elda,NO2,32,-0.04212705685622067
T2_E1_Elche,NO2,T2_E2_Elda,NO2,33,0.007495497829474607
T2_E1_Elche,NO2,T2_E2_Elda,NO2,34,0.07162131563579559
T2_E1_Elche,NO2,T2_E2_Elda,NO2,35,0.129186117771048
T2_E1_Elche,NO2,T2_E2_Elda,NO2,36,0.16031109588873005
T2_E1_Elche,NO2,T2_E2_Elda,NO2,37,0.15642980429759218
T2_E1_Elche,NO2,T2_E2_Elda,NO2,38,0.12132066674773666
T2_E1_Elche,NO2,T2_E2_Elda,NO2,39,0.06225552717718539
T2_E1_Elche,NO2,T2_E2_Elda,NO2,40,-0.0004854105194708209
T2_E1_Elche,NO2,T2_E2_Elda,NO2,41,-0.04941033337518535
T2_E1_Elche,NO2,T2_E2_Elda,NO2,42,-0.07197851608163806
T2_E1_Elche,NO2,T2_E2_Elda,NO2,43,-0.06472862547515464
T2_E1_Elche,NO2,T2_E2_Elda,NO2,44,-0.03070260220207527
T2_E1_Elche,NO2,T2_E2_Elda,NO2,45,0.028804271645054103
T2_E1_Elche,NO2,T2_E2_Elda,NO2,46,0.11215665616948263
T2_E1_Elche,NO2,T2_E2_Elda,NO2,47,0.2037019441189089
T2_E1_Elche,NO2,T2_E2_Elda,NO2,48,0.2668482290898104
T2_E1_Elche,NO2,T2_E2_Elda,NO2,49,0.2685761240835624
T2_E1_Elche,NO2,T2_E2_Elda,NO2,50,0.20631382808457854
T2_E1_Elche,NO2,T2_E2_Elda,NO2,51,0.11337461149896849
T2_E1_Elche,NO2,T2_E2_Elda,NO2,52,0.02520976299600822
T2_E1_Elche,NO2,T2_E2_Elda,NO2,53,-0.04171753548665627
T2_E1_Elche,NO2,T2_E2_Elda,NO2,54,-0.07725982271617214
T2_E1_Elche,NO2,T2_E2_Elda,NO2,55,-0.0803512142900431
T2_E1_Elche,NO2,T2_E2_Elda,NO2,56,-0.05461882500196318
T2_E1_Elche,NO2,T2_E2_Elda,NO2,57,-0.007265404216827396
T2_E1_Elche,NO2,T2_E2_Elda,NO2,58,0.05365676920384551
T2_E1_Elche,NO2,T2_E2_Elda,NO2,59,0.11019880453870767
T2_E1_Elche,NO2,T2_E2_Elda,NO2,60,0.14501911117256253
T2_E1_Elche,NO2,T2_E2_Elda,NO2,61,0.1458440390924177
T2_E1_Elche,NO2,T2_E2_Elda,NO2,62,0.11184023183477627
T2_E1_Elche,NO2,T2_E2_Elda,NO2,63,0.05681890759935079
T2_E1_Elche,NO2,T2_E2_Elda,NO2,64,-0.0024766646909010308
T2_E1_Elche,NO2,T2_E2_Elda,NO2,65,-0.04802370649899894
T2_E1_Elche,NO2,T2_E2_Elda,NO2,66,-0.0702185114099169
T2_E1_Elche,NO2,T2_E2_Elda,NO2,67,-0.06613907828581693
T2_E1_Elche,NO2,T2_E2_Elda,NO2,68,-0.03546787910353515
T2_E1_Elche,NO2,T2_E2_Elda,NO2,69,0.021475219728662398
T2_E1_Elche,NO2,T2_E2_Elda,NO2,70,0.09784085985726852
T2_E1_Elche,NO2,T2_E2_Elda,NO2,71,0.18314487230599819
T2_E1_Elche,NO2,T2_E2_Elda,NO2,72,0.24490672670883476
T2_E1_Elche,NO2,T2_E2_Elda,O3,-72,-0.29397583855895226
T2_E1_Elche,NO2,T2_E2_Elda,O3,-71,-0.2789719035359709
T2_E1_Elche,NO2,T2_E2_Elda,O3,-70,-0.23549318073280887
T2_E1_Elche,NO2,T2_E2_Elda,O3,-69,-0.18435995245899478
T2_E1_Elche,NO2,T2_E2_Elda,O3,-68,-0.13876921450432872
T2_E1_Elche,NO2,T2_E2_Elda,O3,-67,-0.10368086959650498
T2_E1_Elche,NO2,T2_E2_Elda,O3,-66,-0.08040267260469397
T2_E1_Elche,NO2,T2_E2_Elda,O3,-65,-0.06974654775123612
T2_E1_Elche,NO2,T2_E2_Elda,O3,-64,-0.0690167993891734
T2_E1_Elche,NO2,T2_E2_Elda,O3,-63,-0.0763090348870656
T2_E1_Elche,NO2,T2_E2_Elda,O3,-62,-0.08936835785027163
T2_E1_Elche,NO2,T2_E2_Elda,O3,-61,-0.10240151559926293
T2_E1_Elche,NO2,T2_E2_Elda,O3,-60,-0.10802944874698163
T2_E1_Elche,NO2,T2_E2_Elda,O3,-59,-0.10535274756952272
T2_E1_Elche,NO2,T2_E2_Elda,O3,-58,-0.09672461861469596
T2_E1_Elche,NO2,T2_E2_Elda,O3,-57,-0.08498976243063337
T2_E1_Elche,NO2,T2_E2_Elda,O3,-56,-0.07412617983259058
T2_E1_Elche,NO2,T2_E2_Elda,O3,-55,-0.0694555463415927
T2_E1_Elche,NO2,T2_E2_Elda,O3,-54,-0.07412119614160054
T2_E1_Elche,NO2,T2_E2_Elda,O3,-53,-0.09245464568513004
T2_E1_Elche,NO2,T2_E2_Elda,O3,-52,-0.12554088127317778
T2_E1_Elche,NO2,T2_E2_Elda,O3,-51,-0.17434350789039627
T2_E1_Elche,NO2,T2_E2_Elda,O3,-50,-0.2306388055466343
T2_E1_Elche,NO2,T2_E2_Elda,O3,-49,-0.2781802187807896
T2_E1_Elche,NO2,T2_E2_Elda,O3,-48,-0.2979592733339651
T2_E1_Elche,NO2,T2_E2_Elda,O3,-47,-0.2787696089710246
T2_E1_Elche,NO2,T2_E2_Elda,O3,-46,-0.23186079202138443
T2_E1_Elche,NO2,T2_E2_Elda,O3,-45,-0.178104392003765
T2_E1_Elche,NO2,T2_E2_Elda,O3,-44,-0.1306027201284817
T2_E1_Elche,NO2,T2_E2_Elda,O3,-43,-0.09514106983927853
T2_E1_Elche,NO2,T2_E2_Elda,O3,-42,-0.07240220823457319
T2_E1_Elche,NO2,T2_E2_Elda,O3,-41,-0.06131704132066742
T2_E1_Elche,NO2,T2_E2_Elda,O3,-40,-0.06107405530462138
T2_E1_Elche,NO2,T2_E2_Elda,O3,-39,-0.07055692950172361
T2_E1_Elche,NO2,T2_E2_Elda,O3,-38,-0.08630152126148166
T2_E1_Elche,NO2,T2_E2_Elda,O3,-37,-0.1007814412849835
T2_E1_Elche,NO2,T2_E2_Elda,O3,-36,-0.10791731698920654
T2_E1_Elche,NO2,T2_E2_Elda,O3,-35,-0.10575315696213845
T2_E1_Elche,NO2,T2_E2_Elda,O3,-34,-0.09760087541148627
T2_E1_Elche,NO2,T2_E2_Elda,O3,-33,-0.08602864475842503
T2_E1_Elche,NO2,T2_E2_Elda,O3,-32,-0.07557674346757548
T2_E1_Elche,NO2,T2_E2_Elda,O3,-31,-0.07027258898553869
T2_E1_Elche,NO2,T2_E2_Elda,O3,-30,-0.07519645250288964
T2_E1_Elche,NO2,T2_E2_Elda,O3,-29,-0.09560161311593475
T2_E1_Elche,NO2,T2_E2_Elda,O3,-28,-0.1330136907612936
T2_E1_Elche,NO2,T2_E2_Elda,O3,-27,-0.18747632448191934
T2_E1_Elche,NO2,T2_E2_Elda,O3,-26,-0.2514568495626133
T2_E1_Elche,NO2,T2_E2_Elda,O3,-25,-0.3088816056298174
T2_E1_Elche,NO2,T2_E2_Elda,O3,-24,-0.3339238146238916
T2_E1_Elche,NO2,T2_E2_Elda,O3,-23,-0.31423237723595704
T2_E1_Elche,NO2,T2_E2_Elda,O3,-22,-0.2635925534130239
T2_E1_Elche,NO2,T2_E2_Elda,O3,-21,-0.20483145340403022
T2_E1_Elche,NO2,T2_E2_Elda,O3,-20,-0.15316699735890865
T2_E1_Elche,NO2,T2_E2_Elda,O3,-19,-0.11340228891466836
T2_E1_Elche,NO2,T2_E2_Elda,O3,-18,-0.08813888392351263
T2_E1_Elche,NO2,T2_E2_Elda,O3,-17,-0.07626275651314676
T2_E1_Elche,NO2,T2_E2_Elda,O3,-16,-0.07744217264518714
T2_E1_Elche,NO2,T2_E2_Elda,O3,-15,-0.08952530280934906
T2_E1_Elche,NO2,T2_E2_Elda,O3,-14,-0.10940315976344646
T2_E1_Elche,NO2,T2_E2_Elda,O3,-13,-0.12882829223596393
T2_E1_Elche,NO2,T2_E2_Elda,O3,-12,-0.13909461897429196
T2_E1_Elche,NO2,T2_E2_Elda,O3,-11,-0.13729600298436442
T2_E1_Elche,NO2,T2_E2_Elda,O3,-10,-0.1258723613225104
T2_E1_Elche,NO2,T2_E2_Elda,O3,-9,-0.10988991801535317
T2_E1_Elche,NO2,T2_E2_Elda,O3,-8,-0.09583204140484365
T2_E1_Elche,NO2,T2_E2_Elda,O3,-7,-0.08893795219817043
T2_E1_Elche,NO2,T2_E2_Elda,O3,-6,-0.09358913321348633
T2_E1_Elche,NO2,T2_E2_Elda,O3,-5,-0.11440972716123085
T2_E1_Elche,NO2,T2_E2_Elda,O3,-4,-0.15493641252622667
T2_E1_Elche,NO2,T2_E2_Elda,O3,-3,-0.21723022731964553
T2_E1_Elche,NO2,T2_E2_Elda,O3,-2,-0.2940988121896813
T2_E1_Elche,NO2,T2_E2_Elda,O3,-1,-0.3635440652042111
T2_E1_Elche,NO2,T2_E2_Elda,O3,0,-0.3926906981421065
T2_E1_Elche,NO2,T2_E2_Elda,O3,1,-0.36443897435620626
T2_E1_Elche,NO2,T2_E2_Elda,O3,2,-0.29746608708009736
T2_E1_Elche,NO2,T2_E2_Elda,O3,3,-0.22229298111064352
T2_E1_Elche,NO2,T2_E2_Elda,O3,4,-0.15834041723260447
T2_E1_Elche,NO2,T2_E2_Elda,O3,5,-0.10967727814618025
T2_E1_Elche,NO2,T2_E2_Elda,O3,6,-0.07722126823575144
T2_E1_Elche,NO2,T2_E2_Elda,O3,7,-0.061251218579813
T2_E1_Elche,NO2,T2_E2_Elda,O3,8,-0.059609598211163795
T2_E1_Elche,NO2,T2_E2_Elda,O3,9,-0.069451403865752
T2_E1_Elche,NO2,T2_E2_Elda,O3,10,-0.08583488779804602
T2_E1_Elche,NO2,T2_E2_Elda,O3,11,-0.10110194891950748
T2_E1_Elche,NO2,T2_E2_Elda,O3,12,-0.10831076819119874
T2_E1_Elche,NO2,T2_E2_Elda,O3,13,-0.1045580877309319
T2_E1_Elche,NO2,T2_E2_Elda,O3,14,-0.0913513483011266
T2_E1_Elche,NO2,T2_E2_Elda,O3,15,-0.07397445741549523
T2_E1_Elche,NO2,T2_E2_Elda,O3,16,-0.058600908388545106
T2_E1_Elche,NO2,T2_E2_Elda,O3,17,-0.04978073734061988
T2_E1_Elche,NO2,T2_E2_Elda,O3,18,-0.05218036746772801
T2_E1_Elche,NO2,T2_E2_Elda,O3,19,-0.0701622867784985
T2_E1_Elche,NO2,T2_E2_Elda,O3,20,-0.10457272431384702
T2_E1_Elche,NO2,T2_E2_Elda,O3,21,-0.15484380742957085
T2_E1_Elche,NO2,T2_E2_Elda,O3,22,-0.21436049028903073
T2_E1_Elche,NO2,T2_E2_Elda,O3,23,-0.2661947216659599
T2_E1_Elche,NO2,T2_E2_Elda,O3,24,-0.28698756458428765
T2_E1_Elche,NO2,T2_E2_Elda,O3,25,-0.2660629811119476
T2_E1_Elche,NO2,T2_E2_Elda,O3,26,-0.21660655626399636
T2_E1_Elche,NO2,T2_E2_Elda,O3,27,-0.16094669501704753
T2_E1_Elche,NO2,T2_E2_Elda,O3,28,-0.11128508012062244
T2_E1_Elche,NO2,T2_E2_Elda,O3,29,-0.07322633580014774
T2_E1_Elche,NO2,T2_E2_Elda,O3,30,-0.04853773000350964
T2_E1_Elche,NO2,T2_E2_Elda,O3,31,-0.03655218766663009
T2_E1_Elche,NO2,T2_E2_Elda,O3,32,-0.036661432179075096
T2_E1_Elche,NO2,T2_E2_Elda,O3,33,-0.04698003976189421
T2_E1_Elche,NO2,T2_E2_Elda,O3,34,-0.06315085494103163
T2_E1_Elche,NO2,T2_E2_Elda,O3,35,-0.07893956382589967
T2_E1_Elche,NO2,T2_E2_Elda,O3,36,-0.08778583971317146
T2_E1_Elche,NO2,T2_E2_Elda,O3,37,-0.08673042740624955
T2_E1_Elche,NO2,T2_E2_Elda,O3,38,-0.07744418943266054
T2_E1_Elche,NO2,T2_E2_Elda,O3,39,-0.06187885026871393
T2_E1_Elche,NO2,T2_E2_Elda,O3,40,-0.046768962717209275
T2_E1_Elche,NO2,T2_E2_Elda,O3,41,-0.03866482789616076
T2_E1_Elche,NO2,T2_E2_Elda,O3,42,-0.042660277691353075
T2_E1_Elche,NO2,T2_E2_Elda,O3,43,-0.0605112116483782
T2_E1_Elche,NO2,T2_E2_Elda,O3,44,-0.09388578694477713
T2_E1_Elche,NO2,T2_E2_Elda,O3,45,-0.14309672066527845
T2_E1_Elche,NO2,T2_E2_Elda,O3,46,-0.20117060030085193
T2_E1_Elche,NO2,T2_E2_Elda,O3,47,-0.25136179493791255
T2_E1_Elche,NO2,T2_E2_Elda,O3,48,-0.2738285410749827
T2_E1_Elche,NO2,T2_E2_Elda,O3,49,-0.2575387012653753
T2_E1_Elche,NO2,T2_E2_Elda,O3,50,-0.21221125076532604
T2_E1_Elche,NO2,T2_E2_Elda,O3,51,-0.15910699054360786
T2_E1_Elche,NO2,T2_E2_Elda,O3,52,-0.11145021065232597
T2_E1_Elche,NO2,T2_E2_Elda,O3,53,-0.07441407543005862
T2_E1_Elche,NO2,T2_E2_Elda,O3,54,-0.049503596430652136
T2_E1_Elche,NO2,T2_E2_Elda,O3,55,-0.035912267945304985
T2_E1_Elche,NO2,T2_E2_Elda,O3,56,-0.03389044120638995
T2_E1_Elche,NO2,T2_E2_Elda,O3,57,-0.041985385853589144
T2_E1_Elche,NO2,T2_E2_Elda,O3,58,-0.0580820280138724
T2_E1_Elche,NO2,T2_E2_Elda,O3,59,-0.07483743674709425
T2_E1_Elche,NO2,T2_E2_Elda,O3,60,-0.08440123391738176
T2_E1_Elche,NO2,T2_E2_Elda,O3,61,-0.08406138776889607
T2_E1_Elche,NO2,T2_E2_Elda,O3,62,-0.07476606003618406
T2_E1_Elche,NO2,T2_E2_Elda,O3,63,-0.06147051439393723
T2_E1_Elche,NO2,T2_E2_Elda,O3,64,-0.04989047863183362
T2_E1_Elche,NO2,T2_E2_Elda,O3,65,-0.04443637876033497
T2_E1_Elche,NO2,T2_E2_Elda,O3,66,-0.04830831865365295
T2_E1_Elche,NO2,T2_E2_Elda,O3,67,-0.06441016617701012
T2_E1_Elche,NO2,T2_E2_Elda,O3,68,-0.09587353740017726
T2_E1_Elche,NO2,T2_E2_Elda,O3,69,-0.1432694861918314
T2_E1_Elche,NO2,T2_E2_Elda,O3,70,-0.1983427229352073
T2_E1_Elche,NO2,T2_E2_Elda,O3,71,-0.2466051167492177
T2_E1_Elche,NO2,T2_E2_Elda,O3,72,-0.26738863791637885
T2_E1_Elche,O3,T1_E1_Alicante,NO,-72,-0.2111407583395278
T2_E1_Elche,O3,T1_E1_Alicante,NO,-71,-0.20954002608769667
T2_E1_Elche,O3,T1_E1_Alicante,NO,-70,-0.17625792252980957
T2_E1_Elche,O3,T1_E1_Alicante,NO,-69,-0.1351633730565532
T2_E1_Elche,O3,T1_E1_Alicante,NO,-68,-0.1033440898138178
T2_E1_Elche,O3,T1_E1_Alicante,NO,-67,-0.0838273414406758
T2_E1_Elche,O3,T1_E1_Alicante,NO,-66,-0.07703416251615415
T2_E1_Elche,O3,T1_E1_Alicante,NO,-65,-0.08332581666380705
T2_E1_Elche,O3,T1_E1_Alicante,NO,-64,-0.10175841116238883
T2_E1_Elche,O3,T1_E1_Alicante,NO,-63,-0.130639067324326
T2_E1_Elche,O3,T1_E1_Alicante,NO,-62,-0.16299192175785737
T2_E1_Elche,O3,T1_E1_Alicante,NO,-61,-0.1846153679551547
T2_E1_Elche,O3,T1_E1_Alicante,NO,-60,-0.18126495227726477
T2_E1_Elche,O3,T1_E1_Alicante,NO,-59,-0.15121460480149992
T2_E1_Elche,O3,T1_E1_Alicante,NO,-58,-0.10327279437412712
T2_E1_Elche,O3,T1_E1_Alicante,NO,-57,-0.051005965512961556
T2_E1_Elche,O3,T1_E1_Alicante,NO,-56,-0.008929831738586044
T2_E1_Elche,O3,T1_E1_Alicante,NO,-55,0.01744043339513771
T2_E1_Elche,O3,T1_E1_Alicante,NO,-54,0.024116157918140587
T2_E1_Elche,O3,T1_E1_Alicante,NO,-53,0.011459150073011503
T2_E1_Elche,O3,T1_E1_Alicante,NO,-52,-0.017442310989603322
T2_E1_Elche,O3,T1_E1_Alicante,NO,-51,-0.06612627569312762
T2_E1_Elche,O3,T1_E1_Alicante,NO,-50,-0.12844158900793462
T2_E1_Elche,O3,T1_E1_Alicante,NO,-49,-0.19050498631678076
T2_E1_Elche,O3,T1_E1_Alicante,NO,-48,-0.22957108197892526
T2_E1_Elche,O3,T1_E1_Alicante,NO,-47,-0.22575549810040138
T2_E1_Elche,O3,T1_E1_Alicante,NO,-46,-0.18616375468229407
T2_E1_Elche,O3,T1_E1_Alicante,NO,-45,-0.13865832636710376
T2_E1_Elche,O3,T1_E1_Alicante,NO,-44,-0.10080151037952244
T2_E1_Elche,O3,T1_E1_Alicante,NO,-43,-0.0777384610012848
T2_E1_Elche,O3,T1_E1_Alicante,NO,-42,-0.07070686004041078
T2_E1_Elche,O3,T1_E1_Alicante,NO,-41,-0.07772192295436942
T2_E1_Elche,O3,T1_E1_Alicante,NO,-40,-0.09566562247602044
T2_E1_Elche,O3,T1_E1_Alicante,NO,-39,-0.12277629539935644
T2_E1_Elche,O3,T1_E1_Alicante,NO,-38,-0.15405983969212717
T2_E1_Elche,O3,T1_E1_Alicante,NO,-37,-0.17473738296952165
T2_E1_Elche,O3,T1_E1_Alicante,NO,-36,-0.17182292061735258
T2_E1_Elche,O3,T1_E1_Alicante,NO,-35,-0.14269670145833008
T2_E1_Elche,O3,T1_E1_Alicante,NO,-34,-0.09410689583722885
T2_E1_Elche,O3,T1_E1_Alicante,NO,-33,-0.04063313147066741
T2_E1_Elche,O3,T1_E1_Alicante,NO,-32,0.0009736476516776659
T2_E1_Elche,O3,T1_E1_Alicante,NO,-31,0.02508390245148076
T2_E1_Elche,O3,T1_E1_Alicante,NO,-30,0.03082360195124455
T2_E1_Elche,O3,T1_E1_Alicante,NO,-29,0.01803482957472606
T2_E1_Elche,O3,T1_E1_Alicante,NO,-28,-0.01502791675260069
T2_E1_Elche,O3,T1_E1_Alicante,NO,-27,-0.06872899480578952
T2_E1_Elche,O3,T1_E1_Alicante,NO,-26,-0.14050232162777782
T2_E1_Elche,O3,T1_E1_Alicante,NO,-25,-0.21113215906144223
T2_E1_Elche,O3,T1_E1_Alicante,NO,-24,-0.25266163427965393
T2_E1_Elche,O3,T1_E1_Alicante,NO,-23,-0.24794747951591567
T2_E1_Elche,O3,T1_E1_Alicante,NO,-22,-0.20521302853901827
T2_E1_Elche,O3,T1_E1_Alicante,NO,-21,-0.15537067444264469
T2_E1_Elche,O3,T1_E1_Alicante,NO,-20,-0.1163218758853486
T2_E1_Elche,O3,T1_E1_Alicante,NO,-19,-0.09556298343372088
T2_E1_Elche,O3,T1_E1_Alicante,NO,-18,-0.0940992282179122
T2_E1_Elche,O3,T1_E1_Alicante,NO,-17,-0.10645685301041018
T2_E1_Elche,O3,T1_E1_Alicante,NO,-16,-0.13051246189386154
T2_E1_Elche,O3,T1_E1_Alicante,NO,-15,-0.1640334073075004
T2_E1_Elche,O3,T1_E1_Alicante,NO,-14,-0.20410537723010835
T2_E1_Elche,O3,T1_E1_Alicante,NO,-13,-0.23305978867358276
T2_E1_Elche,O3,T1_E1_Alicante,NO,-12,-0.23476244024269668
T2_E1_Elche,O3,T1_E1_Alicante,NO,-11,-0.20714315613760156
T2_E1_Elche,O3,T1_E1_Alicante,NO,-10,-0.15416542181876336
T2_E1_Elche,O3,T1_E1_Alicante,NO,-9,-0.09143465211982629
T2_E1_Elche,O3,T1_E1_Alicante,NO,-8,-0.04026860960758011
T2_E1_Elche,O3,T1_E1_Alicante,NO,-7,-0.012700537869314825
T2_E1_Elche,O3,T1_E1_Alicante,NO,-6,-0.00932117290426406
T2_E1_Elche,O3,T1_E1_Alicante,NO,-5,-0.029012541932838167
T2_E1_Elche,O3,T1_E1_Alicante,NO,-4,-0.0709363313652609
T2_E1_Elche,O3,T1_E1_Alicante,NO,-3,-0.13722295781924942
T2_E1_Elche,O3,T1_E1_Alicante,NO,-2,-0.22403468449943686
T2_E1_Elche,O3,T1_E1_Alicante,NO,-1,-0.31099275471021726
T2_E1_Elche,O3,T1_E1_Alicante,NO,0,-0.3610414001653561
T2_E1_Elche,O3,T1_E1_Alicante,NO,1,-0.34828248671508577
T2_E1_Elche,O3,T1_E1_Alicante,NO,2,-0.2907871148350041
T2_E1_Elche,O3,T1_E1_Alicante,NO,3,-0.2262478868069301
T2_E1_Elche,O3,T1_E1_Alicante,NO,4,-0.17524716252610847
T2_E1_Elche,O3,T1_E1_Alicante,NO,5,-0.14263469723230687
T2_E1_Elche,O3,T1_E1_Alicante,NO,6,-0.12999601320496837
T2_E1_Elche,O3,T1_E1_Alicante,NO,7,-0.13418817316774212
T2_E1_Elche,O3,T1_E1_Alicante,NO,8,-0.15295210563221623
T2_E1_Elche,O3,T1_E1_Alicante,NO,9,-0.183209764870333
T2_E1_Elche,O3,T1_E1_Alicante,NO,10,-0.22015089672279214
T2_E1_Elche,O3,T1_E1_Alicante,NO,11,-0.24468955701093867
T2_E1_Elche,O3,T1_E1_Alicante,NO,12,-0.24089003107188686
T2_E1_Elche,O3,T1_E1_Alicante,NO,13,-0.2061694288405337
T2_E1_Elche,O3,T1_E1_Alicante,NO,14,-0.14758181075109184
T2_E1_Elche,O3,T1_E1_Alicante,NO,15,-0.07974108721186128
T2_E1_Elche,O3,T1_E1_Alicante,NO,16,-0.026460507248788626
T2_E1_Elche,O3,T1_E1_Alicante,NO,17,0.003437464469779838
T2_E1_Elche,O3,T1_E1_Alicante,NO,18,0.011088976445784313
T2_E1_Elche,O3,T1_E1_Alicante,NO,19,-0.0013434431865333707
T2_E1_Elche,O3,T1_E1_Alicante,NO,20,-0.0338600712469354
T2_E1_Elche,O3,T1_E1_Alicante,NO,21,-0.08859445112608796
T2_E1_Elche,O3,T1_E1_Alicante,NO,22,-0.15939384967044098
T2_E1_Elche,O3,T1_E1_Alicante,NO,23,-0.22913135569231619
T2_E1_Elche,O3,T1_E1_Alicante,NO,24,-0.268719071478354
T2_E1_Elche,O3,T1_E1_Alicante,NO,25,-0.25965311284752485
T2_E1_Elche,O3,T1_E1_Alicante,NO,26,-0.2151438904352883
T2_E1_Elche,O3,T1_E1_Alicante,NO,27,-0.16342325546146658
T2_E1_Elche,O3,T1_E1_Alicante,NO,28,-0.12254928040538718
T2_E1_Elche,O3,T1_E1_Alicante,NO,29,-0.09774830005279929
T2_E1_Elche,O3,T1_E1_Alicante,NO,30,-0.09007142345486191
T2_E1_Elche,O3,T1_E1_Alicante,NO,31,-0.09741183671978797
T2_E1_Elche,O3,T1_E1_Alicante,NO,32,-0.1144961701287502
T2_E1_Elche,O3,T1_E1_Alicante,NO,33,-0.13925433109673585
T2_E1_Elche,O3,T1_E1_Alicante,NO,34,-0.16924251235548998
T2_E1_Elche,O3,T1_E1_Alicante,NO,35,-0.19023346236299743
T2_E1_Elche,O3,T1_E1_Alicante,NO,36,-0.1863343613563665
T2_E1_Elche,O3,T1_E1_Alicante,NO,37,-0.15488033862440917
T2_E1_Elche,O3,T1_E1_Alicante,NO,38,-0.10393748696060057
T2_E1_Elche,O3,T1_E1_Alicante,NO,39,-0.05036988553063486
T2_E1_Elche,O3,T1_E1_Alicante,NO,40,-0.00898293957647352
T2_E1_Elche,O3,T1_E1_Alicante,NO,41,0.014387940839248431
T2_E1_Elche,O3,T1_E1_Alicante,NO,42,0.019878115470543987
T2_E1_Elche,O3,T1_E1_Alicante,NO,43,0.007107625934121021
T2_E1_Elche,O3,T1_E1_Alicante,NO,44,-0.02331764641209442
T2_E1_Elche,O3,T1_E1_Alicante,NO,45,-0.07318480299213855
T2_E1_Elche,O3,T1_E1_Alicante,NO,46,-0.13841347451388475
T2_E1_Elche,O3,T1_E1_Alicante,NO,47,-0.20128238270897808
T2_E1_Elche,O3,T1_E1_Alicante,NO,48,-0.23937841592137105
T2_E1_Elche,O3,T1_E1_Alicante,NO,49,-0.23412663814695456
T2_E1_Elche,O3,T1_E1_Alicante,NO,50,-0.19424016146233083
T2_E1_Elche,O3,T1_E1_Alicante,NO,51,-0.1471832363333122
T2_E1_Elche,O3,T1_E1_Alicante,NO,52,-0.11106204472583443
T2_E1_Elche,O3,T1_E1_Alicante,NO,53,-0.0896233913863975
T2_E1_Elche,O3,T1_E1_Alicante,NO,54,-0.08378912767883083
T2_E1_Elche,O3,T1_E1_Alicante,NO,55,-0.09111242795733478
T2_E1_Elche,O3,T1_E1_Alicante,NO,56,-0.10845245480725312
T2_E1_Elche,O3,T1_E1_Alicante,NO,57,-0.13318491322559825
T2_E1_Elche,O3,T1_E1_Alicante,NO,58,-0.1608317646165983
T2_E1_Elche,O3,T1_E1_Alicante,NO,59,-0.17983442060480465
T2_E1_Elche,O3,T1_E1_Alicante,NO,60,-0.17627395217630548
T2_E1_Elche,O3,T1_E1_Alicante,NO,61,-0.14838672597465016
T2_E1_Elche,O3,T1_E1_Alicante,NO,62,-0.1043168849434033
T2_E1_Elche,O3,T1_E1_Alicante,NO,63,-0.052910388634492315
T2_E1_Elche,O3,T1_E1_Alicante,NO,64,-0.010501166879594586
T2_E1_Elche,O3,T1_E1_Alicante,NO,65,0.014095083794324014
T2_E1_Elche,O3,T1_E1_Alicante,NO,66,0.019315798604818697
T2_E1_Elche,O3,T1_E1_Alicante,NO,67,0.007362956293302834
T2_E1_Elche,O3,T1_E1_Alicante,NO,68,-0.019273416166012355
T2_E1_Elche,O3,T1_E1_Alicante,NO,69,-0.0642953832606251
T2_E1_Elche,O3,T1_E1_Alicante,NO,70,-0.12631234154677504
T2_E1_Elche,O3,T1_E1_Alicante,NO,71,-0.18866772792434308
T2_E1_Elche,O3,T1_E1_Alicante,NO,72,-0.22684027492423628
T2_E1_Elche,O3,T1_E1_Alicante,NO2,-72,-0.34650704356064255
T2_E1_Elche,O3,T1_E1_Alicante,NO2,-71,-0.3227332110743029
T2_E1_Elche,O3,T1_E1_Alicante,NO2,-70,-0.2540013467104318
T2_E1_Elche,O3,T1_E1_Alicante,NO2,-69,-0.1747987111640316
T2_E1_Elche,O3,T1_E1_Alicante,NO2,-68,-0.10721611965424636
T2_E1_Elche,O3,T1_E1_Alicante,NO2,-67,-0.05953794720740204
T2_E1_Elche,O3,T1_E1_Alicante,NO2,-66,-0.03429445095687464
T2_E1_Elche,O3,T1_E1_Alicante,NO2,-65,-0.03160311817951444
T2_E1_Elche,O3,T1_E1_Alicante,NO2,-64,-0.04936597694369221
T2_E1_Elche,O3,T1_E1_Alicante,NO2,-63,-0.08283382835091917
T2_E1_Elche,O3,T1_E1_Alicante,NO2,-62,-0.12189206972789869
T2_E1_Elche,O3,T1_E1_Alicante,NO2,-61,-0.15218250186925555
T2_E1_Elche,O3,T1_E1_Alicante,NO2,-60,-0.16280250312385877
T2_E1_Elche,O3,T1_E1_Alicante,NO2,-59,-0.14862461874663419
T2_E1_Elche,O3,T1_E1_Alicante,NO2,-58,-0.11536264193757237
T2_E1_Elche,O3,T1_E1_Alicante,NO2,-57,-0.07418978250489255
T2_E1_Elche,O3,T1_E1_Alicante,NO2,-56,-0.03706442239208846
T2_E1_Elche,O3,T1_E1_Alicante,NO2,-55,-0.011547476599112691
T2_E1_Elche,O3,T1_E1_Alicante,NO2,-54,-0.003969115288730045
T2_E1_Elche,O3,T1_E1_Alicante,NO2,-53,-0.020479447266156425
T2_E1_Elche,O3,T1_E1_Alicante,NO2,-52,-0.06692635649400534
T2_E1_Elche,O3,T1_E1_Alicante,NO2,-51,-0.1432594267640422
T2_E1_Elche,O3,T1_E1_Alicante,NO2,-50,-0.23577786682725418
T2_E1_Elche,O3,T1_E1_Alicante,NO2,-49,-0.31943560142431104
T2_E1_Elche,O3,T1_E1_Alicante,NO2,-48,-0.35801974099975087
T2_E1_Elche,O3,T1_E1_Alicante,NO2,-47,-0.3313163799405861
T2_E1_Elche,O3,T1_E1_Alicante,NO2,-46,-0.25736723064720046
T2_E1_Elche,O3,T1_E1_Alicante,NO2,-45,-0.17139316646121489
T2_E1_Elche,O3,T1_E1_Alicante,NO2,-44,-0.09744755767237648
T2_E1_Elche,O3,T1_E1_Alicante,NO2,-43,-0.046264030964909136
T2_E1_Elche,O3,T1_E1_Alicante,NO2,-42,-0.02077377795956807
T2_E1_Elche,O3,T1_E1_Alicante,NO2,-41,-0.01982764499572454
T2_E1_Elche,O3,T1_E1_Alicante,NO2,-40,-0.040471981279491184
T2_E1_Elche,O3,T1_E1_Alicante,NO2,-39,-0.07730518136540919
T2_E1_Elche,O3,T1_E1_Alicante,NO2,-38,-0.11962840188545538
T2_E1_Elche,O3,T1_E1_Alicante,NO2,-37,-0.15092034585893188
T2_E1_Elche,O3,T1_E1_Alicante,NO2,-36,-0.1599581586604984
T2_E1_Elche,O3,T1_E1_Alicante,NO2,-35,-0.14374108811550215
T2_E1_Elche,O3,T1_E1_Alicante,NO2,-34,-0.10815711451058313
T2_E1_Elche,O3,T1_E1_Alicante,NO2,-33,-0.06559520755379084
T2_E1_Elche,O3,T1_E1_Alicante,NO2,-32,-0.027991518038642037
T2_E1_Elche,O3,T1_E1_Alicante,NO2,-31,-0.003754479686674327
T2_E1_Elche,O3,T1_E1_Alicante,NO2,-30,0.0016934879611202468
T2_E1_Elche,O3,T1_E1_Alicante,NO2,-29,-0.01895285824223132
T2_E1_Elche,O3,T1_E1_Alicante,NO2,-28,-0.07128413887554721
T2_E1_Elche,O3,T1_E1_Alicante,NO2,-27,-0.15660791495429813
T2_E1_Elche,O3,T1_E1_Alicante,NO2,-26,-0.2613454503249591
T2_E1_Elche,O3,T1_E1_Alicante,NO2,-25,-0.35372749467669645
T2_E1_Elche,O3,T1_E1_Alicante,NO2,-24,-0.39480421129462506
T2_E1_Elche,O3,T1_E1_Alicante,NO2,-23,-0.36436171939199524
T2_E1_Elche,O3,T1_E1_Alicante,NO2,-22,-0.28390513709734766
T2_E1_Elche,O3,T1_E1_Alicante,NO2,-21,-0.19257969514880507
T2_E1_Elche,O3,T1_E1_Alicante,NO2,-20,-0.11622935157756766
T2_E1_Elche,O3,T1_E1_Alicante,NO2,-19,-0.0661425006582615
T2_E1_Elche,O3,T1_E1_Alicante,NO2,-18,-0.04441258885593121
T2_E1_Elche,O3,T1_E1_Alicante,NO2,-17,-0.04816422202745982
T2_E1_Elche,O3,T1_E1_Alicante,NO2,-16,-0.07364784867235322
T2_E1_Elche,O3,T1_E1_Alicante,NO2,-15,-0.11613068314256152
T2_E1_Elche,O3,T1_E1_Alicante,NO2,-14,-0.16456427641639287
T2_E1_Elche,O3,T1_E1_Alicante,NO2,-13,-0.20256480789924683
T2_E1_Elche,O3,T1_E1_Alicante,NO2,-12,-0.2163456625334413
T2_E1_Elche,O3,T1_E1_Alicante,NO2,-11,-0.20322128192020064
T2_E1_Elche,O3,T1_E1_Alicante,NO2,-10,-0.1686105779427373
T2_E1_Elche,O3,T1_E1_Alicante,NO2,-9,-0.12445344574740669
T2_E1_Elche,O3,T1_E1_Alicante,NO2,-8,-0.08470291226756864
T2_E1_Elche,O3,T1_E1_Alicante,NO2,-7,-0.06144799223498652
T2_E1_Elche,O3,T1_E1_Alicante,NO2,-6,-0.06160605130772738
T2_E1_Elche,O3,T1_E1_Alicante,NO2,-5,-0.09181997009281351
T2_E1_Elche,O3,T1_E1_Alicante,NO2,-4,-0.15834554660152472
T2_E1_Elche,O3,T1_E1_Alicante,NO2,-3,-0.263289271564304
T2_E1_Elche,O3,T1_E1_Alicante,NO2,-2,-0.3959673043288296
T2_E1_Elche,O3,T1_E1_Alicante,NO2,-1,-0.5158952613328175
T2_E1_Elche,O3,T1_E1_Alicante,NO2,0,-0.5622288546428763
T2_E1_Elche,O3,T1_E1_Alicante,NO2,1,-0.506548329337013
T2_E1_Elche,O3,T1_E1_Alicante,NO2,2,-0.3944315775110186
T2_E1_Elche,O3,T1_E1_Alicante,NO2,3,-0.27860447695404855
T2_E1_Elche,O3,T1_E1_Alicante,NO2,4,-0.18564749305934822
T2_E1_Elche,O3,T1_E1_Alicante,NO2,5,-0.12308484954118243
T2_E1_Elche,O3,T1_E1_Alicante,NO2,6,-0.09050440108556525
T2_E1_Elche,O3,T1_E1_Alicante,NO2,7,-0.0870345924463319
T2_E1_Elche,O3,T1_E1_Alicante,NO2,8,-0.10841308537259706
T2_E1_Elche,O3,T1_E1_Alicante,NO2,9,-0.14720566020304676
T2_E1_Elche,O3,T1_E1_Alicante,NO2,10,-0.19126127591281514
T2_E1_Elche,O3,T1_E1_Alicante,NO2,11,-0.22192373794930892
T2_E1_Elche,O3,T1_E1_Alicante,NO2,12,-0.22834457907442957
T2_E1_Elche,O3,T1_E1_Alicante,NO2,13,-0.2091575971127851
T2_E1_Elche,O3,T1_E1_Alicante,NO2,14,-0.16838684811446816
T2_E1_Elche,O3,T1_E1_Alicante,NO2,15,-0.11714093095881356
T2_E1_Elche,O3,T1_E1_Alicante,NO2,16,-0.07140138708523812
T2_E1_Elche,O3,T1_E1_Alicante,NO2,17,-0.04064844656731386
T2_E1_Elche,O3,T1_E1_Alicante,NO2,18,-0.03143234911562377
T2_E1_Elche,O3,T1_E1_Alicante,NO2,19,-0.0491519365634704
T2_E1_Elche,O3,T1_E1_Alicante,NO2,20,-0.09976092037366381
T2_E1_Elche,O3,T1_E1_Alicante,NO2,21,-0.18311472462576905
T2_E1_Elche,O3,T1_E1_Alicante,NO2,22,-0.28533427371210474
T2_E1_Elche,O3,T1_E1_Alicante,NO2,23,-0.3762828345420547
T2_E1_Elche,O3,T1_E1_Alicante,NO2,24,-0.41360899973002646
T2_E1_Elche,O3,T1_E1_Alicante,NO2,25,-0.37760836820102334
T2_E1_Elche,O3,T1_E1_Alicante,NO2,26,-0.29380903403979414
T2_E1_Elche,O3,T1_E1_Alicante,NO2,27,-0.20204674725932348
T2_E1_Elche,O3,T1_E1_Alicante,NO2,28,-0.12477965688107323
T2_E1_Elche,O3,T1_E1_Alicante,NO2,29,-0.07218186419730854
T2_E1_Elche,O3,T1_E1_Alicante,NO2,30,-0.04690052551363351
T2_E1_Elche,O3,T1_E1_Alicante,NO2,31,-0.045826601591086896
T2_E1_Elche,O3,T1_E1_Alicante,NO2,32,-0.06440017397258457
T2_E1_Elche,O3,T1_E1_Alicante,NO2,33,-0.09882381509554489
T2_E1_Elche,O3,T1_E1_Alicante,NO2,34,-0.13914954510056862
T2_E1_Elche,O3,T1_E1_Alicante,NO2,35,-0.1701244571706653
T2_E1_Elche,O3,T1_E1_Alicante,NO2,36,-0.17883108047895274
T2_E1_Elche,O3,T1_E1_Alicante,NO2,37,-0.16227837795123923
T2_E1_Elche,O3,T1_E1_Alicante,NO2,38,-0.12684326492748038
T2_E1_Elche,O3,T1_E1_Alicante,NO2,39,-0.08498164152303792
T2_E1_Elche,O3,T1_E1_Alicante,NO2,40,-0.047395416244665034
T2_E1_Elche,O3,T1_E1_Alicante,NO2,41,-0.022817434232595173
T2_E1_Elche,O3,T1_E1_Alicante,NO2,42,-0.017316944826437614
T2_E1_Elche,O3,T1_E1_Alicante,NO2,43,-0.03587803873649737
T2_E1_Elche,O3,T1_E1_Alicante,NO2,44,-0.08438282566683002
T2_E1_Elche,O3,T1_E1_Alicante,NO2,45,-0.16240133914147806
T2_E1_Elche,O3,T1_E1_Alicante,NO2,46,-0.25645238811272625
T2_E1_Elche,O3,T1_E1_Alicante,NO2,47,-0.3390092611840075
T2_E1_Elche,O3,T1_E1_Alicante,NO2,48,-0.3745539094769151
T2_E1_Elche,O3,T1_E1_Alicante,NO2,49,-0.3454974400030945
T2_E1_Elche,O3,T1_E1_Alicante,NO2,50,-0.2725423045372827
T2_E1_Elche,O3,T1_E1_Alicante,NO2,51,-0.1884139358957359
T2_E1_Elche,O3,T1_E1_Alicante,NO2,52,-0.11803977038520487
T2_E1_Elche,O3,T1_E1_Alicante,NO2,53,-0.07048348196882921
T2_E1_Elche,O3,T1_E1_Alicante,NO2,54,-0.04745709575724193
T2_E1_Elche,O3,T1_E1_Alicante,NO2,55,-0.04790656945334782
T2_E1_Elche,O3,T1_E1_Alicante,NO2,56,-0.06690515930436021
T2_E1_Elche,O3,T1_E1_Alicante,NO2,57,-0.0986065535009687
T2_E1_Elche,O3,T1_E1_Alicante,NO2,58,-0.13508939451543645
T2_E1_Elche,O3,T1_E1_Alicante,NO2,59,-0.161498510207658
T2_E1_Elche,O3,T1_E1_Alicante,NO2,60,-0.16827033091522964
T2_E1_Elche,O3,T1_E1_Alicante,NO2,61,-0.15341771289760112
T2_E1_Elche,O3,T1_E1_Alicante,NO2,62,-0.1208376372796974
T2_E1_Elche,O3,T1_E1_Alicante,NO2,63,-0.07945533048103978
T2_E1_Elche,O3,T1_E1_Alicante,NO2,64,-0.04248431134303658
T2_E1_Elche,O3,T1_E1_Alicante,NO2,65,-0.019457150623810402
T2_E1_Elche,O3,T1_E1_Alicante,NO2,66,-0.014434362552999954
T2_E1_Elche,O3,T1_E1_Alicante,NO2,67,-0.03259345157244617
T2_E1_Elche,O3,T1_E1_Alicante,NO2,68,-0.07888674730338459
T2_E1_Elche,O3,T1_E1_Alicante,NO2,69,-0.1533882748120188
T2_E1_Elche,O3,T1_E1_Alicante,NO2,70,-0.24421025002226932
T2_E1_Elche,O3,T1_E1_Alicante,NO2,71,-0.32428402364596676
T2_E1_Elche,O3,T1_E1_Alicante,NO2,72,-0.3591497683362951
T2_E1_Elche,O3,T1_E1_Alicante,O3,-72,0.6415593618902437
T2_E1_Elche,O3,T1_E1_Alicante,O3,-71,0.6187078936976582
T2_E1_Elche,O3,T1_E1_Alicante,O3,-70,0.5520255333366422
T2_E1_Elche,O3,T1_E1_Alicante,O3,-69,0.46261307865699297
T2_E1_Elche,O3,T1_E1_Alicante,O3,-68,0.3676409753054385
T2_E1_Elche,O3,T1_E1_Alicante,O3,-67,0.27661093960141747
T2_E1_Elche,O3,T1_E1_Alicante,O3,-66,0.19569317290572552
T2_E1_Elche,O3,T1_E1_Alicante,O3,-65,0.1280507562957053
T2_E1_Elche,O3,T1_E1_Alicante,O3,-64,0.07654213387131793
T2_E1_Elche,O3,T1_E1_Alicante,O3,-63,0.04159398586269963
T2_E1_Elche,O3,T1_E1_Alicante,O3,-62,0.019644484893240534
T2_E1_Elche,O3,T1_E1_Alicante,O3,-61,0.006157588216663982
T2_E1_Elche,O3,T1_E1_Alicante,O3,-60,-0.001347982499187173
T2_E1_Elche,O3,T1_E1_Alicante,O3,-59,-0.004186853819826904
T2_E1_Elche,O3,T1_E1_Alicante,O3,-58,-0.00016205355045253157
T2_E1_Elche,O3,T1_E1_Alicante,O3,-57,0.014873379671311315
T2_E1_Elche,O3,T1_E1_Alicante,O3,-56,0.04579650819828503
T2_E1_Elche,O3,T1_E1_Alicante,O3,-55,0.0939243668659334
T2_E1_Elche,O3,T1_E1_Alicante,O3,-54,0.15927990063172875
T2_E1_Elche,O3,T1_E1_Alicante,O3,-53,0.24154475166673353
T2_E1_Elche,O3,T1_E1_Alicante,O3,-52,0.3390267678875593
T2_E1_Elche,O3,T1_E1_Alicante,O3,-51,0.445725133647157
T2_E1_Elche,O3,T1_E1_Alicante,O3,-50,0.548723661842081
T2_E1_Elche,O3,T1_E1_Alicante,O3,-49,0.6285591380269874
T2_E1_Elche,O3,T1_E1_Alicante,O3,-48,0.6623466886728722
T2_E1_Elche,O3,T1_E1_Alicante,O3,-47,0.63764995216676
T2_E1_Elche,O3,T1_E1_Alicante,O3,-46,0.566826664506186
T2_E1_Elche,O3,T1_E1_Alicante,O3,-45,0.47245581856361923
T2_E1_Elche,O3,T1_E1_Alicante,O3,-44,0.3718886010607084
T2_E1_Elche,O3,T1_E1_Alicante,O3,-43,0.27637406096320505
T2_E1_Elche,O3,T1_E1_Alicante,O3,-42,0.19242959048804675
T2_E1_Elche,O3,T1_E1_Alicante,O3,-41,0.12428347057631887
T2_E1_Elche,O3,T1_E1_Alicante,O3,-40,0.07378250766322036
T2_E1_Elche,O3,T1_E1_Alicante,O3,-39,0.040278978316721954
T2_E1_Elche,O3,T1_E1_Alicante,O3,-38,0.02043820502285421
T2_E1_Elche,O3,T1_E1_Alicante,O3,-37,0.008559879425880917
T2_E1_Elche,O3,T1_E1_Alicante,O3,-36,0.0007401850951099431
T2_E1_Elche,O3,T1_E1_Alicante,O3,-35,-0.0024180747514745953
T2_E1_Elche,O3,T1_E1_Alicante,O3,-34,0.0017297465562697602
T2_E1_Elche,O3,T1_E1_Alicante,O3,-33,0.018024004967057063
T2_E1_Elche,O3,T1_E1_Alicante,O3,-32,0.050621633939301705
T2_E1_Elche,O3,T1_E1_Alicante,O3,-31,0.10201759856490533
T2_E1_Elche,O3,T1_E1_Alicante,O3,-30,0.17176113367665813
T2_E1_Elche,O3,T1_E1_Alicante,O3,-29,0.25970554890212716
T2_E1_Elche,O3,T1_E1_Alicante,O3,-28,0.36437339108487876
T2_E1_Elche,O3,T1_E1_Alicante,O3,-27,0.4796970948599449
T2_E1_Elche,O3,T1_E1_Alicante,O3,-26,0.5916418892356399
T2_E1_Elche,O3,T1_E1_Alicante,O3,-25,0.6778653096435475
T2_E1_Elche,O3,T1_E1_Alicante,O3,-24,0.7142760443437577
T2_E1_Elche,O3,T1_E1_Alicante,O3,-23,0.6893288871588242
T2_E1_Elche,O3,T1_E1_Alicante,O3,-22,0.6167066844803841
T2_E1_Elche,O3,T1_E1_Alicante,O3,-21,0.5195235982241819
T2_E1_Elche,O3,T1_E1_Alicante,O3,-20,0.41737604687422836
T2_E1_Elche,O3,T1_E1_Alicante,O3,-19,0.321888763222191
T2_E1_Elche,O3,T1_E1_Alicante,O3,-18,0.2385310252697005
T2_E1_Elche,O3,T1_E1_Alicante,O3,-17,0.1706581059344427
T2_E1_Elche,O3,T1_E1_Alicante,O3,-16,0.11981727243005993
T2_E1_Elche,O3,T1_E1_Alicante,O3,-15,0.08612654065966449
T2_E1_Elche,O3,T1_E1_Alicante,O3,-14,0.06613374163240122
T2_E1_Elche,O3,T1_E1_Alicante,O3,-13,0.05531737141354412
T2_E1_Elche,O3,T1_E1_Alicante,O3,-12,0.049454787797913284
T2_E1_Elche,O3,T1_E1_Alicante,O3,-11,0.04839115346495152
T2_E1_Elche,O3,T1_E1_Alicante,O3,-10,0.05530052514224942
T2_E1_Elche,O3,T1_E1_Alicante,O3,-9,0.07534639022775629
T2_E1_Elche,O3,T1_E1_Alicante,O3,-8,0.11387846508825122
T2_E1_Elche,O3,T1_E1_Alicante,O3,-7,0.17423561305690363
T2_E1_Elche,O3,T1_E1_Alicante,O3,-6,0.2564396753809088
T2_E1_Elche,O3,T1_E1_Alicante,O3,-5,0.359668477664641
T2_E1_Elche,O3,T1_E1_Alicante,O3,-4,0.48192033211936386
T2_E1_Elche,O3,T1_E1_Alicante,O3,-3,0.6186197831157945
T2_E1_Elche,O3,T1_E1_Alicante,O3,-2,0.7564487039499315
T2_E1_Elche,O3,T1_E1_Alicante,O3,-1,0.8663004619806385
T2_E1_Elche,O3,T1_E1_Alicante,O3,0,0.9091450628173905
T2_E1_Elche,O3,T1_E1_Alicante,O3,1,0.8655217936344836
T2_E1_Elche,O3,T1_E1_Alicante,O3,2,0.7635990245493015
T2_E1_Elche,O3,T1_E1_Alicante,O3,3,0.6389063124557988
T2_E1_Elche,O3,T1_E1_Alicante,O3,4,0.5125531546553797
T2_E1_Elche,O3,T1_E1_Alicante,O3,5,0.39581026403947905
T2_E1_Elche,O3,T1_E1_Alicante,O3,6,0.294788766980479
T2_E1_Elche,O3,T1_E1_Alicante,O3,7,0.21311597942793112
T2_E1_Elche,O3,T1_E1_Alicante,O3,8,0.15138818237467613
T2_E1_Elche,O3,T1_E1_Alicante,O3,9,0.1082312708687164
T2_E1_Elche,O3,T1_E1_Alicante,O3,10,0.0806768905408552
T2_E1_Elche,O3,T1_E1_Alicante,O3,11,0.0620787944914094
T2_E1_Elche,O3,T1_E1_Alicante,O3,12,0.048183498307471616
T2_E1_Elche,O3,T1_E1_Alicante,O3,13,0.039765448079389
T2_E1_Elche,O3,T1_E1_Alicante,O3,14,0.0388772677880101
T2_E1_Elche,O3,T1_E1_Alicante,O3,15,0.04966582129154384
T2_E1_Elche,O3,T1_E1_Alicante,O3,16,0.07733732689182808
T2_E1_Elche,O3,T1_E1_Alicante,O3,17,0.12370456323252213
T2_E1_Elche,O3,T1_E1_Alicante,O3,18,0.18921705326732957
T2_E1_Elche,O3,T1_E1_Alicante,O3,19,0.2725530530027083
T2_E1_Elche,O3,T1_E1_Alicante,O3,20,0.3722648342802274
T2_E1_Elche,O3,T1_E1_Alicante,O3,21,0.48175718662473305
T2_E1_Elche,O3,T1_E1_Alicante,O3,22,0.5878164628002415
T2_E1_Elche,O3,T1_E1_Alicante,O3,23,0.6690247335216314
T2_E1_Elche,O3,T1_E1_Alicante,O3,24,0.7005142445476391
T2_E1_Elche,O3,T1_E1_Alicante,O3,25,0.6703371238506501
T2_E1_Elche,O3,T1_E1_Alicante,O3,26,0.5937877942724615
T2_E1_Elche,O3,T1_E1_Alicante,O3,27,0.49571188406094213
T2_E1_Elche,O3,T1_E1_Alicante,O3,28,0.39232012614752493
T2_E1_Elche,O3,T1_E1_Alicante,O3,29,0.2949842617526935
T2_E1_Elche,O3,T1_E1_Alicante,O3,30,0.2101037447605213
T2_E1_Elche,O3,T1_E1_Alicante,O3,31,0.14031821030277702
T2_E1_Elche,O3,T1_E1_Alicante,O3,32,0.08620597198200357
T2_E1_Elche,O3,T1_E1_Alicante,O3,33,0.047683750486482844
T2_E1_Elche,O3,T1_E1_Alicante,O3,34,0.02294855095097517
T2_E1_Elche,O3,T1_E1_Alicante,O3,35,0.007478044157681843
T2_E1_Elche,O3,T1_E1_Alicante,O3,36,-0.002562692421195017
T2_E1_Elche,O3,T1_E1_Alicante,O3,37,-0.007825023135488886
T2_E1_Elche,O3,T1_E1_Alicante,O3,38,-0.005773459799910311
T2_E1_Elche,O3,T1_E1_Alicante,O3,39,0.008221867947863889
T2_E1_Elche,O3,T1_E1_Alicante,O3,40,0.03834501365885781
T2_E1_Elche,O3,T1_E1_Alicante,O3,41,0.08668363687933313
T2_E1_Elche,O3,T1_E1_Alicante,O3,42,0.15279095762404005
T2_E1_Elche,O3,T1_E1_Alicante,O3,43,0.23543217310470094
T2_E1_Elche,O3,T1_E1_Alicante,O3,44,0.3328512104951168
T2_E1_Elche,O3,T1_E1_Alicante,O3,45,0.43898717808505006
T2_E1_Elche,O3,T1_E1_Alicante,O3,46,0.540376881504478
T2_E1_Elche,O3,T1_E1_Alicante,O3,47,0.6173305152892787
T2_E1_Elche,O3,T1_E1_Alicante,O3,48,0.6485486350282061
T2_E1_Elche,O3,T1_E1_Alicante,O3,49,0.6226697874350128
T2_E1_Elche,O3,T1_E1_Alicante,O3,50,0.5527295010815992
T2_E1_Elche,O3,T1_E1_Alicante,O3,51,0.4595597918125877
T2_E1_Elche,O3,T1_E1_Alicante,O3,52,0.3616391287817813
T2_E1_Elche,O3,T1_E1_Alicante,O3,53,0.2697787743789866
T2_E1_Elche,O3,T1_E1_Alicante,O3,54,0.18911282583203612
T2_E1_Elche,O3,T1_E1_Alicante,O3,55,0.12327743439162353
T2_E1_Elche,O3,T1_E1_Alicante,O3,56,0.07286808454765946
T2_E1_Elche,O3,T1_E1_Alicante,O3,57,0.036797585780988316
T2_E1_Elche,O3,T1_E1_Alicante,O3,58,0.013335824715283658
T2_E1_Elche,O3,T1_E1_Alicante,O3,59,-0.0016453737550855222
T2_E1_Elche,O3,T1_E1_Alicante,O3,60,-0.010999845260784673
T2_E1_Elche,O3,T1_E1_Alicante,O3,61,-0.014954349097099532
T2_E1_Elche,O3,T1_E1_Alicante,O3,62,-0.011743319050015284
T2_E1_Elche,O3,T1_E1_Alicante,O3,63,0.0028940418822070513
T2_E1_Elche,O3,T1_E1_Alicante,O3,64,0.03338747628928245
T2_E1_Elche,O3,T1_E1_Alicante,O3,65,0.08210957286919433
T2_E1_Elche,O3,T1_E1_Alicante,O3,66,0.1473380212732769
T2_E1_Elche,O3,T1_E1_Alicante,O3,67,0.22847103083879672
T2_E1_Elche,O3,T1_E1_Alicante,O3,68,0.3242424927733899
T2_E1_Elche,O3,T1_E1_Alicante,O3,69,0.4281487248036698
T2_E1_Elche,O3,T1_E1_Alicante,O3,70,0.527234095698849
T2_E1_Elche,O3,T1_E1_Alicante,O3,71,0.6021954399216104
T2_E1_Elche,O3,T1_E1_Alicante,O3,72,0.6315748487717521
T2_E1_Elche,O3,T1_E2_Elda,NO,-72,-0.12419663012988286
T2_E1_Elche,O3,T1_E2_Elda,NO,-71,-0.15718440083231683
T2_E1_Elche,O3,T1_E2_Elda,NO,-70,-0.15994175604247715
T2_E1_Elche,O3,T1_E2_Elda,NO,-69,-0.14459492726602166
T2_E1_Elche,O3,T1_E2_Elda,NO,-68,-0.1268954826059136
T2_E1_Elche,O3,T1_E2_Elda,NO,-67,-0.11457874067048618
T2_E1_Elche,O3,T1_E2_Elda,NO,-66,-0.10573560638817807
T2_E1_Elche,O3,T1_E2_Elda,NO,-65,-0.1023889137805707
T2_E1_Elche,O3,T1_E2_Elda,NO,-64,-0.10451008927471751
T2_E1_Elche,O3,T1_E2_Elda,NO,-63,-0.11221288387275416
T2_E1_Elche,O3,T1_E2_Elda,NO,-62,-0.12176792761629857
T2_E1_Elche,O3,T1_E2_Elda,NO,-61,-0.12872401857487434
T2_E1_Elche,O3,T1_E2_Elda,NO,-60,-0.1266369928904639
T2_E1_Elche,O3,T1_E2_Elda,NO,-59,-0.10944301659992922
T2_E1_Elche,O3,T1_E2_Elda,NO,-58,-0.07594224622307143
T2_E1_Elche,O3,T1_E2_Elda,NO,-57,-0.03476072162618762
T2_E1_Elche,O3,T1_E2_Elda,NO,-56,0.006040020108304217
T2_E1_Elche,O3,T1_E2_Elda,NO,-55,0.04023911933994005
T2_E1_Elche,O3,T1_E2_Elda,NO,-54,0.06164012566539397
T2_E1_Elche,O3,T1_E2_Elda,NO,-53,0.06693448095326683
T2_E1_Elche,O3,T1_E2_Elda,NO,-52,0.05781990831718788
T2_E1_Elche,O3,T1_E2_Elda,NO,-51,0.032581611759981914
T2_E1_Elche,O3,T1_E2_Elda,NO,-50,-0.008076743150422205
T2_E1_Elche,O3,T1_E2_Elda,NO,-49,-0.0632955762052577
T2_E1_Elche,O3,T1_E2_Elda,NO,-48,-0.11947923860604683
T2_E1_Elche,O3,T1_E2_Elda,NO,-47,-0.15487163614979385
T2_E1_Elche,O3,T1_E2_Elda,NO,-46,-0.15991817989457208
T2_E1_Elche,O3,T1_E2_Elda,NO,-45,-0.14691575560868142
T2_E1_Elche,O3,T1_E2_Elda,NO,-44,-0.13072648617929306
T2_E1_Elche,O3,T1_E2_Elda,NO,-43,-0.11621348294907267
T2_E1_Elche,O3,T1_E2_Elda,NO,-42,-0.10855788296651465
T2_E1_Elche,O3,T1_E2_Elda,NO,-41,-0.10796518467677778
T2_E1_Elche,O3,T1_E2_Elda,NO,-40,-0.10931279805397076
T2_E1_Elche,O3,T1_E2_Elda,NO,-39,-0.113417005571999
T2_E1_Elche,O3,T1_E2_Elda,NO,-38,-0.11868162071785426
T2_E1_Elche,O3,T1_E2_Elda,NO,-37,-0.12478448029650797
T2_E1_Elche,O3,T1_E2_Elda,NO,-36,-0.1260326480589659
T2_E1_Elche,O3,T1_E2_Elda,NO,-35,-0.11209536815231748
T2_E1_Elche,O3,T1_E2_Elda,NO,-34,-0.08415247015941028
T2_E1_Elche,O3,T1_E2_Elda,NO,-33,-0.0434953349203222
T2_E1_Elche,O3,T1_E2_Elda,NO,-32,-0.0006545742598140592
T2_E1_Elche,O3,T1_E2_Elda,NO,-31,0.03505352785543564
T2_E1_Elche,O3,T1_E2_Elda,NO,-30,0.058537415098637885
T2_E1_Elche,O3,T1_E2_Elda,NO,-29,0.06487866766844606
T2_E1_Elche,O3,T1_E2_Elda,NO,-28,0.05342405705879428
T2_E1_Elche,O3,T1_E2_Elda,NO,-27,0.02401898848074714
T2_E1_Elche,O3,T1_E2_Elda,NO,-26,-0.024420136800231543
T2_E1_Elche,O3,T1_E2_Elda,NO,-25,-0.08956722841639617
T2_E1_Elche,O3,T1_E2_Elda,NO,-24,-0.15488083234961353
T2_E1_Elche,O3,T1_E2_Elda,NO,-23,-0.19614014772231533
T2_E1_Elche,O3,T1_E2_Elda,NO,-22,-0.20202684349443234
T2_E1_Elche,O3,T1_E2_Elda,NO,-21,-0.1836400829022916
T2_E1_Elche,O3,T1_E2_Elda,NO,-20,-0.15885306180071992
T2_E1_Elche,O3,T1_E2_Elda,NO,-19,-0.1365777954897957
T2_E1_Elche,O3,T1_E2_Elda,NO,-18,-0.12557002167990405
T2_E1_Elche,O3,T1_E2_Elda,NO,-17,-0.12419409555051625
T2_E1_Elche,O3,T1_E2_Elda,NO,-16,-0.1294629975264907
T2_E1_Elche,O3,T1_E2_Elda,NO,-15,-0.13790440727462386
T2_E1_Elche,O3,T1_E2_Elda,NO,-14,-0.15108697647832242
T2_E1_Elche,O3,T1_E2_Elda,NO,-13,-0.16356212815414015
T2_E1_Elche,O3,T1_E2_Elda,NO,-12,-0.16534206073450722
T2_E1_Elche,O3,T1_E2_Elda,NO,-11,-0.15032627275006552
T2_E1_Elche,O3,T1_E2_Elda,NO,-10,-0.11749319914958221
T2_E1_Elche,O3,T1_E2_Elda,NO,-9,-0.07113336146241367
T2_E1_Elche,O3,T1_E2_Elda,NO,-8,-0.024756005557890662
T2_E1_Elche,O3,T1_E2_Elda,NO,-7,0.012165005932062625
T2_E1_Elche,O3,T1_E2_Elda,NO,-6,0.03392250171451737
T2_E1_Elche,O3,T1_E2_Elda,NO,-5,0.0394175423068411
T2_E1_Elche,O3,T1_E2_Elda,NO,-4,0.026918103511209365
T2_E1_Elche,O3,T1_E2_Elda,NO,-3,-0.008151273787906416
T2_E1_Elche,O3,T1_E2_Elda,NO,-2,-0.06690138380772806
T2_E1_Elche,O3,T1_E2_Elda,NO,-1,-0.14557243632757028
T2_E1_Elche,O3,T1_E2_Elda,NO,0,-0.22080112879340516
T2_E1_Elche,O3,T1_E2_Elda,NO,1,-0.2634045564567779
T2_E1_Elche,O3,T1_E2_Elda,NO,2,-0.26267496518323774
T2_E1_Elche,O3,T1_E2_Elda,NO,3,-0.23436616251641687
T2_E1_Elche,O3,T1_E2_Elda,NO,4,-0.2003874345707189
T2_E1_Elche,O3,T1_E2_Elda,NO,5,-0.17229117158539084
T2_E1_Elche,O3,T1_E2_Elda,NO,6,-0.15425907302513336
T2_E1_Elche,O3,T1_E2_Elda,NO,7,-0.1464622788412073
T2_E1_Elche,O3,T1_E2_Elda,NO,8,-0.14575278196780922
T2_E1_Elche,O3,T1_E2_Elda,NO,9,-0.14952034506631756
T2_E1_Elche,O3,T1_E2_Elda,NO,10,-0.15800439840736577
T2_E1_Elche,O3,T1_E2_Elda,NO,11,-0.1645014415439792
T2_E1_Elche,O3,T1_E2_Elda,NO,12,-0.16378784712941305
T2_E1_Elche,O3,T1_E2_Elda,NO,13,-0.14862262911172047
T2_E1_Elche,O3,T1_E2_Elda,NO,14,-0.11600272167582219
T2_E1_Elche,O3,T1_E2_Elda,NO,15,-0.07001562885575402
T2_E1_Elche,O3,T1_E2_Elda,NO,16,-0.02317111168241858
T2_E1_Elche,O3,T1_E2_Elda,NO,17,0.015164160769751326
T2_E1_Elche,O3,T1_E2_Elda,NO,18,0.04133753432721528
T2_E1_Elche,O3,T1_E2_Elda,NO,19,0.05211141442250306
T2_E1_Elche,O3,T1_E2_Elda,NO,20,0.04584237509622621
T2_E1_Elche,O3,T1_E2_Elda,NO,21,0.02163227165153332
T2_E1_Elche,O3,T1_E2_Elda,NO,22,-0.024668213784980807
T2_E1_Elche,O3,T1_E2_Elda,NO,23,-0.08997604219757144
T2_E1_Elche,O3,T1_E2_Elda,NO,24,-0.15262978120483453
T2_E1_Elche,O3,T1_E2_Elda,NO,25,-0.19104102658234434
T2_E1_Elche,O3,T1_E2_Elda,NO,26,-0.19269662213494468
T2_E1_Elche,O3,T1_E2_Elda,NO,27,-0.17171658573684442
T2_E1_Elche,O3,T1_E2_Elda,NO,28,-0.14618771837404812
T2_E1_Elche,O3,T1_E2_Elda,NO,29,-0.12570551475600272
T2_E1_Elche,O3,T1_E2_Elda,NO,30,-0.11300629737388312
T2_E1_Elche,O3,T1_E2_Elda,NO,31,-0.10794151753764782
T2_E1_Elche,O3,T1_E2_Elda,NO,32,-0.10915999171201039
T2_E1_Elche,O3,T1_E2_Elda,NO,33,-0.11496178023145347
T2_E1_Elche,O3,T1_E2_Elda,NO,34,-0.12234238111772111
T2_E1_Elche,O3,T1_E2_Elda,NO,35,-0.12912546362844865
T2_E1_Elche,O3,T1_E2_Elda,NO,36,-0.12688787260624643
T2_E1_Elche,O3,T1_E2_Elda,NO,37,-0.1118632215020127
T2_E1_Elche,O3,T1_E2_Elda,NO,38,-0.07958949879024448
T2_E1_Elche,O3,T1_E2_Elda,NO,39,-0.035978581227413396
T2_E1_Elche,O3,T1_E2_Elda,NO,40,0.006545495093762262
T2_E1_Elche,O3,T1_E2_Elda,NO,41,0.040357472041592686
T2_E1_Elche,O3,T1_E2_Elda,NO,42,0.060990145003119785
T2_E1_Elche,O3,T1_E2_Elda,NO,43,0.06711734705103799
T2_E1_Elche,O3,T1_E2_Elda,NO,44,0.05885263096187423
T2_E1_Elche,O3,T1_E2_Elda,NO,45,0.03277018460302718
T2_E1_Elche,O3,T1_E2_Elda,NO,46,-0.009276839475190186
T2_E1_Elche,O3,T1_E2_Elda,NO,47,-0.0658054631427429
T2_E1_Elche,O3,T1_E2_Elda,NO,48,-0.12299162135609683
T2_E1_Elche,O3,T1_E2_Elda,NO,49,-0.15793039984865667
T2_E1_Elche,O3,T1_E2_Elda,NO,50,-0.15985917835009264
T2_E1_Elche,O3,T1_E2_Elda,NO,51,-0.14367893573610038
T2_E1_Elche,O3,T1_E2_Elda,NO,52,-0.12355937606622251
T2_E1_Elche,O3,T1_E2_Elda,NO,53,-0.1079364454881124
T2_E1_Elche,O3,T1_E2_Elda,NO,54,-0.09916662348423762
T2_E1_Elche,O3,T1_E2_Elda,NO,55,-0.09752583620722516
T2_E1_Elche,O3,T1_E2_Elda,NO,56,-0.0992413169244738
T2_E1_Elche,O3,T1_E2_Elda,NO,57,-0.10279991559032102
T2_E1_Elche,O3,T1_E2_Elda,NO,58,-0.10788163102385312
T2_E1_Elche,O3,T1_E2_Elda,NO,59,-0.1130265431170644
T2_E1_Elche,O3,T1_E2_Elda,NO,60,-0.11402876598700797
T2_E1_Elche,O3,T1_E2_Elda,NO,61,-0.10284696710768135
T2_E1_Elche,O3,T1_E2_Elda,NO,62,-0.07604105941473592
T2_E1_Elche,O3,T1_E2_Elda,NO,63,-0.03594114722192512
T2_E1_Elche,O3,T1_E2_Elda,NO,64,0.00831757393222205
T2_E1_Elche,O3,T1_E2_Elda,NO,65,0.04154003362419263
T2_E1_Elche,O3,T1_E2_Elda,NO,66,0.06183087406155642
T2_E1_Elche,O3,T1_E2_Elda,NO,67,0.06931765593328347
T2_E1_Elche,O3,T1_E2_Elda,NO,68,0.06284035050312622
T2_E1_Elche,O3,T1_E2_Elda,NO,69,0.04024887408416331
T2_E1_Elche,O3,T1_E2_Elda,NO,70,-0.000542489771819264
T2_E1_Elche,O3,T1_E2_Elda,NO,71,-0.058106850564821275
T2_E1_Elche,O3,T1_E2_Elda,NO,72,-0.11703400357555843
T2_E1_Elche,O3,T1_E2_Elda,NO2,-72,-0.2363447779500898
T2_E1_Elche,O3,T1_E2_Elda,NO2,-71,-0.24368509212763134
T2_E1_Elche,O3,T1_E2_Elda,NO2,-70,-0.21026245053318965
T2_E1_Elche,O3,T1_E2_Elda,NO2,-69,-0.15613289042177897
T2_E1_Elche,O3,T1_E2_Elda,NO2,-68,-0.1015128814705274
T2_E1_Elche,O3,T1_E2_Elda,NO2,-67,-0.05806244534858151
T2_E1_Elche,O3,T1_E2_Elda,NO2,-66,-0.028449784155066837
T2_E1_Elche,O3,T1_E2_Elda,NO2,-65,-0.01327000197840711
T2_E1_Elche,O3,T1_E2_Elda,NO2,-64,-0.012002129797066233
T2_E1_Elche,O3,T1_E2_Elda,NO2,-63,-0.02205689313918347
T2_E1_Elche,O3,T1_E2_Elda,NO2,-62,-0.03767715302632739
T2_E1_Elche,O3,T1_E2_Elda,NO2,-61,-0.0514264933878751
T2_E1_Elche,O3,T1_E2_Elda,NO2,-60,-0.056048663772347324
T2_E1_Elche,O3,T1_E2_Elda,NO2,-59,-0.04754905608744346
T2_E1_Elche,O3,T1_E2_Elda,NO2,-58,-0.026609566883
T2_E1_Elche,O3,T1_E2_Elda,NO2,-57,0.0005554144620750486
T2_E1_Elche,O3,T1_E2_Elda,NO2,-56,0.02643361381758476
T2_E1_Elche,O3,T1_E2_Elda,NO2,-55,0.045246677638589146
T2_E1_Elche,O3,T1_E2_Elda,NO2,-54,0.05099204056566496
T2_E1_Elche,O3,T1_E2_Elda,NO2,-53,0.039133223885862836
T2_E1_Elche,O3,T1_E2_Elda,NO2,-52,0.007583091125159539
T2_E1_Elche,O3,T1_E2_Elda,NO2,-51,-0.04646548233067636
T2_E1_Elche,O3,T1_E2_Elda,NO2,-50,-0.11757644759225717
T2_E1_Elche,O3,T1_E2_Elda,NO2,-49,-0.18921613127669673
T2_E1_Elche,O3,T1_E2_Elda,NO2,-48,-0.23550437421238773
T2_E1_Elche,O3,T1_E2_Elda,NO2,-47,-0.23816871363314937
T2_E1_Elche,O3,T1_E2_Elda,NO2,-46,-0.20162124858954442
T2_E1_Elche,O3,T1_E2_Elda,NO2,-45,-0.1461040638721689
T2_E1_Elche,O3,T1_E2_Elda,NO2,-44,-0.0904142600322331
T2_E1_Elche,O3,T1_E2_Elda,NO2,-43,-0.04483970512028036
T2_E1_Elche,O3,T1_E2_Elda,NO2,-42,-0.014594121891616236
T2_E1_Elche,O3,T1_E2_Elda,NO2,-41,-0.00023585690212945417
T2_E1_Elche,O3,T1_E2_Elda,NO2,-40,0.00013317411623519176
T2_E1_Elche,O3,T1_E2_Elda,NO2,-39,-0.012675427443676774
T2_E1_Elche,O3,T1_E2_Elda,NO2,-38,-0.030324159982282294
T2_E1_Elche,O3,T1_E2_Elda,NO2,-37,-0.044892672452478063
T2_E1_Elche,O3,T1_E2_Elda,NO2,-36,-0.04986395321898901
T2_E1_Elche,O3,T1_E2_Elda,NO2,-35,-0.04188853628537179
T2_E1_Elche,O3,T1_E2_Elda,NO2,-34,-0.023479948959251696
T2_E1_Elche,O3,T1_E2_Elda,NO2,-33,0.0026026159362677395
T2_E1_Elche,O3,T1_E2_Elda,NO2,-32,0.027970490013273654
T2_E1_Elche,O3,T1_E2_Elda,NO2,-31,0.04635029200887215
T2_E1_Elche,O3,T1_E2_Elda,NO2,-30,0.05173328221600088
T2_E1_Elche,O3,T1_E2_Elda,NO2,-29,0.03742302255556649
T2_E1_Elche,O3,T1_E2_Elda,NO2,-28,0.00011481635949071692
T2_E1_Elche,O3,T1_E2_Elda,NO2,-27,-0.06157798699231294
T2_E1_Elche,O3,T1_E2_Elda,NO2,-26,-0.14077821900499515
T2_E1_Elche,O3,T1_E2_Elda,NO2,-25,-0.22342547203838373
T2_E1_Elche,O3,T1_E2_Elda,NO2,-24,-0.2804272661339986
T2_E1_Elche,O3,T1_E2_Elda,NO2,-23,-0.2870542169795286
T2_E1_Elche,O3,T1_E2_Elda,NO2,-22,-0.2475918540260963
T2_E1_Elche,O3,T1_E2_Elda,NO2,-21,-0.18491532996449092
T2_E1_Elche,O3,T1_E2_Elda,NO2,-20,-0.12151179844617031
T2_E1_Elche,O3,T1_E2_Elda,NO2,-19,-0.0711041497002508
T2_E1_Elche,O3,T1_E2_Elda,NO2,-18,-0.04136436725101564
T2_E1_Elche,O3,T1_E2_Elda,NO2,-17,-0.03025224015917859
T2_E1_Elche,O3,T1_E2_Elda,NO2,-16,-0.03554247819667108
T2_E1_Elche,O3,T1_E2_Elda,NO2,-15,-0.053655425488854
T2_E1_Elche,O3,T1_E2_Elda,NO2,-14,-0.07951569747138952
T2_E1_Elche,O3,T1_E2_Elda,NO2,-13,-0.10139683187460548
T2_E1_Elche,O3,T1_E2_Elda,NO2,-12,-0.11098734249345996
T2_E1_Elche,O3,T1_E2_Elda,NO2,-11,-0.10585994481736583
T2_E1_Elche,O3,T1_E2_Elda,NO2,-10,-0.08390764701719773
T2_E1_Elche,O3,T1_E2_Elda,NO2,-9,-0.05345445975649043
T2_E1_Elche,O3,T1_E2_Elda,NO2,-8,-0.025990947001762868
T2_E1_Elche,O3,T1_E2_Elda,NO2,-7,-0.008284702057215492
T2_E1_Elche,O3,T1_E2_Elda,NO2,-6,-0.006586717252327128
T2_E1_Elche,O3,T1_E2_Elda,NO2,-5,-0.02740214960903066
T2_E1_Elche,O3,T1_E2_Elda,NO2,-4,-0.0742128175837386
T2_E1_Elche,O3,T1_E2_Elda,NO2,-3,-0.14902369992267353
T2_E1_Elche,O3,T1_E2_Elda,NO2,-2,-0.2434636433902679
T2_E1_Elche,O3,T1_E2_Elda,NO2,-1,-0.3397257801888762
T2_E1_Elche,O3,T1_E2_Elda,NO2,0,-0.40360477265098743
T2_E1_Elche,O3,T1_E2_Elda,NO2,1,-0.4057731893963177
T2_E1_Elche,O3,T1_E2_Elda,NO2,2,-0.34901993755053495
T2_E1_Elche,O3,T1_E2_Elda,NO2,3,-0.26397630324390053
T2_E1_Elche,O3,T1_E2_Elda,NO2,4,-0.1802447986152374
T2_E1_Elche,O3,T1_E2_Elda,NO2,5,-0.11557774749181073
T2_E1_Elche,O3,T1_E2_Elda,NO2,6,-0.07488787706515186
T2_E1_Elche,O3,T1_E2_Elda,NO2,7,-0.05572983401139
T2_E1_Elche,O3,T1_E2_Elda,NO2,8,-0.054164653089024635
T2_E1_Elche,O3,T1_E2_Elda,NO2,9,-0.06668394181960839
T2_E1_Elche,O3,T1_E2_Elda,NO2,10,-0.08617525163904691
T2_E1_Elche,O3,T1_E2_Elda,NO2,11,-0.10224075629924238
T2_E1_Elche,O3,T1_E2_Elda,NO2,12,-0.10630137685075843
T2_E1_Elche,O3,T1_E2_Elda,NO2,13,-0.0937200909280873
T2_E1_Elche,O3,T1_E2_Elda,NO2,14,-0.0674800289975394
T2_E1_Elche,O3,T1_E2_Elda,NO2,15,-0.03346939729765683
T2_E1_Elche,O3,T1_E2_Elda,NO2,16,-0.0011530792469110398
T2_E1_Elche,O3,T1_E2_Elda,NO2,17,0.02118602129974443
T2_E1_Elche,O3,T1_E2_Elda,NO2,18,0.029359187146655384
T2_E1_Elche,O3,T1_E2_Elda,NO2,19,0.018009119765523232
T2_E1_Elche,O3,T1_E2_Elda,NO2,20,-0.017035850770591734
T2_E1_Elche,O3,T1_E2_Elda,NO2,21,-0.0761978823616993
T2_E1_Elche,O3,T1_E2_Elda,NO2,22,-0.15250536455316865
T2_E1_Elche,O3,T1_E2_Elda,NO2,23,-0.23053482614673002
T2_E1_Elche,O3,T1_E2_Elda,NO2,24,-0.28219415016837973
T2_E1_Elche,O3,T1_E2_Elda,NO2,25,-0.28538557131065606
T2_E1_Elche,O3,T1_E2_Elda,NO2,26,-0.24298747172983706
T2_E1_Elche,O3,T1_E2_Elda,NO2,27,-0.17792354127500987
T2_E1_Elche,O3,T1_E2_Elda,NO2,28,-0.11316382589628059
T2_E1_Elche,O3,T1_E2_Elda,NO2,29,-0.06213993128863784
T2_E1_Elche,O3,T1_E2_Elda,NO2,30,-0.029201447656807863
T2_E1_Elche,O3,T1_E2_Elda,NO2,31,-0.01403758846425137
T2_E1_Elche,O3,T1_E2_Elda,NO2,32,-0.014932333270678133
T2_E1_Elche,O3,T1_E2_Elda,NO2,33,-0.02756659018542621
T2_E1_Elche,O3,T1_E2_Elda,NO2,34,-0.04519859029623424
T2_E1_Elche,O3,T1_E2_Elda,NO2,35,-0.05864539178805193
T2_E1_Elche,O3,T1_E2_Elda,NO2,36,-0.06118493137546984
T2_E1_Elche,O3,T1_E2_Elda,NO2,37,-0.05232683912878395
T2_E1_Elche,O3,T1_E2_Elda,NO2,38,-0.03140128943529866
T2_E1_Elche,O3,T1_E2_Elda,NO2,39,-0.0023732987981309535
T2_E1_Elche,O3,T1_E2_Elda,NO2,40,0.024977898840361484
T2_E1_Elche,O3,T1_E2_Elda,NO2,41,0.04429485241916491
T2_E1_Elche,O3,T1_E2_Elda,NO2,42,0.049801660579284035
T2_E1_Elche,O3,T1_E2_Elda,NO2,43,0.036419460916691355
T2_E1_Elche,O3,T1_E2_Elda,NO2,44,0.002242517966467113
T2_E1_Elche,O3,T1_E2_Elda,NO2,45,-0.052718945394707055
T2_E1_Elche,O3,T1_E2_Elda,NO2,46,-0.12409623532587181
T2_E1_Elche,O3,T1_E2_Elda,NO2,47,-0.19662434504314638
T2_E1_Elche,O3,T1_E2_Elda,NO2,48,-0.2450199410202055
T2_E1_Elche,O3,T1_E2_Elda,NO2,49,-0.2500808277701053
T2_E1_Elche,O3,T1_E2_Elda,NO2,50,-0.21285349599490253
T2_E1_Elche,O3,T1_E2_Elda,NO2,51,-0.15506566716583522
T2_E1_Elche,O3,T1_E2_Elda,NO2,52,-0.097304356639627
T2_E1_Elche,O3,T1_E2_Elda,NO2,53,-0.05034526811083342
T2_E1_Elche,O3,T1_E2_Elda,NO2,54,-0.019969099769297664
T2_E1_Elche,O3,T1_E2_Elda,NO2,55,-0.00688435520720445
T2_E1_Elche,O3,T1_E2_Elda,NO2,56,-0.009216873513570834
T2_E1_Elche,O3,T1_E2_Elda,NO2,57,-0.020223946961819197
T2_E1_Elche,O3,T1_E2_Elda,NO2,58,-0.03575684260922558
T2_E1_Elche,O3,T1_E2_Elda,NO2,59,-0.048314987419240375
T2_E1_Elche,O3,T1_E2_Elda,NO2,60,-0.05299807630251846
T2_E1_Elche,O3,T1_E2_Elda,NO2,61,-0.04645862138355197
T2_E1_Elche,O3,T1_E2_Elda,NO2,62,-0.027106319472332996
T2_E1_Elche,O3,T1_E2_Elda,NO2,63,-0.0013189520249057226
T2_E1_Elche,O3,T1_E2_Elda,NO2,64,0.025133259444956178
T2_E1_Elche,O3,T1_E2_Elda,NO2,65,0.04234708527721184
T2_E1_Elche,O3,T1_E2_Elda,NO2,66,0.046238588269683537
T2_E1_Elche,O3,T1_E2_Elda,NO2,67,0.03412285000398685
T2_E1_Elche,O3,T1_E2_Elda,NO2,68,0.0021592935723313837
T2_E1_Elche,O3,T1_E2_Elda,NO2,69,-0.05036524235615358
T2_E1_Elche,O3,T1_E2_Elda,NO2,70,-0.11729468434130857
T2_E1_Elche,O3,T1_E2_Elda,NO2,71,-0.18608341463980144
T2_E1_Elche,O3,T1_E2_Elda,NO2,72,-0.23338100834329836
T2_E1_Elche,O3,T1_E2_Elda,O3,-72,0.6292040518647747
T2_E1_Elche,O3,T1_E2_Elda,O3,-71,0.595061335316213
T2_E1_Elche,O3,T1_E2_Elda,O3,-70,0.525204870957742
T2_E1_Elche,O3,T1_E2_Elda,O3,-69,0.4347789247735382
T2_E1_Elche,O3,T1_E2_Elda,O3,-68,0.3350632542030004
T2_E1_Elche,O3,T1_E2_Elda,O3,-67,0.23451172364030992
T2_E1_Elche,O3,T1_E2_Elda,O3,-66,0.13961948252236805
T2_E1_Elche,O3,T1_E2_Elda,O3,-65,0.05617948238298172
T2_E1_Elche,O3,T1_E2_Elda,O3,-64,-0.013005811803443259
T2_E1_Elche,O3,T1_E2_Elda,O3,-63,-0.06575817643950758
T2_E1_Elche,O3,T1_E2_Elda,O3,-62,-0.0997307829396062
T2_E1_Elche,O3,T1_E2_Elda,O3,-61,-0.11505652386557665
T2_E1_Elche,O3,T1_E2_Elda,O3,-60,-0.11182099806490428
T2_E1_Elche,O3,T1_E2_Elda,O3,-59,-0.08964030464244316
T2_E1_Elche,O3,T1_E2_Elda,O3,-58,-0.04968291144681486
T2_E1_Elche,O3,T1_E2_Elda,O3,-57,0.005352332954147595
T2_E1_Elche,O3,T1_E2_Elda,O3,-56,0.07265891937313623
T2_E1_Elche,O3,T1_E2_Elda,O3,-55,0.1495090771209057
T2_E1_Elche,O3,T1_E2_Elda,O3,-54,0.23416395483075603
T2_E1_Elche,O3,T1_E2_Elda,O3,-53,0.3246358053669981
T2_E1_Elche,O3,T1_E2_Elda,O3,-52,0.4177194750547852
T2_E1_Elche,O3,T1_E2_Elda,O3,-51,0.5079177872220735
T2_E1_Elche,O3,T1_E2_Elda,O3,-50,0.5843634564867247
T2_E1_Elche,O3,T1_E2_Elda,O3,-49,0.6328118219302786
T2_E1_Elche,O3,T1_E2_Elda,O3,-48,0.6408328076612044
T2_E1_Elche,O3,T1_E2_Elda,O3,-47,0.6037084034327541
T2_E1_Elche,O3,T1_E2_Elda,O3,-46,0.5315073363129725
T2_E1_Elche,O3,T1_E2_Elda,O3,-45,0.43874582502249015
T2_E1_Elche,O3,T1_E2_Elda,O3,-44,0.3374990904114633
T2_E1_Elche,O3,T1_E2_Elda,O3,-43,0.23624180784573368
T2_E1_Elche,O3,T1_E2_Elda,O3,-42,0.1409463135271629
T2_E1_Elche,O3,T1_E2_Elda,O3,-41,0.0563036149371375
T2_E1_Elche,O3,T1_E2_Elda,O3,-40,-0.014138951637883493
T2_E1_Elche,O3,T1_E2_Elda,O3,-39,-0.06723026213464631
T2_E1_Elche,O3,T1_E2_Elda,O3,-38,-0.10108438768736255
T2_E1_Elche,O3,T1_E2_Elda,O3,-37,-0.1148705666274343
T2_E1_Elche,O3,T1_E2_Elda,O3,-36,-0.10928105699756042
T2_E1_Elche,O3,T1_E2_Elda,O3,-35,-0.08469770386937683
T2_E1_Elche,O3,T1_E2_Elda,O3,-34,-0.04262385929604122
T2_E1_Elche,O3,T1_E2_Elda,O3,-33,0.013964192758165768
T2_E1_Elche,O3,T1_E2_Elda,O3,-32,0.08305032716661055
T2_E1_Elche,O3,T1_E2_Elda,O3,-31,0.16250950698769767
T2_E1_Elche,O3,T1_E2_Elda,O3,-30,0.250644048600745
T2_E1_Elche,O3,T1_E2_Elda,O3,-29,0.3456973053436758
T2_E1_Elche,O3,T1_E2_Elda,O3,-28,0.4445202320022456
T2_E1_Elche,O3,T1_E2_Elda,O3,-27,0.5416611889588042
T2_E1_Elche,O3,T1_E2_Elda,O3,-26,0.6266311638903854
T2_E1_Elche,O3,T1_E2_Elda,O3,-25,0.6840173353307363
T2_E1_Elche,O3,T1_E2_Elda,O3,-24,0.6973681340202512
T2_E1_Elche,O3,T1_E2_Elda,O3,-23,0.6612818840266456
T2_E1_Elche,O3,T1_E2_Elda,O3,-22,0.5859316445478915
T2_E1_Elche,O3,T1_E2_Elda,O3,-21,0.4882576735956176
T2_E1_Elche,O3,T1_E2_Elda,O3,-20,0.38279146486667553
T2_E1_Elche,O3,T1_E2_Elda,O3,-19,0.27705207664839643
T2_E1_Elche,O3,T1_E2_Elda,O3,-18,0.17800821770250672
T2_E1_Elche,O3,T1_E2_Elda,O3,-17,0.09051454579061455
T2_E1_Elche,O3,T1_E2_Elda,O3,-16,0.018970611565789178
T2_E1_Elche,O3,T1_E2_Elda,O3,-15,-0.03466220170339584
T2_E1_Elche,O3,T1_E2_Elda,O3,-14,-0.06723797881546455
T2_E1_Elche,O3,T1_E2_Elda,O3,-13,-0.07886067983785129
T2_E1_Elche,O3,T1_E2_Elda,O3,-12,-0.07066259440763681
T2_E1_Elche,O3,T1_E2_Elda,O3,-11,-0.04295571958113695
T2_E1_Elche,O3,T1_E2_Elda,O3,-10,0.0020029173326995106
T2_E1_Elche,O3,T1_E2_Elda,O3,-9,0.062227961540086585
T2_E1_Elche,O3,T1_E2_Elda,O3,-8,0.136465447358348
T2_E1_Elche,O3,T1_E2_Elda,O3,-7,0.2229060553740608
T2_E1_Elche,O3,T1_E2_Elda,O3,-6,0.3186434237504107
T2_E1_Elche,O3,T1_E2_Elda,O3,-5,0.4216548038306266
T2_E1_Elche,O3,T1_E2_Elda,O3,-4,0.5287176712521849
T2_E1_Elche,O3,T1_E2_Elda,O3,-3,0.6349996034592924
T2_E1_Elche,O3,T1_E2_Elda,O3,-2,0.7285847873647007
T2_E1_Elche,O3,T1_E2_Elda,O3,-1,0.791857272483671
T2_E1_Elche,O3,T1_E2_Elda,O3,0,0.803090606571467
T2_E1_Elche,O3,T1_E2_Elda,O3,1,0.7551888573690078
T2_E1_Elche,O3,T1_E2_Elda,O3,2,0.6626388102911488
T2_E1_Elche,O3,T1_E2_Elda,O3,3,0.5470156929826056
T2_E1_Elche,O3,T1_E2_Elda,O3,4,0.4251238173456073
T2_E1_Elche,O3,T1_E2_Elda,O3,5,0.30559974342773405
T2_E1_Elche,O3,T1_E2_Elda,O3,6,0.1951122101142157
T2_E1_Elche,O3,T1_E2_Elda,O3,7,0.09939585168121126
T2_E1_Elche,O3,T1_E2_Elda,O3,8,0.021833453374214454
T2_E1_Elche,O3,T1_E2_Elda,O3,9,-0.03552752666881568
T2_E1_Elche,O3,T1_E2_Elda,O3,10,-0.07252716261625228
T2_E1_Elche,O3,T1_E2_Elda,O3,11,-0.08934718676247624
T2_E1_Elche,O3,T1_E2_Elda,O3,12,-0.08596293690594549
T2_E1_Elche,O3,T1_E2_Elda,O3,13,-0.06376831881730542
T2_E1_Elche,O3,T1_E2_Elda,O3,14,-0.024923886793549788
T2_E1_Elche,O3,T1_E2_Elda,O3,15,0.02848573445521658
T2_E1_Elche,O3,T1_E2_Elda,O3,16,0.09484003621315677
T2_E1_Elche,O3,T1_E2_Elda,O3,17,0.1715773275534818
T2_E1_Elche,O3,T1_E2_Elda,O3,18,0.2566899478225957
T2_E1_Elche,O3,T1_E2_Elda,O3,19,0.34802439763006177
T2_E1_Elche,O3,T1_E2_Elda,O3,20,0.4421968013486259
T2_E1_Elche,O3,T1_E2_Elda,O3,21,0.5335122689237509
T2_E1_Elche,O3,T1_E2_Elda,O3,22,0.6117524414028858
T2_E1_Elche,O3,T1_E2_Elda,O3,23,0.6626689231246304
T2_E1_Elche,O3,T1_E2_Elda,O3,24,0.6708318177626884
T2_E1_Elche,O3,T1_E2_Elda,O3,25,0.6306327013176155
T2_E1_Elche,O3,T1_E2_Elda,O3,26,0.5531878739636287
T2_E1_Elche,O3,T1_E2_Elda,O3,27,0.4548164282947487
T2_E1_Elche,O3,T1_E2_Elda,O3,28,0.3483460860043168
T2_E1_Elche,O3,T1_E2_Elda,O3,29,0.2427952962589671
T2_E1_Elche,O3,T1_E2_Elda,O3,30,0.14444701189753065
T2_E1_Elche,O3,T1_E2_Elda,O3,31,0.0577896942118885
T2_E1_Elche,O3,T1_E2_Elda,O3,32,-0.013415073449227698
T2_E1_Elche,O3,T1_E2_Elda,O3,33,-0.06731085199009573
T2_E1_Elche,O3,T1_E2_Elda,O3,34,-0.10204449440123238
T2_E1_Elche,O3,T1_E2_Elda,O3,35,-0.11656848747627271
T2_E1_Elche,O3,T1_E2_Elda,O3,36,-0.11125656215764275
T2_E1_Elche,O3,T1_E2_Elda,O3,37,-0.08734969032878576
T2_E1_Elche,O3,T1_E2_Elda,O3,38,-0.04723809269948118
T2_E1_Elche,O3,T1_E2_Elda,O3,39,0.005654819056157755
T2_E1_Elche,O3,T1_E2_Elda,O3,40,0.07031183809460631
T2_E1_Elche,O3,T1_E2_Elda,O3,41,0.14551598318874678
T2_E1_Elche,O3,T1_E2_Elda,O3,42,0.22922454138425388
T2_E1_Elche,O3,T1_E2_Elda,O3,43,0.31888771838122765
T2_E1_Elche,O3,T1_E2_Elda,O3,44,0.4112765541376112
T2_E1_Elche,O3,T1_E2_Elda,O3,45,0.5005652158877912
T2_E1_Elche,O3,T1_E2_Elda,O3,46,0.5769735985408004
T2_E1_Elche,O3,T1_E2_Elda,O3,47,0.6271560936977707
T2_E1_Elche,O3,T1_E2_Elda,O3,48,0.6371087892100636
T2_E1_Elche,O3,T1_E2_Elda,O3,49,0.6015309669986691
T2_E1_Elche,O3,T1_E2_Elda,O3,50,0.5284877584583356
T2_E1_Elche,O3,T1_E2_Elda,O3,51,0.43432009791410425
T2_E1_Elche,O3,T1_E2_Elda,O3,52,0.33189034279227125
T2_E1_Elche,O3,T1_E2_Elda,O3,53,0.22889644396065373
T2_E1_Elche,O3,T1_E2_Elda,O3,54,0.1319266182100986
T2_E1_Elche,O3,T1_E2_Elda,O3,55,0.045977096851154475
T2_E1_Elche,O3,T1_E2_Elda,O3,56,-0.0251178082290304
T2_E1_Elche,O3,T1_E2_Elda,O3,57,-0.07906537640381625
T2_E1_Elche,O3,T1_E2_Elda,O3,58,-0.11287898853299497
T2_E1_Elche,O3,T1_E2_Elda,O3,59,-0.1263076022814388
T2_E1_Elche,O3,T1_E2_Elda,O3,60,-0.12013033807970772
T2_E1_Elche,O3,T1_E2_Elda,O3,61,-0.09547973991626298
T2_E1_Elche,O3,T1_E2_Elda,O3,62,-0.0548881564990451
T2_E1_Elche,O3,T1_E2_Elda,O3,63,-0.0008919009733558515
T2_E1_Elche,O3,T1_E2_Elda,O3,64,0.06440409627869861
T2_E1_Elche,O3,T1_E2_Elda,O3,65,0.1397366437387755
T2_E1_Elche,O3,T1_E2_Elda,O3,66,0.22287702796878256
T2_E1_Elche,O3,T1_E2_Elda,O3,67,0.3109742555796973
T2_E1_Elche,O3,T1_E2_Elda,O3,68,0.40087312957763777
T2_E1_Elche,O3,T1_E2_Elda,O3,69,0.48768135851898164
T2_E1_Elche,O3,T1_E2_Elda,O3,70,0.5615459726489955
T2_E1_Elche,O3,T1_E2_Elda,O3,71,0.6098348436391196
T2_E1_Elche,O3,T1_E2_Elda,O3,72,0.6185420160782986
T2_E1_Elche,O3,T2_E2_Elda,NO,-72,-0.12412216391015123
T2_E1_Elche,O3,T2_E2_Elda,NO,-71,-0.15716860365682608
T2_E1_Elche,O3,T2_E2_Elda,NO,-70,-0.15991679991495342
T2_E1_Elche,O3,T2_E2_Elda,NO,-69,-0.1445489901638597
T2_E1_Elche,O3,T2_E2_Elda,NO,-68,-0.12680958110182045
T2_E1_Elche,O3,T2_E2_Elda,NO,-67,-0.11448534689676836
T2_E1_Elche,O3,T2_E2_Elda,NO,-66,-0.10557286316729773
T2_E1_Elche,O3,T2_E2_Elda,NO,-65,-0.10206782254475585
T2_E1_Elche,O3,T2_E2_Elda,NO,-64,-0.10409840533449594
T2_E1_Elche,O3,T2_E2_Elda,NO,-63,-0.11178907377243522
T2_E1_Elche,O3,T2_E2_Elda,NO,-62,-0.12123166395197935
T2_E1_Elche,O3,T2_E2_Elda,NO,-61,-0.12808722456279087
T2_E1_Elche,O3,T2_E2_Elda,NO,-60,-0.126035239173627
T2_E1_Elche,O3,T2_E2_Elda,NO,-59,-0.10895240887493324
T2_E1_Elche,O3,T2_E2_Elda,NO,-58,-0.07566223819624235
T2_E1_Elche,O3,T2_E2_Elda,NO,-57,-0.03469492508293723
T2_E1_Elche,O3,T2_E2_Elda,NO,-56,0.005964543949471421
T2_E1_Elche,O3,T2_E2_Elda,NO,-55,0.040142737868947835
T2_E1_Elche,O3,T2_E2_Elda,NO,-54,0.06155492067908149
T2_E1_Elche,O3,T2_E2_Elda,NO,-53,0.06692744404908713
T2_E1_Elche,O3,T2_E2_Elda,NO,-52,0.05795591163569274
T2_E1_Elche,O3,T2_E2_Elda,NO,-51,0.03290067589183749
T2_E1_Elche,O3,T2_E2_Elda,NO,-50,-0.007656999922771237
T2_E1_Elche,O3,T2_E2_Elda,NO,-49,-0.06284829797902823
T2_E1_Elche,O3,T2_E2_Elda,NO,-48,-0.11899071636186975
T2_E1_Elche,O3,T2_E2_Elda,NO,-47,-0.154365315606813
T2_E1_Elche,O3,T2_E2_Elda,NO,-46,-0.15945303390913276
T2_E1_Elche,O3,T2_E2_Elda,NO,-45,-0.1465257664224227
T2_E1_Elche,O3,T2_E2_Elda,NO,-44,-0.13035774690687738
T2_E1_Elche,O3,T2_E2_Elda,NO,-43,-0.1158368470050983
T2_E1_Elche,O3,T2_E2_Elda,NO,-42,-0.10819218258599414
T2_E1_Elche,O3,T2_E2_Elda,NO,-41,-0.10759974070772613
T2_E1_Elche,O3,T2_E2_Elda,NO,-40,-0.10886367487325256
T2_E1_Elche,O3,T2_E2_Elda,NO,-39,-0.11281057186751145
T2_E1_Elche,O3,T2_E2_Elda,NO,-38,-0.11785564408963689
T2_E1_Elche,O3,T2_E2_Elda,NO,-37,-0.12377786301146557
T2_E1_Elche,O3,T2_E2_Elda,NO,-36,-0.1250136874063219
T2_E1_Elche,O3,T2_E2_Elda,NO,-35,-0.11130585308662348
T2_E1_Elche,O3,T2_E2_Elda,NO,-34,-0.08365013796174514
T2_E1_Elche,O3,T2_E2_Elda,NO,-33,-0.04314981121476146
T2_E1_Elche,O3,T2_E2_Elda,NO,-32,-0.0003286351217184203
T2_E1_Elche,O3,T2_E2_Elda,NO,-31,0.03538100146364217
T2_E1_Elche,O3,T2_E2_Elda,NO,-30,0.05887173869090471
T2_E1_Elche,O3,T2_E2_Elda,NO,-29,0.06524183390938416
T2_E1_Elche,O3,T2_E2_Elda,NO,-28,0.05379386279779188
T2_E1_Elche,O3,T2_E2_Elda,NO,-27,0.024387127589642964
T2_E1_Elche,O3,T2_E2_Elda,NO,-26,-0.024120253132356086
T2_E1_Elche,O3,T2_E2_Elda,NO,-25,-0.08933039525431759
T2_E1_Elche,O3,T2_E2_Elda,NO,-24,-0.15471045267868289
T2_E1_Elche,O3,T2_E2_Elda,NO,-23,-0.19601947663124564
T2_E1_Elche,O3,T2_E2_Elda,NO,-22,-0.20179201041605338
T2_E1_Elche,O3,T2_E2_Elda,NO,-21,-0.18333103775797402
T2_E1_Elche,O3,T2_E2_Elda,NO,-20,-0.15855014031632125
T2_E1_Elche,O3,T2_E2_Elda,NO,-19,-0.13629776144570724
T2_E1_Elche,O3,T2_E2_Elda,NO,-18,-0.1254061315040041
T2_E1_Elche,O3,T2_E2_Elda,NO,-17,-0.12411214569240606
T2_E1_Elche,O3,T2_E2_Elda,NO,-16,-0.12941309566691095
T2_E1_Elche,O3,T2_E2_Elda,NO,-15,-0.13782158498788558
T2_E1_Elche,O3,T2_E2_Elda,NO,-14,-0.1509276658633354
T2_E1_Elche,O3,T2_E2_Elda,NO,-13,-0.16339941660593416
T2_E1_Elche,O3,T2_E2_Elda,NO,-12,-0.16501812767256782
T2_E1_Elche,O3,T2_E2_Elda,NO,-11,-0.14979878691705373
T2_E1_Elche,O3,T2_E2_Elda,NO,-10,-0.117042284784517
T2_E1_Elche,O3,T2_E2_Elda,NO,-9,-0.07084282205393479
T2_E1_Elche,O3,T2_E2_Elda,NO,-8,-0.024596273178937145
T2_E1_Elche,O3,T2_E2_Elda,NO,-7,0.012256756912292714
T2_E1_Elche,O3,T2_E2_Elda,NO,-6,0.034015088319876104
T2_E1_Elche,O3,T2_E2_Elda,NO,-5,0.03954737263649503
T2_E1_Elche,O3,T2_E2_Elda,NO,-4,0.027098762940730495
T2_E1_Elche,O3,T2_E2_Elda,NO,-3,-0.007893999934849861
T2_E1_Elche,O3,T2_E2_Elda,NO,-2,-0.06662703213313943
T2_E1_Elche,O3,T2_E2_Elda,NO,-1,-0.14529053035685785
T2_E1_Elche,O3,T2_E2_Elda,NO,0,-0.2205354199467868
T2_E1_Elche,O3,T2_E2_Elda,NO,1,-0.2631792421393883
T2_E1_Elche,O3,T2_E2_Elda,NO,2,-0.26241612512537615
T2_E1_Elche,O3,T2_E2_Elda,NO,3,-0.2340251944679586
T2_E1_Elche,O3,T2_E2_Elda,NO,4,-0.2000607162913235
T2_E1_Elche,O3,T2_E2_Elda,NO,5,-0.17191939140624826
T2_E1_Elche,O3,T2_E2_Elda,NO,6,-0.15381797738898756
T2_E1_Elche,O3,T2_E2_Elda,NO,7,-0.1460005537873412
T2_E1_Elche,O3,T2_E2_Elda,NO,8,-0.14524873827131424
T2_E1_Elche,O3,T2_E2_Elda,NO,9,-0.14891222086439043
T2_E1_Elche,O3,T2_E2_Elda,NO,10,-0.1572797062493453
T2_E1_Elche,O3,T2_E2_Elda,NO,11,-0.16383028062043942
T2_E1_Elche,O3,T2_E2_Elda,NO,12,-0.16311426198590695
T2_E1_Elche,O3,T2_E2_Elda,NO,13,-0.1480702017881762
T2_E1_Elche,O3,T2_E2_Elda,NO,14,-0.11560713919933197
T2_E1_Elche,O3,T2_E2_Elda,NO,15,-0.06974952716424501
T2_E1_Elche,O3,T2_E2_Elda,NO,16,-0.02297897715500761
T2_E1_Elche,O3,T2_E2_Elda,NO,17,0.015332034910766667
T2_E1_Elche,O3,T2_E2_Elda,NO,18,0.041581079262086595
T2_E1_Elche,O3,T2_E2_Elda,NO,19,0.052443255601318836
T2_E1_Elche,O3,T2_E2_Elda,NO,20,0.0462522398945287
T2_E1_Elche,O3,T2_E2_Elda,NO,21,0.022116563780659525
T2_E1_Elche,O3,T2_E2_Elda,NO,22,-0.024070571116135746
T2_E1_Elche,O3,T2_E2_Elda,NO,23,-0.08931335500298265
T2_E1_Elche,O3,T2_E2_Elda,NO,24,-0.15199297651586627
T2_E1_Elche,O3,T2_E2_Elda,NO,25,-0.19048830124166807
T2_E1_Elche,O3,T2_E2_Elda,NO,26,-0.19202907207470438
T2_E1_Elche,O3,T2_E2_Elda,NO,27,-0.1709292576327342
T2_E1_Elche,O3,T2_E2_Elda,NO,28,-0.1454006691076194
T2_E1_Elche,O3,T2_E2_Elda,NO,29,-0.12494232960468626
T2_E1_Elche,O3,T2_E2_Elda,NO,30,-0.1123508025053825
T2_E1_Elche,O3,T2_E2_Elda,NO,31,-0.10743079517409315
T2_E1_Elche,O3,T2_E2_Elda,NO,32,-0.10873302695180595
T2_E1_Elche,O3,T2_E2_Elda,NO,33,-0.11447675623489623
T2_E1_Elche,O3,T2_E2_Elda,NO,34,-0.12168645425877644
T2_E1_Elche,O3,T2_E2_Elda,NO,35,-0.12837614554212998
T2_E1_Elche,O3,T2_E2_Elda,NO,36,-0.12623676662429228
T2_E1_Elche,O3,T2_E2_Elda,NO,37,-0.11143582840201786
T2_E1_Elche,O3,T2_E2_Elda,NO,38,-0.07946207732099939
T2_E1_Elche,O3,T2_E2_Elda,NO,39,-0.03598576105683231
T2_E1_Elche,O3,T2_E2_Elda,NO,40,0.006500476270418111
T2_E1_Elche,O3,T2_E2_Elda,NO,41,0.04028904193493258
T2_E1_Elche,O3,T2_E2_Elda,NO,42,0.06093027297434215
T2_E1_Elche,O3,T2_E2_Elda,NO,43,0.06713850479932394
T2_E1_Elche,O3,T2_E2_Elda,NO,44,0.058948944250587124
T2_E1_Elche,O3,T2_E2_Elda,NO,45,0.03301335149312585
T2_E1_Elche,O3,T2_E2_Elda,NO,46,-0.008913800560878286
T2_E1_Elche,O3,T2_E2_Elda,NO,47,-0.06541024911314343
T2_E1_Elche,O3,T2_E2_Elda,NO,48,-0.12264101512479467
T2_E1_Elche,O3,T2_E2_Elda,NO,49,-0.1576185419719201
T2_E1_Elche,O3,T2_E2_Elda,NO,50,-0.15941304551359006
T2_E1_Elche,O3,T2_E2_Elda,NO,51,-0.14306149741504953
T2_E1_Elche,O3,T2_E2_Elda,NO,52,-0.12286420357118451
T2_E1_Elche,O3,T2_E2_Elda,NO,53,-0.10726161911844799
T2_E1_Elche,O3,T2_E2_Elda,NO,54,-0.09855384994235905
T2_E1_Elche,O3,T2_E2_Elda,NO,55,-0.09692322943680484
T2_E1_Elche,O3,T2_E2_Elda,NO,56,-0.09866970755845791
T2_E1_Elche,O3,T2_E2_Elda,NO,57,-0.10229804345280095
T2_E1_Elche,O3,T2_E2_Elda,NO,58,-0.10730627061372912
T2_E1_Elche,O3,T2_E2_Elda,NO,59,-0.1124526507135225
T2_E1_Elche,O3,T2_E2_Elda,NO,60,-0.11353815312019794
T2_E1_Elche,O3,T2_E2_Elda,NO,61,-0.10256771744870724
T2_E1_Elche,O3,T2_E2_Elda,NO,62,-0.0759888484514258
T2_E1_Elche,O3,T2_E2_Elda,NO,63,-0.0359827389610936
T2_E1_Elche,O3,T2_E2_Elda,NO,64,0.008260169381482151
T2_E1_Elche,O3,T2_E2_Elda,NO,65,0.04150070137605843
T2_E1_Elche,O3,T2_E2_Elda,NO,66,0.06184649113152619
T2_E1_Elche,O3,T2_E2_Elda,NO,67,0.06939148523501396
T2_E1_Elche,O3,T2_E2_Elda,NO,68,0.06297284042160611
T2_E1_Elche,O3,T2_E2_Elda,NO,69,0.040435279206759364
T2_E1_Elche,O3,T2_E2_Elda,NO,70,-0.0002635088781178397
T2_E1_Elche,O3,T2_E2_Elda,NO,71,-0.057705499505769205
T2_E1_Elche,O3,T2_E2_Elda,NO,72,-0.116585946317966
T2_E1_Elche,O3,T2_E2_Elda,NO2,-72,-0.23649174530243677
T2_E1_Elche,O3,T2_E2_Elda,NO2,-71,-0.24384884047687272
T2_E1_Elche,O3,T2_E2_Elda,NO2,-70,-0.21038835177859486
T2_E1_Elche,O3,T2_E2_Elda,NO2,-69,-0.15619438815548767
T2_E1_Elche,O3,T2_E2_Elda,NO2,-68,-0.10150775657460331
T2_E1_Elche,O3,T2_E2_Elda,NO2,-67,-0.05802565717044132
T2_E1_Elche,O3,T2_E2_Elda,NO2,-66,-0.028366956755947602
T2_E1_Elche,O3,T2_E2_Elda,NO2,-65,-0.013113489625628461
T2_E1_Elche,O3,T2_E2_Elda,NO2,-64,-0.011802290500123882
T2_E1_Elche,O3,T2_E2_Elda,NO2,-63,-0.021852990151759455
T2_E1_Elche,O3,T2_E2_Elda,NO2,-62,-0.03741379939066982
T2_E1_Elche,O3,T2_E2_Elda,NO2,-61,-0.05115222308443519
T2_E1_Elche,O3,T2_E2_Elda,NO2,-60,-0.055821700895407944
T2_E1_Elche,O3,T2_E2_Elda,NO2,-59,-0.04738435842555551
T2_E1_Elche,O3,T2_E2_Elda,NO2,-58,-0.026534988405803484
T2_E1_Elche,O3,T2_E2_Elda,NO2,-57,0.00054332442531186
T2_E1_Elche,O3,T2_E2_Elda,NO2,-56,0.026358233872523798
T2_E1_Elche,O3,T2_E2_Elda,NO2,-55,0.045170397289961264
T2_E1_Elche,O3,T2_E2_Elda,NO2,-54,0.0509164892776505
T2_E1_Elche,O3,T2_E2_Elda,NO2,-53,0.03907963018362667
T2_E1_Elche,O3,T2_E2_Elda,NO2,-52,0.007563745715622709
T2_E1_Elche,O3,T2_E2_Elda,NO2,-51,-0.04645015436819424
T2_E1_Elche,O3,T2_E2_Elda,NO2,-50,-0.1175677176749443
T2_E1_Elche,O3,T2_E2_Elda,NO2,-49,-0.18922015299340683
T2_E1_Elche,O3,T2_E2_Elda,NO2,-48,-0.23548343988963208
T2_E1_Elche,O3,T2_E2_Elda,NO2,-47,-0.23810184008260338
T2_E1_Elche,O3,T2_E2_Elda,NO2,-46,-0.2015107648965324
T2_E1_Elche,O3,T2_E2_Elda,NO2,-45,-0.14593276884450615
T2_E1_Elche,O3,T2_E2_Elda,NO2,-44,-0.09015790418248179
T2_E1_Elche,O3,T2_E2_Elda,NO2,-43,-0.04452808877238857
T2_E1_Elche,O3,T2_E2_Elda,NO2,-42,-0.014279057755893889
T2_E1_Elche,O3,T2_E2_Elda,NO2,-41,6.717869997315726e-05
T2_E1_Elche,O3,T2_E2_Elda,NO2,-40,0.0004546621879173583
T2_E1_Elche,O3,T2_E2_Elda,NO2,-39,-0.012293781443794125
T2_E1_Elche,O3,T2_E2_Elda,NO2,-38,-0.029841568784231744
T2_E1_Elche,O3,T2_E2_Elda,NO2,-37,-0.0443277352967492
T2_E1_Elche,O3,T2_E2_Elda,NO2,-36,-0.049324862662425605
T2_E1_Elche,O3,T2_E2_Elda,NO2,-35,-0.04148287696962321
T2_E1_Elche,O3,T2_E2_Elda,NO2,-34,-0.023208665381624458
T2_E1_Elche,O3,T2_E2_Elda,NO2,-33,0.0028083626653980743
T2_E1_Elche,O3,T2_E2_Elda,NO2,-32,0.028172507116367946
T2_E1_Elche,O3,T2_E2_Elda,NO2,-31,0.04654416878085692
T2_E1_Elche,O3,T2_E2_Elda,NO2,-30,0.05191943073163228
T2_E1_Elche,O3,T2_E2_Elda,NO2,-29,0.03760839783142657
T2_E1_Elche,O3,T2_E2_Elda,NO2,-28,0.0002848558009151415
T2_E1_Elche,O3,T2_E2_Elda,NO2,-27,-0.0614409147081404
T2_E1_Elche,O3,T2_E2_Elda,NO2,-26,-0.14072660380413735
T2_E1_Elche,O3,T2_E2_Elda,NO2,-25,-0.22346038395602874
T2_E1_Elche,O3,T2_E2_Elda,NO2,-24,-0.2805387414480198
T2_E1_Elche,O3,T2_E2_Elda,NO2,-23,-0.28718212089390327
T2_E1_Elche,O3,T2_E2_Elda,NO2,-22,-0.24762560270641815
T2_E1_Elche,O3,T2_E2_Elda,NO2,-21,-0.18485875144588854
T2_E1_Elche,O3,T2_E2_Elda,NO2,-20,-0.12139346452063982
T2_E1_Elche,O3,T2_E2_Elda,NO2,-19,-0.07094491003062839
T2_E1_Elche,O3,T2_E2_Elda,NO2,-18,-0.04123598921329161
T2_E1_Elche,O3,T2_E2_Elda,NO2,-17,-0.030158431500298143
T2_E1_Elche,O3,T2_E2_Elda,NO2,-16,-0.03546542988487956
T2_E1_Elche,O3,T2_E2_Elda,NO2,-15,-0.05358496802443449
T2_E1_Elche,O3,T2_E2_Elda,NO2,-14,-0.07944521315267483
T2_E1_Elche,O3,T2_E2_Elda,NO2,-13,-0.10133638428665397
T2_E1_Elche,O3,T2_E2_Elda,NO2,-12,-0.11085424707955799
T2_E1_Elche,O3,T2_E2_Elda,NO2,-11,-0.10567647128442274
T2_E1_Elche,O3,T2_E2_Elda,NO2,-10,-0.083787570870306
T2_E1_Elche,O3,T2_E2_Elda,NO2,-9,-0.05339553400070503
T2_E1_Elche,O3,T2_E2_Elda,NO2,-8,-0.0259708550676376
T2_E1_Elche,O3,T2_E2_Elda,NO2,-7,-0.008287058856691041
T2_E1_Elche,O3,T2_E2_Elda,NO2,-6,-0.006599251520519787
T2_E1_Elche,O3,T2_E2_Elda,NO2,-5,-0.027433894522133236
T2_E1_Elche,O3,T2_E2_Elda,NO2,-4,-0.07426905656634167
T2_E1_Elche,O3,T2_E2_Elda,NO2,-3,-0.1491155413779915
T2_E1_Elche,O3,T2_E2_Elda,NO2,-2,-0.24361270485727157
T2_E1_Elche,O3,T2_E2_Elda,NO2,-1,-0.33988914986406027
T2_E1_Elche,O3,T2_E2_Elda,NO2,0,-0.40378679402466844
T2_E1_Elche,O3,T2_E2_Elda,NO2,1,-0.40597140242944524
T2_E1_Elche,O3,T2_E2_Elda,NO2,2,-0.349144278290409
T2_E1_Elche,O3,T2_E2_Elda,NO2,3,-0.26397630654142784
T2_E1_Elche,O3,T2_E2_Elda,NO2,4,-0.18017334269898277
T2_E1_Elche,O3,T2_E2_Elda,NO2,5,-0.11543332551558153
T2_E1_Elche,O3,T2_E2_Elda,NO2,6,-0.07468237970354942
T2_E1_Elche,O3,T2_E2_Elda,NO2,7,-0.05550866169932904
T2_E1_Elche,O3,T2_E2_Elda,NO2,8,-0.05393995354893069
T2_E1_Elche,O3,T2_E2_Elda,NO2,9,-0.06639825129038858
T2_E1_Elche,O3,T2_E2_Elda,NO2,10,-0.08582581405163235
T2_E1_Elche,O3,T2_E2_Elda,NO2,11,-0.10189020821987034
T2_E1_Elche,O3,T2_E2_Elda,NO2,12,-0.10594105211754319
T2_E1_Elche,O3,T2_E2_Elda,NO2,13,-0.0934161910568138
T2_E1_Elche,O3,T2_E2_Elda,NO2,14,-0.06725775015091567
T2_E1_Elche,O3,T2_E2_Elda,NO2,15,-0.03330816833850464
T2_E1_Elche,O3,T2_E2_Elda,NO2,16,-0.0010193885686976445
T2_E1_Elche,O3,T2_E2_Elda,NO2,17,0.021296278150209656
T2_E1_Elche,O3,T2_E2_Elda,NO2,18,0.02948412045281629
T2_E1_Elche,O3,T2_E2_Elda,NO2,19,0.018139224394662302
T2_E1_Elche,O3,T2_E2_Elda,NO2,20,-0.01690684725186034
T2_E1_Elche,O3,T2_E2_Elda,NO2,21,-0.07607729252284852
T2_E1_Elche,O3,T2_E2_Elda,NO2,22,-0.15236105621180662
T2_E1_Elche,O3,T2_E2_Elda,NO2,23,-0.23039479575052582
T2_E1_Elche,O3,T2_E2_Elda,NO2,24,-0.28209707903655457
T2_E1_Elche,O3,T2_E2_Elda,NO2,25,-0.2853167940259983
T2_E1_Elche,O3,T2_E2_Elda,NO2,26,-0.24278098428495648
T2_E1_Elche,O3,T2_E2_Elda,NO2,27,-0.1775811737898912
T2_E1_Elche,O3,T2_E2_Elda,NO2,28,-0.11275826723437235
T2_E1_Elche,O3,T2_E2_Elda,NO2,29,-0.06169554041601902
T2_E1_Elche,O3,T2_E2_Elda,NO2,30,-0.028813053061576676
T2_E1_Elche,O3,T2_E2_Elda,NO2,31,-0.013740984474623102
T2_E1_Elche,O3,T2_E2_Elda,NO2,32,-0.014691132100163512
T2_E1_Elche,O3,T2_E2_Elda,NO2,33,-0.027303204004834866
T2_E1_Elche,O3,T2_E2_Elda,NO2,34,-0.044864643362029166
T2_E1_Elche,O3,T2_E2_Elda,NO2,35,-0.05828237491851005
T2_E1_Elche,O3,T2_E2_Elda,NO2,36,-0.06087615292627686
T2_E1_Elche,O3,T2_E2_Elda,NO2,37,-0.05213752687002598
T2_E1_Elche,O3,T2_E2_Elda,NO2,38,-0.03135153368179636
T2_E1_Elche,O3,T2_E2_Elda,NO2,39,-0.002375047206978417
T2_E1_Elche,O3,T2_E2_Elda,NO2,40,0.02496723276424696
T2_E1_Elche,O3,T2_E2_Elda,NO2,41,0.04427505197685804
T2_E1_Elche,O3,T2_E2_Elda,NO2,42,0.04978221603888439
T2_E1_Elche,O3,T2_E2_Elda,NO2,43,0.03641216182834984
T2_E1_Elche,O3,T2_E2_Elda,NO2,44,0.002224179375624212
T2_E1_Elche,O3,T2_E2_Elda,NO2,45,-0.05271488653347085
T2_E1_Elche,O3,T2_E2_Elda,NO2,46,-0.1240746887443434
T2_E1_Elche,O3,T2_E2_Elda,NO2,47,-0.19661022191084015
T2_E1_Elche,O3,T2_E2_Elda,NO2,48,-0.24504528821010385
T2_E1_Elche,O3,T2_E2_Elda,NO2,49,-0.2501227445891971
T2_E1_Elche,O3,T2_E2_Elda,NO2,50,-0.21278494959758124
T2_E1_Elche,O3,T2_E2_Elda,NO2,51,-0.15484989333203195
T2_E1_Elche,O3,T2_E2_Elda,NO2,52,-0.0969676813558988
T2_E1_Elche,O3,T2_E2_Elda,NO2,53,-0.04995981291630139
T2_E1_Elche,O3,T2_E2_Elda,NO2,54,-0.01959402522585891
T2_E1_Elche,O3,T2_E2_Elda,NO2,55,-0.006511349300951721
T2_E1_Elche,O3,T2_E2_Elda,NO2,56,-0.008867185309941045
T2_E1_Elche,O3,T2_E2_Elda,NO2,57,-0.01989512634703567
T2_E1_Elche,O3,T2_E2_Elda,NO2,58,-0.03538227800213536
T2_E1_Elche,O3,T2_E2_Elda,NO2,59,-0.047934835259511095
T2_E1_Elche,O3,T2_E2_Elda,NO2,60,-0.05268346123969936
T2_E1_Elche,O3,T2_E2_Elda,NO2,61,-0.04628242692369959
T2_E1_Elche,O3,T2_E2_Elda,NO2,62,-0.0270731038575737
T2_E1_Elche,O3,T2_E2_Elda,NO2,63,-0.0013495184828639338
T2_E1_Elche,O3,T2_E2_Elda,NO2,64,0.025090273742631352
T2_E1_Elche,O3,T2_E2_Elda,NO2,65,0.042316749873131186
T2_E1_Elche,O3,T2_E2_Elda,NO2,66,0.04623204573835878
T2_E1_Elche,O3,T2_E2_Elda,NO2,67,0.034118548835083654
T2_E1_Elche,O3,T2_E2_Elda,NO2,68,0.0021497780939284416
T2_E1_Elche,O3,T2_E2_Elda,NO2,69,-0.05039843416964157
T2_E1_Elche,O3,T2_E2_Elda,NO2,70,-0.11731063747482993
T2_E1_Elche,O3,T2_E2_Elda,NO2,71,-0.18604486768494172
T2_E1_Elche,O3,T2_E2_Elda,NO2,72,-0.2333355986373018
T2_E1_Elche,O3,T2_E2_Elda,O3,-72,0.6292075381830569
T2_E1_Elche,O3,T2_E2_Elda,O3,-71,0.5950642149953836
T2_E1_Elche,O3,T2_E2_Elda,O3,-70,0.5252068637748759
T2_E1_Elche,O3,T2_E2_Elda,O3,-69,0.4347786652732294
T2_E1_Elche,O3,T2_E2_Elda,O3,-68,0.335060100518464
T2_E1_Elche,O3,T2_E2_Elda,O3,-67,0.2345071047237004
T2_E1_Elche,O3,T2_E2_Elda,O3,-66,0.13961700657380402
T2_E1_Elche,O3,T2_E2_Elda,O3,-65,0.056176824010295175
T2_E1_Elche,O3,T2_E2_Elda,O3,-64,-0.01300760256255711
T2_E1_Elche,O3,T2_E2_Elda,O3,-63,-0.06575748184805306
T2_E1_Elche,O3,T2_E2_Elda,O3,-62,-0.09973021444744616
T2_E1_Elche,O3,T2_E2_Elda,O3,-61,-0.11505518231448571
T2_E1_Elche,O3,T2_E2_Elda,O3,-60,-0.11181862238828892
T2_E1_Elche,O3,T2_E2_Elda,O3,-59,-0.08963821175983422
T2_E1_Elche,O3,T2_E2_Elda,O3,-58,-0.049679834485762527
T2_E1_Elche,O3,T2_E2_Elda,O3,-57,0.005356883362343135
T2_E1_Elche,O3,T2_E2_Elda,O3,-56,0.07266401847874741
T2_E1_Elche,O3,T2_E2_Elda,O3,-55,0.1495145827121747
T2_E1_Elche,O3,T2_E2_Elda,O3,-54,0.2341695383492344
T2_E1_Elche,O3,T2_E2_Elda,O3,-53,0.32464127772367907
T2_E1_Elche,O3,T2_E2_Elda,O3,-52,0.4177248332626833
T2_E1_Elche,O3,T2_E2_Elda,O3,-51,0.507922927209917
T2_E1_Elche,O3,T2_E2_Elda,O3,-50,0.5843680887298391
T2_E1_Elche,O3,T2_E2_Elda,O3,-49,0.6328162651962569
T2_E1_Elche,O3,T2_E2_Elda,O3,-48,0.6408366411263767
T2_E1_Elche,O3,T2_E2_Elda,O3,-47,0.6037119265743325
T2_E1_Elche,O3,T2_E2_Elda,O3,-46,0.5315102478684723
T2_E1_Elche,O3,T2_E2_Elda,O3,-45,0.438747069658424
T2_E1_Elche,O3,T2_E2_Elda,O3,-44,0.33749628189042163
T2_E1_Elche,O3,T2_E2_Elda,O3,-43,0.23623650779705802
T2_E1_Elche,O3,T2_E2_Elda,O3,-42,0.14094133588772975
T2_E1_Elche,O3,T2_E2_Elda,O3,-41,0.05629986349518266
T2_E1_Elche,O3,T2_E2_Elda,O3,-40,-0.014139624115444886
T2_E1_Elche,O3,T2_E2_Elda,O3,-39,-0.06722832567815398
T2_E1_Elche,O3,T2_E2_Elda,O3,-38,-0.10108156152427747
T2_E1_Elche,O3,T2_E2_Elda,O3,-37,-0.11486688265632639
T2_E1_Elche,O3,T2_E2_Elda,O3,-36,-0.10927692763213714
T2_E1_Elche,O3,T2_E2_Elda,O3,-35,-0.08469377674579384
T2_E1_Elche,O3,T2_E2_Elda,O3,-34,-0.04262028229780164
T2_E1_Elche,O3,T2_E2_Elda,O3,-33,0.013967529137574862
T2_E1_Elche,O3,T2_E2_Elda,O3,-32,0.08305366174353672
T2_E1_Elche,O3,T2_E2_Elda,O3,-31,0.16251286099298565
T2_E1_Elche,O3,T2_E2_Elda,O3,-30,0.2506471742041822
T2_E1_Elche,O3,T2_E2_Elda,O3,-29,0.34570042745553387
T2_E1_Elche,O3,T2_E2_Elda,O3,-28,0.44452327606532155
T2_E1_Elche,O3,T2_E2_Elda,O3,-27,0.5416639075380659
T2_E1_Elche,O3,T2_E2_Elda,O3,-26,0.6266337888676956
T2_E1_Elche,O3,T2_E2_Elda,O3,-25,0.6840197418562394
T2_E1_Elche,O3,T2_E2_Elda,O3,-24,0.6973706995056101
T2_E1_Elche,O3,T2_E2_Elda,O3,-23,0.6612846555031185
T2_E1_Elche,O3,T2_E2_Elda,O3,-22,0.5859348337043329
T2_E1_Elche,O3,T2_E2_Elda,O3,-21,0.4882607053819538
T2_E1_Elche,O3,T2_E2_Elda,O3,-20,0.3827913762753267
T2_E1_Elche,O3,T2_E2_Elda,O3,-19,0.2770484176342744
T2_E1_Elche,O3,T2_E2_Elda,O3,-18,0.17800397502969328
T2_E1_Elche,O3,T2_E2_Elda,O3,-17,0.09051151514102826
T2_E1_Elche,O3,T2_E2_Elda,O3,-16,0.018969815536224968
T2_E1_Elche,O3,T2_E2_Elda,O3,-15,-0.03466067837880936
T2_E1_Elche,O3,T2_E2_Elda,O3,-14,-0.06723575127068217
T2_E1_Elche,O3,T2_E2_Elda,O3,-13,-0.07885846381805663
T2_E1_Elche,O3,T2_E2_Elda,O3,-12,-0.07066287094580984
T2_E1_Elche,O3,T2_E2_Elda,O3,-11,-0.04295717785801514
T2_E1_Elche,O3,T2_E2_Elda,O3,-10,0.0020010021301171835
T2_E1_Elche,O3,T2_E2_Elda,O3,-9,0.062226326312923685
T2_E1_Elche,O3,T2_E2_Elda,O3,-8,0.13646516676482948
T2_E1_Elche,O3,T2_E2_Elda,O3,-7,0.22290717982242123
T2_E1_Elche,O3,T2_E2_Elda,O3,-6,0.31864517565181666
T2_E1_Elche,O3,T2_E2_Elda,O3,-5,0.42165699805106616
T2_E1_Elche,O3,T2_E2_Elda,O3,-4,0.5287198454890734
T2_E1_Elche,O3,T2_E2_Elda,O3,-3,0.6350014375733471
T2_E1_Elche,O3,T2_E2_Elda,O3,-2,0.7285860603349008
T2_E1_Elche,O3,T2_E2_Elda,O3,-1,0.7918578301671345
T2_E1_Elche,O3,T2_E2_Elda,O3,0,0.8030903689033598
T2_E1_Elche,O3,T2_E2_Elda,O3,1,0.755190147006886
T2_E1_Elche,O3,T2_E2_Elda,O3,2,0.6626409137919672
T2_E1_Elche,O3,T2_E2_Elda,O3,3,0.5470157946509775
T2_E1_Elche,O3,T2_E2_Elda,O3,4,0.42512153498781446
T2_E1_Elche,O3,T2_E2_Elda,O3,5,0.3055953038285722
T2_E1_Elche,O3,T2_E2_Elda,O3,6,0.19510711302357564
T2_E1_Elche,O3,T2_E2_Elda,O3,7,0.09939131631670425
T2_E1_Elche,O3,T2_E2_Elda,O3,8,0.021830235524133428
T2_E1_Elche,O3,T2_E2_Elda,O3,9,-0.03552964579303178
T2_E1_Elche,O3,T2_E2_Elda,O3,10,-0.07252880268977342
T2_E1_Elche,O3,T2_E2_Elda,O3,11,-0.0893484072996833
T2_E1_Elche,O3,T2_E2_Elda,O3,12,-0.08596384561721124
T2_E1_Elche,O3,T2_E2_Elda,O3,13,-0.06376914963676784
T2_E1_Elche,O3,T2_E2_Elda,O3,14,-0.024922077643417504
T2_E1_Elche,O3,T2_E2_Elda,O3,15,0.02848911794116843
T2_E1_Elche,O3,T2_E2_Elda,O3,16,0.09484454558436824
T2_E1_Elche,O3,T2_E2_Elda,O3,17,0.17158247428707493
T2_E1_Elche,O3,T2_E2_Elda,O3,18,0.25669473832100104
T2_E1_Elche,O3,T2_E2_Elda,O3,19,0.3480286344472966
T2_E1_Elche,O3,T2_E2_Elda,O3,20,0.44220115726161835
T2_E1_Elche,O3,T2_E2_Elda,O3,21,0.5335162087316654
T2_E1_Elche,O3,T2_E2_Elda,O3,22,0.6117557316185575
T2_E1_Elche,O3,T2_E2_Elda,O3,23,0.6626715750900043
T2_E1_Elche,O3,T2_E2_Elda,O3,24,0.6708338092853361
T2_E1_Elche,O3,T2_E2_Elda,O3,25,0.6306342309990277
T2_E1_Elche,O3,T2_E2_Elda,O3,26,0.5531894112766137
T2_E1_Elche,O3,T2_E2_Elda,O3,27,0.4548167180745254
T2_E1_Elche,O3,T2_E2_Elda,O3,28,0.3483436397775475
T2_E1_Elche,O3,T2_E2_Elda,O3,29,0.24279121888537916
T2_E1_Elche,O3,T2_E2_Elda,O3,30,0.1444430673291521
T2_E1_Elche,O3,T2_E2_Elda,O3,31,0.05778642093562662
T2_E1_Elche,O3,T2_E2_Elda,O3,32,-0.013416588558017015
T2_E1_Elche,O3,T2_E2_Elda,O3,33,-0.06731154349846644
T2_E1_Elche,O3,T2_E2_Elda,O3,34,-0.10204569543978516
T2_E1_Elche,O3,T2_E2_Elda,O3,35,-0.11657045289370727
T2_E1_Elche,O3,T2_E2_Elda,O3,36,-0.1112594016181753
T2_E1_Elche,O3,T2_E2_Elda,O3,37,-0.08735221960802245
T2_E1_Elche,O3,T2_E2_Elda,O3,38,-0.04723810231260814
T2_E1_Elche,O3,T2_E2_Elda,O3,39,0.005656492754236478
T2_E1_Elche,O3,T2_E2_Elda,O3,40,0.07031479657232083
T2_E1_Elche,O3,T2_E2_Elda,O3,41,0.14551969077638024
T2_E1_Elche,O3,T2_E2_Elda,O3,42,0.2292285730072321
T2_E1_Elche,O3,T2_E2_Elda,O3,43,0.3188911497722938
T2_E1_Elche,O3,T2_E2_Elda,O3,44,0.41127992536387503
T2_E1_Elche,O3,T2_E2_Elda,O3,45,0.5005682058288236
T2_E1_Elche,O3,T2_E2_Elda,O3,46,0.57697653357916
T2_E1_Elche,O3,T2_E2_Elda,O3,47,0.6271595833164981
T2_E1_Elche,O3,T2_E2_Elda,O3,48,0.6371119069123732
T2_E1_Elche,O3,T2_E2_Elda,O3,49,0.601533612615588
T2_E1_Elche,O3,T2_E2_Elda,O3,50,0.5284894757113643
T2_E1_Elche,O3,T2_E2_Elda,O3,51,0.4343204956340683
T2_E1_Elche,O3,T2_E2_Elda,O3,52,0.33188796520554875
T2_E1_Elche,O3,T2_E2_Elda,O3,53,0.22889209486011855
T2_E1_Elche,O3,T2_E2_Elda,O3,54,0.13192081754697887
T2_E1_Elche,O3,T2_E2_Elda,O3,55,0.045970930326640264
T2_E1_Elche,O3,T2_E2_Elda,O3,56,-0.025122963232026452
T2_E1_Elche,O3,T2_E2_Elda,O3,57,-0.07906865981518649
T2_E1_Elche,O3,T2_E2_Elda,O3,58,-0.11288196741151757
T2_E1_Elche,O3,T2_E2_Elda,O3,59,-0.12631065122373425
T2_E1_Elche,O3,T2_E2_Elda,O3,60,-0.12013253094690177
T2_E1_Elche,O3,T2_E2_Elda,O3,61,-0.09548078531002262
T2_E1_Elche,O3,T2_E2_Elda,O3,62,-0.05488752093986418
T2_E1_Elche,O3,T2_E2_Elda,O3,63,-0.0008903012086945405
T2_E1_Elche,O3,T2_E2_Elda,O3,64,0.06440672634422588
T2_E1_Elche,O3,T2_E2_Elda,O3,65,0.13973982825645892
T2_E1_Elche,O3,T2_E2_Elda,O3,66,0.22288075381316344
T2_E1_Elche,O3,T2_E2_Elda,O3,67,0.31097857360245534
T2_E1_Elche,O3,T2_E2_Elda,O3,68,0.4008776337420692
T2_E1_Elche,O3,T2_E2_Elda,O3,69,0.48768648963336075
T2_E1_Elche,O3,T2_E2_Elda,O3,70,0.5615510371149973
T2_E1_Elche,O3,T2_E2_Elda,O3,71,0.6098392533869046
T2_E1_Elche,O3,T2_E2_Elda,O3,72,0.6185461588900097
T2_E2_Elda,NO,T1_E1_Alicante,NO,-72,0.12546286735059284
T2_E2_Elda,NO,T1_E1_Alicante,NO,-71,0.06890904475721481
T2_E2_Elda,NO,T1_E1_Alicante,NO,-70,0.01908547776974458
T2_E2_Elda,NO,T1_E1_Alicante,NO,-69,-0.011739482466931938
T2_E2_Elda,NO,T1_E1_Alicante,NO,-68,-0.02807169265680939
T2_E2_Elda,NO,T1_E1_Alicante,NO,-67,-0.03341528310947087
T2_E2_Elda,NO,T1_E1_Alicante,NO,-66,-0.029927403113730107
T2_E2_Elda,NO,T1_E1_Alicante,NO,-65,-0.017477337209189606
T2_E2_Elda,NO,T1_E1_Alicante,NO,-64,0.008621539408476554
T2_E2_Elda,NO,T1_E1_Alicante,NO,-63,0.050148465450803315
T2_E2_Elda,NO,T1_E1_Alicante,NO,-62,0.10502910037928608
T2_E2_Elda,NO,T1_E1_Alicante,NO,-61,0.1316077909686198
T2_E2_Elda,NO,T1_E1_Alicante,NO,-60,0.10063121984519365
T2_E2_Elda,NO,T1_E1_Alicante,NO,-59,0.054410187493216
T2_E2_Elda,NO,T1_E1_Alicante,NO,-58,0.020056581377260473
T2_E2_Elda,NO,T1_E1_Alicante,NO,-57,-0.007667503298312251
T2_E2_Elda,NO,T1_E1_Alicante,NO,-56,-0.02219033941507043
T2_E2_Elda,NO,T1_E1_Alicante,NO,-55,-0.026450731648337483
T2_E2_Elda,NO,T1_E1_Alicante,NO,-54,-0.022164422989074967
T2_E2_Elda,NO,T1_E1_Alicante,NO,-53,-0.007306606777161959
T2_E2_Elda,NO,T1_E1_Alicante,NO,-52,0.026762998090289168
T2_E2_Elda,NO,T1_E1_Alicante,NO,-51,0.07835114428100735
T2_E2_Elda,NO,T1_E1_Alicante,NO,-50,0.14197054763946987
T2_E2_Elda,NO,T1_E1_Alicante,NO,-49,0.17923271939345978
T2_E2_Elda,NO,T1_E1_Alicante,NO,-48,0.15183547990996202
T2_E2_Elda,NO,T1_E1_Alicante,NO,-47,0.08470669518258761
T2_E2_Elda,NO,T1_E1_Alicante,NO,-46,0.021221596444905802
T2_E2_Elda,NO,T1_E1_Alicante,NO,-45,-0.014134381212638368
T2_E2_Elda,NO,T1_E1_Alicante,NO,-44,-0.028341077727877136
T2_E2_Elda,NO,T1_E1_Alicante,NO,-43,-0.032721862376405536
T2_E2_Elda,NO,T1_E1_Alicante,NO,-42,-0.02746517509616762
T2_E2_Elda,NO,T1_E1_Alicante,NO,-41,-0.011856681903599337
T2_E2_Elda,NO,T1_E1_Alicante,NO,-40,0.01759699038684642
T2_E2_Elda,NO,T1_E1_Alicante,NO,-39,0.06089841966848766
T2_E2_Elda,NO,T1_E1_Alicante,NO,-38,0.10371747712960686
T2_E2_Elda,NO,T1_E1_Alicante,NO,-37,0.11340901115924294
T2_E2_Elda,NO,T1_E1_Alicante,NO,-36,0.08020509800902982
T2_E2_Elda,NO,T1_E1_Alicante,NO,-35,0.038808956685878686
T2_E2_Elda,NO,T1_E1_Alicante,NO,-34,0.005923955006353575
T2_E2_Elda,NO,T1_E1_Alicante,NO,-33,-0.013129967854527688
T2_E2_Elda,NO,T1_E1_Alicante,NO,-32,-0.020388062801738258
T2_E2_Elda,NO,T1_E1_Alicante,NO,-31,-0.019266590139713075
T2_E2_Elda,NO,T1_E1_Alicante,NO,-30,-0.012901141918149502
T2_E2_Elda,NO,T1_E1_Alicante,NO,-29,0.005327611061182625
T2_E2_Elda,NO,T1_E1_Alicante,NO,-28,0.04425660074202839
T2_E2_Elda,NO,T1_E1_Alicante,NO,-27,0.10633955429464831
T2_E2_Elda,NO,T1_E1_Alicante,NO,-26,0.18428987050426487
T2_E2_Elda,NO,T1_E1_Alicante,NO,-25,0.2292644193420256
T2_E2_Elda,NO,T1_E1_Alicante,NO,-24,0.1958330994584332
T2_E2_Elda,NO,T1_E1_Alicante,NO,-23,0.1082732523998339
T2_E2_Elda,NO,T1_E1_Alicante,NO,-22,0.03378354705995308
T2_E2_Elda,NO,T1_E1_Alicante,NO,-21,-0.007890445254012859
T2_E2_Elda,NO,T1_E1_Alicante,NO,-20,-0.024772825487107495
T2_E2_Elda,NO,T1_E1_Alicante,NO,-19,-0.027288376397002406
T2_E2_Elda,NO,T1_E1_Alicante,NO,-18,-0.018902378862612982
T2_E2_Elda,NO,T1_E1_Alicante,NO,-17,0.005620144956232869
T2_E2_Elda,NO,T1_E1_Alicante,NO,-16,0.05272778267149517
T2_E2_Elda,NO,T1_E1_Alicante,NO,-15,0.11670112303603687
T2_E2_Elda,NO,T1_E1_Alicante,NO,-14,0.17545411831775645
T2_E2_Elda,NO,T1_E1_Alicante,NO,-13,0.19056547613320834
T2_E2_Elda,NO,T1_E1_Alicante,NO,-12,0.1596629450458661
T2_E2_Elda,NO,T1_E1_Alicante,NO,-11,0.10354914114857194
T2_E2_Elda,NO,T1_E1_Alicante,NO,-10,0.046039075798534855
T2_E2_Elda,NO,T1_E1_Alicante,NO,-9,0.01365914508312522
T2_E2_Elda,NO,T1_E1_Alicante,NO,-8,-0.003688784726435549
T2_E2_Elda,NO,T1_E1_Alicante,NO,-7,-0.005633926820219726
T2_E2_Elda,NO,T1_E1_Alicante,NO,-6,0.003565346511838511
T2_E2_Elda,NO,T1_E1_Alicante,NO,-5,0.03196697713970637
T2_E2_Elda,NO,T1_E1_Alicante,NO,-4,0.09050897068205653
T2_E2_Elda,NO,T1_E1_Alicante,NO,-3,0.1878089303987256
T2_E2_Elda,NO,T1_E1_Alicante,NO,-2,0.313865199408263
T2_E2_Elda,NO,T1_E1_Alicante,NO,-1,0.40286543009009695
T2_E2_Elda,NO,T1_E1_Alicante,NO,0,0.37155821168697667
T2_E2_Elda,NO,T1_E1_Alicante,NO,1,0.2522491018636901
T2_E2_Elda,NO,T1_E1_Alicante,NO,2,0.1310799372750637
T2_E2_Elda,NO,T1_E1_Alicante,NO,3,0.051993198197941536
T2_E2_Elda,NO,T1_E1_Alicante,NO,4,0.008648142107512736
T2_E2_Elda,NO,T1_E1_Alicante,NO,5,-0.010900018449927341
T2_E2_Elda,NO,T1_E1_Alicante,NO,6,-0.011099657755486244
T2_E2_Elda,NO,T1_E1_Alicante,NO,7,0.007316925732509275
T2_E2_Elda,NO,T1_E1_Alicante,NO,8,0.050237590563553175
T2_E2_Elda,NO,T1_E1_Alicante,NO,9,0.1191755268085552
T2_E2_Elda,NO,T1_E1_Alicante,NO,10,0.18749349683228797
T2_E2_Elda,NO,T1_E1_Alicante,NO,11,0.20933581180932986
T2_E2_Elda,NO,T1_E1_Alicante,NO,12,0.1709325714919688
T2_E2_Elda,NO,T1_E1_Alicante,NO,13,0.10752389153095923
T2_E2_Elda,NO,T1_E1_Alicante,NO,14,0.05151570499696405
T2_E2_Elda,NO,T1_E1_Alicante,NO,15,0.013816313596004975
T2_E2_Elda,NO,T1_E1_Alicante,NO,16,-0.0027882275942501932
T2_E2_Elda,NO,T1_E1_Alicante,NO,17,-0.00872689977775836
T2_E2_Elda,NO,T1_E1_Alicante,NO,18,-0.005370078791299746
T2_E2_Elda,NO,T1_E1_Alicante,NO,19,0.013735147717098443
T2_E2_Elda,NO,T1_E1_Alicante,NO,20,0.05767982127802474
T2_E2_Elda,NO,T1_E1_Alicante,NO,21,0.13156150484646065
T2_E2_Elda,NO,T1_E1_Alicante,NO,22,0.22735846138932914
T2_E2_Elda,NO,T1_E1_Alicante,NO,23,0.27774008128019817
T2_E2_Elda,NO,T1_E1_Alicante,NO,24,0.2421863257288562
T2_E2_Elda,NO,T1_E1_Alicante,NO,25,0.15091552770635136
T2_E2_Elda,NO,T1_E1_Alicante,NO,26,0.0641731844268253
T2_E2_Elda,NO,T1_E1_Alicante,NO,27,0.009118683014905982
T2_E2_Elda,NO,T1_E1_Alicante,NO,28,-0.016675634658876663
T2_E2_Elda,NO,T1_E1_Alicante,NO,29,-0.02360503432636726
T2_E2_Elda,NO,T1_E1_Alicante,NO,30,-0.02078609807303129
T2_E2_Elda,NO,T1_E1_Alicante,NO,31,-0.00718915005064324
T2_E2_Elda,NO,T1_E1_Alicante,NO,32,0.023681507019486552
T2_E2_Elda,NO,T1_E1_Alicante,NO,33,0.07182935008000974
T2_E2_Elda,NO,T1_E1_Alicante,NO,34,0.12842680984977028
T2_E2_Elda,NO,T1_E1_Alicante,NO,35,0.15175365536550137
T2_E2_Elda,NO,T1_E1_Alicante,NO,36,0.12471430665305264
T2_E2_Elda,NO,T1_E1_Alicante,NO,37,0.0784030940885324
T2_E2_Elda,NO,T1_E1_Alicante,NO,38,0.03553217417195345
T2_E2_Elda,NO,T1_E1_Alicante,NO,39,0.005838805578644689
T2_E2_Elda,NO,T1_E1_Alicante,NO,40,-0.00753828989370907
T2_E2_Elda,NO,T1_E1_Alicante,NO,41,-0.01105982895471056
T2_E2_Elda,NO,T1_E1_Alicante,NO,42,-0.006347219426650532
T2_E2_Elda,NO,T1_E1_Alicante,NO,43,0.009357641078292794
T2_E2_Elda,NO,T1_E1_Alicante,NO,44,0.04468880970979096
T2_E2_Elda,NO,T1_E1_Alicante,NO,45,0.10291851469577264
T2_E2_Elda,NO,T1_E1_Alicante,NO,46,0.16800442593821344
T2_E2_Elda,NO,T1_E1_Alicante,NO,47,0.20511988217322694
T2_E2_Elda,NO,T1_E1_Alicante,NO,48,0.17732041474136576
T2_E2_Elda,NO,T1_E1_Alicante,NO,49,0.09937751076049073
T2_E2_Elda,NO,T1_E1_Alicante,NO,50,0.035242262449626346
T2_E2_Elda,NO,T1_E1_Alicante,NO,51,-0.006375468795440667
T2_E2_Elda,NO,T1_E1_Alicante,NO,52,-0.023428097979594754
T2_E2_Elda,NO,T1_E1_Alicante,NO,53,-0.030403514797732616
T2_E2_Elda,NO,T1_E1_Alicante,NO,54,-0.027298959576975233
T2_E2_Elda,NO,T1_E1_Alicante,NO,55,-0.012787270997346084
T2_E2_Elda,NO,T1_E1_Alicante,NO,56,0.02208601576317872
T2_E2_Elda,NO,T1_E1_Alicante,NO,57,0.07933478167920935
T2_E2_Elda,NO,T1_E1_Alicante,NO,58,0.12913535323728195
T2_E2_Elda,NO,T1_E1_Alicante,NO,59,0.14404812412572826
T2_E2_Elda,NO,T1_E1_Alicante,NO,60,0.10943568019516128
T2_E2_Elda,NO,T1_E1_Alicante,NO,61,0.05856434487124697
T2_E2_Elda,NO,T1_E1_Alicante,NO,62,0.02063916856299756
T2_E2_Elda,NO,T1_E1_Alicante,NO,63,-0.0033995012680990352
T2_E2_Elda,NO,T1_E1_Alicante,NO,64,-0.01580106184723122
T2_E2_Elda,NO,T1_E1_Alicante,NO,65,-0.020058300734586094
T2_E2_Elda,NO,T1_E1_Alicante,NO,66,-0.016830615117377382
T2_E2_Elda,NO,T1_E1_Alicante,NO,67,-0.0030033196330099955
T2_E2_Elda,NO,T1_E1_Alicante,NO,68,0.02600343324395578
T2_E2_Elda,NO,T1_E1_Alicante,NO,69,0.0748352893850066
T2_E2_Elda,NO,T1_E1_Alicante,NO,70,0.12922131951760366
T2_E2_Elda,NO,T1_E1_Alicante,NO,71,0.15890149277174262
T2_E2_Elda,NO,T1_E1_Alicante,NO,72,0.137704296133849
T2_E2_Elda,NO,T1_E1_Alicante,NO2,-72,0.11609554880032372
T2_E2_Elda,NO,T1_E1_Alicante,NO2,-71,0.055092760399879204
T2_E2_Elda,NO,T1_E1_Alicante,NO2,-70,0.0010531568911426778
T2_E2_Elda,NO,T1_E1_Alicante,NO2,-69,-0.032594314099992805
T2_E2_Elda,NO,T1_E1_Alicante,NO2,-68,-0.05075146158906982
T2_E2_Elda,NO,T1_E1_Alicante,NO2,-67,-0.05348288813965723
T2_E2_Elda,NO,T1_E1_Alicante,NO2,-66,-0.04238227291375491
T2_E2_Elda,NO,T1_E1_Alicante,NO2,-65,-0.01676598830849377
T2_E2_Elda,NO,T1_E1_Alicante,NO2,-64,0.026517202346931938
T2_E2_Elda,NO,T1_E1_Alicante,NO2,-63,0.08203917267768067
T2_E2_Elda,NO,T1_E1_Alicante,NO2,-62,0.13321817444689515
T2_E2_Elda,NO,T1_E1_Alicante,NO2,-61,0.14804346731504597
T2_E2_Elda,NO,T1_E1_Alicante,NO2,-60,0.11922040803781857
T2_E2_Elda,NO,T1_E1_Alicante,NO2,-59,0.0726384416247668
T2_E2_Elda,NO,T1_E1_Alicante,NO2,-58,0.030344997715251436
T2_E2_Elda,NO,T1_E1_Alicante,NO2,-57,-0.004975109637798078
T2_E2_Elda,NO,T1_E1_Alicante,NO2,-56,-0.03000829252547122
T2_E2_Elda,NO,T1_E1_Alicante,NO2,-55,-0.044974636436798575
T2_E2_Elda,NO,T1_E1_Alicante,NO2,-54,-0.047168527468488784
T2_E2_Elda,NO,T1_E1_Alicante,NO2,-53,-0.03158866217663437
T2_E2_Elda,NO,T1_E1_Alicante,NO2,-52,0.008414140949923068
T2_E2_Elda,NO,T1_E1_Alicante,NO2,-51,0.06750976991553465
T2_E2_Elda,NO,T1_E1_Alicante,NO2,-50,0.13201934029824067
T2_E2_Elda,NO,T1_E1_Alicante,NO2,-49,0.1644680869098208
T2_E2_Elda,NO,T1_E1_Alicante,NO2,-48,0.14195137639663363
T2_E2_Elda,NO,T1_E1_Alicante,NO2,-47,0.08048509032169365
T2_E2_Elda,NO,T1_E1_Alicante,NO2,-46,0.016361515044843022
T2_E2_Elda,NO,T1_E1_Alicante,NO2,-45,-0.023275178995568902
T2_E2_Elda,NO,T1_E1_Alicante,NO2,-44,-0.04206886238075952
T2_E2_Elda,NO,T1_E1_Alicante,NO2,-43,-0.04714431022369757
T2_E2_Elda,NO,T1_E1_Alicante,NO2,-42,-0.036790331363749054
T2_E2_Elda,NO,T1_E1_Alicante,NO2,-41,-0.008759913486242546
T2_E2_Elda,NO,T1_E1_Alicante,NO2,-40,0.04041134637152148
T2_E2_Elda,NO,T1_E1_Alicante,NO2,-39,0.09963890236307965
T2_E2_Elda,NO,T1_E1_Alicante,NO2,-38,0.14565395864326708
T2_E2_Elda,NO,T1_E1_Alicante,NO2,-37,0.16084409782834871
T2_E2_Elda,NO,T1_E1_Alicante,NO2,-36,0.1393632856751637
T2_E2_Elda,NO,T1_E1_Alicante,NO2,-35,0.09692739868084572
T2_E2_Elda,NO,T1_E1_Alicante,NO2,-34,0.04955190922911251
T2_E2_Elda,NO,T1_E1_Alicante,NO2,-33,0.00671216960691331
T2_E2_Elda,NO,T1_E1_Alicante,NO2,-32,-0.023438899091357067
T2_E2_Elda,NO,T1_E1_Alicante,NO2,-31,-0.03786064324144748
T2_E2_Elda,NO,T1_E1_Alicante,NO2,-30,-0.03686233168337129
T2_E2_Elda,NO,T1_E1_Alicante,NO2,-29,-0.01211478548221571
T2_E2_Elda,NO,T1_E1_Alicante,NO2,-28,0.03862292472758759
T2_E2_Elda,NO,T1_E1_Alicante,NO2,-27,0.11014490941904266
T2_E2_Elda,NO,T1_E1_Alicante,NO2,-26,0.1842850103075055
T2_E2_Elda,NO,T1_E1_Alicante,NO2,-25,0.22102014189932187
T2_E2_Elda,NO,T1_E1_Alicante,NO2,-24,0.18884136028546922
T2_E2_Elda,NO,T1_E1_Alicante,NO2,-23,0.11210164538107908
T2_E2_Elda,NO,T1_E1_Alicante,NO2,-22,0.040572385531304433
T2_E2_Elda,NO,T1_E1_Alicante,NO2,-21,-0.006586313091736079
T2_E2_Elda,NO,T1_E1_Alicante,NO2,-20,-0.028244020917657948
T2_E2_Elda,NO,T1_E1_Alicante,NO2,-19,-0.030387112856163367
T2_E2_Elda,NO,T1_E1_Alicante,NO2,-18,-0.014731334679876465
T2_E2_Elda,NO,T1_E1_Alicante,NO2,-17,0.020791015708877196
T2_E2_Elda,NO,T1_E1_Alicante,NO2,-16,0.07254993931644084
T2_E2_Elda,NO,T1_E1_Alicante,NO2,-15,0.13499243550843504
T2_E2_Elda,NO,T1_E1_Alicante,NO2,-14,0.1866000225176498
T2_E2_Elda,NO,T1_E1_Alicante,NO2,-13,0.20422049859537778
T2_E2_Elda,NO,T1_E1_Alicante,NO2,-12,0.18068866702763575
T2_E2_Elda,NO,T1_E1_Alicante,NO2,-11,0.13451202125673606
T2_E2_Elda,NO,T1_E1_Alicante,NO2,-10,0.08155440522770668
T2_E2_Elda,NO,T1_E1_Alicante,NO2,-9,0.037497580941294135
T2_E2_Elda,NO,T1_E1_Alicante,NO2,-8,0.010506805005273515
T2_E2_Elda,NO,T1_E1_Alicante,NO2,-7,-0.0023207565824023054
T2_E2_Elda,NO,T1_E1_Alicante,NO2,-6,0.002632345058223765
T2_E2_Elda,NO,T1_E1_Alicante,NO2,-5,0.03281259035958742
T2_E2_Elda,NO,T1_E1_Alicante,NO2,-4,0.09576546781795262
T2_E2_Elda,NO,T1_E1_Alicante,NO2,-3,0.187958697202221
T2_E2_Elda,NO,T1_E1_Alicante,NO2,-2,0.2843471773784162
T2_E2_Elda,NO,T1_E1_Alicante,NO2,-1,0.3358073152178361
T2_E2_Elda,NO,T1_E1_Alicante,NO2,0,0.3024055307821513
T2_E2_Elda,NO,T1_E1_Alicante,NO2,1,0.21484069649728457
T2_E2_Elda,NO,T1_E1_Alicante,NO2,2,0.1233633944419698
T2_E2_Elda,NO,T1_E1_Alicante,NO2,3,0.06061951938454398
T2_E2_Elda,NO,T1_E1_Alicante,NO2,4,0.023324458814329062
T2_E2_Elda,NO,T1_E1_Alicante,NO2,5,0.010735485590708607
T2_E2_Elda,NO,T1_E1_Alicante,NO2,6,0.020219703016054684
T2_E2_Elda,NO,T1_E1_Alicante,NO2,7,0.04882999810119788
T2_E2_Elda,NO,T1_E1_Alicante,NO2,8,0.09852419539761648
T2_E2_Elda,NO,T1_E1_Alicante,NO2,9,0.16223091374367887
T2_E2_Elda,NO,T1_E1_Alicante,NO2,10,0.21410892214567662
T2_E2_Elda,NO,T1_E1_Alicante,NO2,11,0.22686818014792628
T2_E2_Elda,NO,T1_E1_Alicante,NO2,12,0.19883604685389367
T2_E2_Elda,NO,T1_E1_Alicante,NO2,13,0.14936516415107431
T2_E2_Elda,NO,T1_E1_Alicante,NO2,14,0.09796775509711153
T2_E2_Elda,NO,T1_E1_Alicante,NO2,15,0.055323601755739645
T2_E2_Elda,NO,T1_E1_Alicante,NO2,16,0.02478489117705357
T2_E2_Elda,NO,T1_E1_Alicante,NO2,17,0.005325781419633117
T2_E2_Elda,NO,T1_E1_Alicante,NO2,18,0.0012199189308917458
T2_E2_Elda,NO,T1_E1_Alicante,NO2,19,0.02028101776019313
T2_E2_Elda,NO,T1_E1_Alicante,NO2,20,0.0674195696699218
T2_E2_Elda,NO,T1_E1_Alicante,NO2,21,0.14306527026062596
T2_E2_Elda,NO,T1_E1_Alicante,NO2,22,0.21934392719066861
T2_E2_Elda,NO,T1_E1_Alicante,NO2,23,0.2522219514377493
T2_E2_Elda,NO,T1_E1_Alicante,NO2,24,0.2193415544640241
T2_E2_Elda,NO,T1_E1_Alicante,NO2,25,0.14276077477049764
T2_E2_Elda,NO,T1_E1_Alicante,NO2,26,0.06752491427698226
T2_E2_Elda,NO,T1_E1_Alicante,NO2,27,0.01687112385524659
T2_E2_Elda,NO,T1_E1_Alicante,NO2,28,-0.008986759878254294
T2_E2_Elda,NO,T1_E1_Alicante,NO2,29,-0.01610091874946949
T2_E2_Elda,NO,T1_E1_Alicante,NO2,30,-0.005129215783707388
T2_E2_Elda,NO,T1_E1_Alicante,NO2,31,0.021701122321508337
T2_E2_Elda,NO,T1_E1_Alicante,NO2,32,0.06366870589431627
T2_E2_Elda,NO,T1_E1_Alicante,NO2,33,0.11653815491759245
T2_E2_Elda,NO,T1_E1_Alicante,NO2,34,0.16088850155549098
T2_E2_Elda,NO,T1_E1_Alicante,NO2,35,0.17560732671339507
T2_E2_Elda,NO,T1_E1_Alicante,NO2,36,0.15760179971853688
T2_E2_Elda,NO,T1_E1_Alicante,NO2,37,0.11807963358178936
T2_E2_Elda,NO,T1_E1_Alicante,NO2,38,0.07511523822220817
T2_E2_Elda,NO,T1_E1_Alicante,NO2,39,0.03898196320191968
T2_E2_Elda,NO,T1_E1_Alicante,NO2,40,0.013879104632879133
T2_E2_Elda,NO,T1_E1_Alicante,NO2,41,-0.0013224239204624555
T2_E2_Elda,NO,T1_E1_Alicante,NO2,42,-0.004305262012065753
T2_E2_Elda,NO,T1_E1_Alicante,NO2,43,0.008750014807697513
T2_E2_Elda,NO,T1_E1_Alicante,NO2,44,0.04214037616799645
T2_E2_Elda,NO,T1_E1_Alicante,NO2,45,0.09573256813653688
T2_E2_Elda,NO,T1_E1_Alicante,NO2,46,0.15289479426078897
T2_E2_Elda,NO,T1_E1_Alicante,NO2,47,0.18305697222390266
T2_E2_Elda,NO,T1_E1_Alicante,NO2,48,0.15968069163713114
T2_E2_Elda,NO,T1_E1_Alicante,NO2,49,0.09628989986607726
T2_E2_Elda,NO,T1_E1_Alicante,NO2,50,0.03431798750506892
T2_E2_Elda,NO,T1_E1_Alicante,NO2,51,-0.0067847011819092825
T2_E2_Elda,NO,T1_E1_Alicante,NO2,52,-0.029764376477574562
T2_E2_Elda,NO,T1_E1_Alicante,NO2,53,-0.03489181908930972
T2_E2_Elda,NO,T1_E1_Alicante,NO2,54,-0.02488074392058544
T2_E2_Elda,NO,T1_E1_Alicante,NO2,55,0.0013621638723127316
T2_E2_Elda,NO,T1_E1_Alicante,NO2,56,0.046553220016657536
T2_E2_Elda,NO,T1_E1_Alicante,NO2,57,0.10340545743111137
T2_E2_Elda,NO,T1_E1_Alicante,NO2,58,0.1482457959885083
T2_E2_Elda,NO,T1_E1_Alicante,NO2,59,0.16357006840581112
T2_E2_Elda,NO,T1_E1_Alicante,NO2,60,0.14513165816663162
T2_E2_Elda,NO,T1_E1_Alicante,NO2,61,0.10163002208946251
T2_E2_Elda,NO,T1_E1_Alicante,NO2,62,0.05683436599524463
T2_E2_Elda,NO,T1_E1_Alicante,NO2,63,0.017028361927265367
T2_E2_Elda,NO,T1_E1_Alicante,NO2,64,-0.012930287428487114
T2_E2_Elda,NO,T1_E1_Alicante,NO2,65,-0.029413432301808935
T2_E2_Elda,NO,T1_E1_Alicante,NO2,66,-0.030924473798797418
T2_E2_Elda,NO,T1_E1_Alicante,NO2,67,-0.016435080798786746
T2_E2_Elda,NO,T1_E1_Alicante,NO2,68,0.019861291484257963
T2_E2_Elda,NO,T1_E1_Alicante,NO2,69,0.07780869396861906
T2_E2_Elda,NO,T1_E1_Alicante,NO2,70,0.13985423559272284
T2_E2_Elda,NO,T1_E1_Alicante,NO2,71,0.16541400533564704
T2_E2_Elda,NO,T1_E1_Alicante,NO2,72,0.1372361860734929
T2_E2_Elda,NO,T1_E1_Alicante,O3,-72,-0.09477907058010245
T2_E2_Elda,NO,T1_E1_Alicante,O3,-71,-0.034601549383540924
T2_E2_Elda,NO,T1_E1_Alicante,O3,-70,0.02269770407187284
T2_E2_Elda,NO,T1_E1_Alicante,O3,-69,0.062084166811193574
T2_E2_Elda,NO,T1_E1_Alicante,O3,-68,0.08412522284338342
T2_E2_Elda,NO,T1_E1_Alicante,O3,-67,0.08911294773300343
T2_E2_Elda,NO,T1_E1_Alicante,O3,-66,0.08259464365116283
T2_E2_Elda,NO,T1_E1_Alicante,O3,-65,0.06253386808821136
T2_E2_Elda,NO,T1_E1_Alicante,O3,-64,0.028943020427427923
T2_E2_Elda,NO,T1_E1_Alicante,O3,-63,-0.014891186883209725
T2_E2_Elda,NO,T1_E1_Alicante,O3,-62,-0.05764377962321734
T2_E2_Elda,NO,T1_E1_Alicante,O3,-61,-0.08792377699212149
T2_E2_Elda,NO,T1_E1_Alicante,O3,-60,-0.10115697458714346
T2_E2_Elda,NO,T1_E1_Alicante,O3,-59,-0.10298804339681555
T2_E2_Elda,NO,T1_E1_Alicante,O3,-58,-0.10044470099430325
T2_E2_Elda,NO,T1_E1_Alicante,O3,-57,-0.09774768527590025
T2_E2_Elda,NO,T1_E1_Alicante,O3,-56,-0.09649322342440854
T2_E2_Elda,NO,T1_E1_Alicante,O3,-55,-0.0967046937706145
T2_E2_Elda,NO,T1_E1_Alicante,O3,-54,-0.09915704218936185
T2_E2_Elda,NO,T1_E1_Alicante,O3,-53,-0.10776171291807032
T2_E2_Elda,NO,T1_E1_Alicante,O3,-52,-0.12368871764921166
T2_E2_Elda,NO,T1_E1_Alicante,O3,-51,-0.14326013596852186
T2_E2_Elda,NO,T1_E1_Alicante,O3,-50,-0.15854613230115175
T2_E2_Elda,NO,T1_E1_Alicante,O3,-49,-0.1533760423608196
T2_E2_Elda,NO,T1_E1_Alicante,O3,-48,-0.1153986039712614
T2_E2_Elda,NO,T1_E1_Alicante,O3,-47,-0.053322101869638226
T2_E2_Elda,NO,T1_E1_Alicante,O3,-46,0.008664063231051178
T2_E2_Elda,NO,T1_E1_Alicante,O3,-45,0.0516948729197201
T2_E2_Elda,NO,T1_E1_Alicante,O3,-44,0.07483099224946693
T2_E2_Elda,NO,T1_E1_Alicante,O3,-43,0.08341447547183094
T2_E2_Elda,NO,T1_E1_Alicante,O3,-42,0.0790588060118854
T2_E2_Elda,NO,T1_E1_Alicante,O3,-41,0.05950465897815414
T2_E2_Elda,NO,T1_E1_Alicante,O3,-40,0.02446863483583389
T2_E2_Elda,NO,T1_E1_Alicante,O3,-39,-0.021861609840539805
T2_E2_Elda,NO,T1_E1_Alicante,O3,-38,-0.06671548129259933
T2_E2_Elda,NO,T1_E1_Alicante,O3,-37,-0.09996689819754176
T2_E2_Elda,NO,T1_E1_Alicante,O3,-36,-0.11662626562072885
T2_E2_Elda,NO,T1_E1_Alicante,O3,-35,-0.1202947740019793
T2_E2_Elda,NO,T1_E1_Alicante,O3,-34,-0.1172441157848309
T2_E2_Elda,NO,T1_E1_Alicante,O3,-33,-0.11209742069667997
T2_E2_Elda,NO,T1_E1_Alicante,O3,-32,-0.10857851058526173
T2_E2_Elda,NO,T1_E1_Alicante,O3,-31,-0.1088269405987227
T2_E2_Elda,NO,T1_E1_Alicante,O3,-30,-0.11327077384202895
T2_E2_Elda,NO,T1_E1_Alicante,O3,-29,-0.1257034048351876
T2_E2_Elda,NO,T1_E1_Alicante,O3,-28,-0.1481608650287329
T2_E2_Elda,NO,T1_E1_Alicante,O3,-27,-0.1742605050582166
T2_E2_Elda,NO,T1_E1_Alicante,O3,-26,-0.19348028736061174
T2_E2_Elda,NO,T1_E1_Alicante,O3,-25,-0.18888260050692346
T2_E2_Elda,NO,T1_E1_Alicante,O3,-24,-0.14473272670351942
T2_E2_Elda,NO,T1_E1_Alicante,O3,-23,-0.07508567654318556
T2_E2_Elda,NO,T1_E1_Alicante,O3,-22,-0.00859579827838845
T2_E2_Elda,NO,T1_E1_Alicante,O3,-21,0.038091744457848464
T2_E2_Elda,NO,T1_E1_Alicante,O3,-20,0.062263121704248435
T2_E2_Elda,NO,T1_E1_Alicante,O3,-19,0.06805007041604527
T2_E2_Elda,NO,T1_E1_Alicante,O3,-18,0.05854721923954596
T2_E2_Elda,NO,T1_E1_Alicante,O3,-17,0.03368794794271844
T2_E2_Elda,NO,T1_E1_Alicante,O3,-16,-0.003684821047260941
T2_E2_Elda,NO,T1_E1_Alicante,O3,-15,-0.05016533273783249
T2_E2_Elda,NO,T1_E1_Alicante,O3,-14,-0.09537667460574084
T2_E2_Elda,NO,T1_E1_Alicante,O3,-13,-0.12849274986506512
T2_E2_Elda,NO,T1_E1_Alicante,O3,-12,-0.14722261765597225
T2_E2_Elda,NO,T1_E1_Alicante,O3,-11,-0.15160650319749222
T2_E2_Elda,NO,T1_E1_Alicante,O3,-10,-0.1491444200158859
T2_E2_Elda,NO,T1_E1_Alicante,O3,-9,-0.1459798892012307
T2_E2_Elda,NO,T1_E1_Alicante,O3,-8,-0.14834626720149732
T2_E2_Elda,NO,T1_E1_Alicante,O3,-7,-0.1529320500071892
T2_E2_Elda,NO,T1_E1_Alicante,O3,-6,-0.15964000062274508
T2_E2_Elda,NO,T1_E1_Alicante,O3,-5,-0.17291618900128156
T2_E2_Elda,NO,T1_E1_Alicante,O3,-4,-0.1968486337928674
T2_E2_Elda,NO,T1_E1_Alicante,O3,-3,-0.22785766997344806
T2_E2_Elda,NO,T1_E1_Alicante,O3,-2,-0.2524112990786965
T2_E2_Elda,NO,T1_E1_Alicante,O3,-1,-0.2491034018933796
T2_E2_Elda,NO,T1_E1_Alicante,O3,0,-0.20370854963253396
T2_E2_Elda,NO,T1_E1_Alicante,O3,1,-0.12849038544946445
T2_E2_Elda,NO,T1_E1_Alicante,O3,2,-0.05364331493137002
T2_E2_Elda,NO,T1_E1_Alicante,O3,3,9.765303083373969e-05
T2_E2_Elda,NO,T1_E1_Alicante,O3,4,0.03211565519058143
T2_E2_Elda,NO,T1_E1_Alicante,O3,5,0.04478256746317546
T2_E2_Elda,NO,T1_E1_Alicante,O3,6,0.040452277363199805
T2_E2_Elda,NO,T1_E1_Alicante,O3,7,0.021299988704115924
T2_E2_Elda,NO,T1_E1_Alicante,O3,8,-0.011507549061029507
T2_E2_Elda,NO,T1_E1_Alicante,O3,9,-0.05518937953623871
T2_E2_Elda,NO,T1_E1_Alicante,O3,10,-0.09785029430941221
T2_E2_Elda,NO,T1_E1_Alicante,O3,11,-0.12844831541756654
T2_E2_Elda,NO,T1_E1_Alicante,O3,12,-0.1438588260910101
T2_E2_Elda,NO,T1_E1_Alicante,O3,13,-0.1463652020246969
T2_E2_Elda,NO,T1_E1_Alicante,O3,14,-0.14178345854775484
T2_E2_Elda,NO,T1_E1_Alicante,O3,15,-0.13617566378055104
T2_E2_Elda,NO,T1_E1_Alicante,O3,16,-0.13291788409909955
T2_E2_Elda,NO,T1_E1_Alicante,O3,17,-0.130878813334502
T2_E2_Elda,NO,T1_E1_Alicante,O3,18,-0.13151151780115922
T2_E2_Elda,NO,T1_E1_Alicante,O3,19,-0.1386563049925109
T2_E2_Elda,NO,T1_E1_Alicante,O3,20,-0.15446926331903924
T2_E2_Elda,NO,T1_E1_Alicante,O3,21,-0.17602064984249777
T2_E2_Elda,NO,T1_E1_Alicante,O3,22,-0.19228810713511577
T2_E2_Elda,NO,T1_E1_Alicante,O3,23,-0.18605790562275673
T2_E2_Elda,NO,T1_E1_Alicante,O3,24,-0.14306748573416905
T2_E2_Elda,NO,T1_E1_Alicante,O3,25,-0.07566650203155738
T2_E2_Elda,NO,T1_E1_Alicante,O3,26,-0.010549527458772393
T2_E2_Elda,NO,T1_E1_Alicante,O3,27,0.036218059683923005
T2_E2_Elda,NO,T1_E1_Alicante,O3,28,0.062099618379845664
T2_E2_Elda,NO,T1_E1_Alicante,O3,29,0.07105610159939331
T2_E2_Elda,NO,T1_E1_Alicante,O3,30,0.06417993781413109
T2_E2_Elda,NO,T1_E1_Alicante,O3,31,0.044590030812880356
T2_E2_Elda,NO,T1_E1_Alicante,O3,32,0.014445574454283079
T2_E2_Elda,NO,T1_E1_Alicante,O3,33,-0.024255795948679874
T2_E2_Elda,NO,T1_E1_Alicante,O3,34,-0.0651179063599899
T2_E2_Elda,NO,T1_E1_Alicante,O3,35,-0.09644898277807826
T2_E2_Elda,NO,T1_E1_Alicante,O3,36,-0.11460425614732138
T2_E2_Elda,NO,T1_E1_Alicante,O3,37,-0.1187807842475765
T2_E2_Elda,NO,T1_E1_Alicante,O3,38,-0.11686989251590027
T2_E2_Elda,NO,T1_E1_Alicante,O3,39,-0.11417035210090129
T2_E2_Elda,NO,T1_E1_Alicante,O3,40,-0.11420127116072777
T2_E2_Elda,NO,T1_E1_Alicante,O3,41,-0.11470698072672407
T2_E2_Elda,NO,T1_E1_Alicante,O3,42,-0.11686893428033938
T2_E2_Elda,NO,T1_E1_Alicante,O3,43,-0.1224619729683934
T2_E2_Elda,NO,T1_E1_Alicante,O3,44,-0.13256709968195468
T2_E2_Elda,NO,T1_E1_Alicante,O3,45,-0.14680907625229975
T2_E2_Elda,NO,T1_E1_Alicante,O3,46,-0.15512133976003403
T2_E2_Elda,NO,T1_E1_Alicante,O3,47,-0.14578354651872774
T2_E2_Elda,NO,T1_E1_Alicante,O3,48,-0.10781464082313748
T2_E2_Elda,NO,T1_E1_Alicante,O3,49,-0.04981622239165836
T2_E2_Elda,NO,T1_E1_Alicante,O3,50,0.006587674057777536
T2_E2_Elda,NO,T1_E1_Alicante,O3,51,0.04648766580219475
T2_E2_Elda,NO,T1_E1_Alicante,O3,52,0.06998945063996559
T2_E2_Elda,NO,T1_E1_Alicante,O3,53,0.07853161490806469
T2_E2_Elda,NO,T1_E1_Alicante,O3,54,0.07223190925994921
T2_E2_Elda,NO,T1_E1_Alicante,O3,55,0.05289537216749504
T2_E2_Elda,NO,T1_E1_Alicante,O3,56,0.020990062257595584
T2_E2_Elda,NO,T1_E1_Alicante,O3,57,-0.01937838469480858
T2_E2_Elda,NO,T1_E1_Alicante,O3,58,-0.060686829033113086
T2_E2_Elda,NO,T1_E1_Alicante,O3,59,-0.09360008152342293
T2_E2_Elda,NO,T1_E1_Alicante,O3,60,-0.11352511821543804
T2_E2_Elda,NO,T1_E1_Alicante,O3,61,-0.11780723071505707
T2_E2_Elda,NO,T1_E1_Alicante,O3,62,-0.11580924153332672
T2_E2_Elda,NO,T1_E1_Alicante,O3,63,-0.11101623595560595
T2_E2_Elda,NO,T1_E1_Alicante,O3,64,-0.1074272697633948
T2_E2_Elda,NO,T1_E1_Alicante,O3,65,-0.10578020812849527
T2_E2_Elda,NO,T1_E1_Alicante,O3,66,-0.10696541472251642
T2_E2_Elda,NO,T1_E1_Alicante,O3,67,-0.11341018529353712
T2_E2_Elda,NO,T1_E1_Alicante,O3,68,-0.12600647936128315
T2_E2_Elda,NO,T1_E1_Alicante,O3,69,-0.1440897738040206
T2_E2_Elda,NO,T1_E1_Alicante,O3,70,-0.15929813966485828
T2_E2_Elda,NO,T1_E1_Alicante,O3,71,-0.1520761583800742
T2_E2_Elda,NO,T1_E1_Alicante,O3,72,-0.1122725230598323
T2_E2_Elda,NO,T2_E1_Elche,NO,-72,0.12599010811456032
T2_E2_Elda,NO,T2_E1_Elche,NO,-71,0.07094933983087139
T2_E2_Elda,NO,T2_E1_Elche,NO,-70,0.026326282903755355
T2_E2_Elda,NO,T2_E1_Elche,NO,-69,0.0032019277892413457
T2_E2_Elda,NO,T2_E1_Elche,NO,-68,-0.007107918419956525
T2_E2_Elda,NO,T2_E1_Elche,NO,-67,-0.008775823366673744
T2_E2_Elda,NO,T2_E1_Elche,NO,-66,-0.0022542420469027183
T2_E2_Elda,NO,T2_E1_Elche,NO,-65,0.01334878099800865
T2_E2_Elda,NO,T2_E1_Elche,NO,-64,0.0410863883172471
T2_E2_Elda,NO,T2_E1_Elche,NO,-63,0.07905318253420394
T2_E2_Elda,NO,T2_E1_Elche,NO,-62,0.11270332080953796
T2_E2_Elda,NO,T2_E1_Elche,NO,-61,0.10372842590281281
T2_E2_Elda,NO,T2_E1_Elche,NO,-60,0.06975586461642606
T2_E2_Elda,NO,T2_E1_Elche,NO,-59,0.0317676537149387
T2_E2_Elda,NO,T2_E1_Elche,NO,-58,-0.0008921423747064014
T2_E2_Elda,NO,T2_E1_Elche,NO,-57,-0.016321616759856744
T2_E2_Elda,NO,T2_E1_Elche,NO,-56,-0.022103416095146454
T2_E2_Elda,NO,T2_E1_Elche,NO,-55,-0.02097416046150045
T2_E2_Elda,NO,T2_E1_Elche,NO,-54,-0.014231891058352725
T2_E2_Elda,NO,T2_E1_Elche,NO,-53,-2.3206614968327917e-05
T2_E2_Elda,NO,T2_E1_Elche,NO,-52,0.031298969472298224
T2_E2_Elda,NO,T2_E1_Elche,NO,-51,0.08101020459409375
T2_E2_Elda,NO,T2_E1_Elche,NO,-50,0.12930883156197703
T2_E2_Elda,NO,T2_E1_Elche,NO,-49,0.16063200513094653
T2_E2_Elda,NO,T2_E1_Elche,NO,-48,0.13210595606382913
T2_E2_Elda,NO,T2_E1_Elche,NO,-47,0.0785482147314502
T2_E2_Elda,NO,T2_E1_Elche,NO,-46,0.037561619164384885
T2_E2_Elda,NO,T2_E1_Elche,NO,-45,0.014296412106306566
T2_E2_Elda,NO,T2_E1_Elche,NO,-44,0.00684264487532176
T2_E2_Elda,NO,T2_E1_Elche,NO,-43,-0.0009544324548003749
T2_E2_Elda,NO,T2_E1_Elche,NO,-42,-1.616947445657533e-05
T2_E2_Elda,NO,T2_E1_Elche,NO,-41,0.009415176836402315
T2_E2_Elda,NO,T2_E1_Elche,NO,-40,0.0363085469261963
T2_E2_Elda,NO,T2_E1_Elche,NO,-39,0.0787350902113673
T2_E2_Elda,NO,T2_E1_Elche,NO,-38,0.11252432104104115
T2_E2_Elda,NO,T2_E1_Elche,NO,-37,0.10839134272963172
T2_E2_Elda,NO,T2_E1_Elche,NO,-36,0.07551864420656204
T2_E2_Elda,NO,T2_E1_Elche,NO,-35,0.030353969046297193
T2_E2_Elda,NO,T2_E1_Elche,NO,-34,0.00019216665267039076
T2_E2_Elda,NO,T2_E1_Elche,NO,-33,-0.014278232657506534
T2_E2_Elda,NO,T2_E1_Elche,NO,-32,-0.018998996505108084
T2_E2_Elda,NO,T2_E1_Elche,NO,-31,-0.01485233339401839
T2_E2_Elda,NO,T2_E1_Elche,NO,-30,-0.0065553443553352875
T2_E2_Elda,NO,T2_E1_Elche,NO,-29,0.010867704864830033
T2_E2_Elda,NO,T2_E1_Elche,NO,-28,0.03860681162309855
T2_E2_Elda,NO,T2_E1_Elche,NO,-27,0.08997131681032612
T2_E2_Elda,NO,T2_E1_Elche,NO,-26,0.14971260234821895
T2_E2_Elda,NO,T2_E1_Elche,NO,-25,0.18598168499194864
T2_E2_Elda,NO,T2_E1_Elche,NO,-24,0.16647513824820934
T2_E2_Elda,NO,T2_E1_Elche,NO,-23,0.10569349861355473
T2_E2_Elda,NO,T2_E1_Elche,NO,-22,0.04629820257474667
T2_E2_Elda,NO,T2_E1_Elche,NO,-21,0.01795705051969233
T2_E2_Elda,NO,T2_E1_Elche,NO,-20,0.007506062905047504
T2_E2_Elda,NO,T2_E1_Elche,NO,-19,0.004125482952529176
T2_E2_Elda,NO,T2_E1_Elche,NO,-18,0.010387290112671645
T2_E2_Elda,NO,T2_E1_Elche,NO,-17,0.03679816373125432
T2_E2_Elda,NO,T2_E1_Elche,NO,-16,0.08567846785585133
T2_E2_Elda,NO,T2_E1_Elche,NO,-15,0.13891169030314088
T2_E2_Elda,NO,T2_E1_Elche,NO,-14,0.17996609465650643
T2_E2_Elda,NO,T2_E1_Elche,NO,-13,0.1730198532417852
T2_E2_Elda,NO,T2_E1_Elche,NO,-12,0.13398538624294556
T2_E2_Elda,NO,T2_E1_Elche,NO,-11,0.07942750322093108
T2_E2_Elda,NO,T2_E1_Elche,NO,-10,0.026895992828146913
T2_E2_Elda,NO,T2_E1_Elche,NO,-9,0.00320379533323513
T2_E2_Elda,NO,T2_E1_Elche,NO,-8,-0.0021876985153828654
T2_E2_Elda,NO,T2_E1_Elche,NO,-7,-0.0008044414379486462
T2_E2_Elda,NO,T2_E1_Elche,NO,-6,0.00867641137982422
T2_E2_Elda,NO,T2_E1_Elche,NO,-5,0.03491413798471705
T2_E2_Elda,NO,T2_E1_Elche,NO,-4,0.08871183957284322
T2_E2_Elda,NO,T2_E1_Elche,NO,-3,0.18610247446013634
T2_E2_Elda,NO,T2_E1_Elche,NO,-2,0.31126439817836576
T2_E2_Elda,NO,T2_E1_Elche,NO,-1,0.39399243966170167
T2_E2_Elda,NO,T2_E1_Elche,NO,0,0.3537756954668843
T2_E2_Elda,NO,T2_E1_Elche,NO,1,0.2495154004172938
T2_E2_Elda,NO,T2_E1_Elche,NO,2,0.13099407765020524
T2_E2_Elda,NO,T2_E1_Elche,NO,3,0.055800034848650905
T2_E2_Elda,NO,T2_E1_Elche,NO,4,0.027760182890447342
T2_E2_Elda,NO,T2_E1_Elche,NO,5,0.0184674207388179
T2_E2_Elda,NO,T2_E1_Elche,NO,6,0.018952138982944688
T2_E2_Elda,NO,T2_E1_Elche,NO,7,0.04033642228880723
T2_E2_Elda,NO,T2_E1_Elche,NO,8,0.08975843188386064
T2_E2_Elda,NO,T2_E1_Elche,NO,9,0.16080868990645297
T2_E2_Elda,NO,T2_E1_Elche,NO,10,0.23198953804304243
T2_E2_Elda,NO,T2_E1_Elche,NO,11,0.240281396168188
T2_E2_Elda,NO,T2_E1_Elche,NO,12,0.18268101552814953
T2_E2_Elda,NO,T2_E1_Elche,NO,13,0.09505210476342582
T2_E2_Elda,NO,T2_E1_Elche,NO,14,0.02908853346193478
T2_E2_Elda,NO,T2_E1_Elche,NO,15,-0.00350822287806085
T2_E2_Elda,NO,T2_E1_Elche,NO,16,-0.013147612858283534
T2_E2_Elda,NO,T2_E1_Elche,NO,17,-0.011057643832904748
T2_E2_Elda,NO,T2_E1_Elche,NO,18,-0.00261758867961633
T2_E2_Elda,NO,T2_E1_Elche,NO,19,0.016510459490880352
T2_E2_Elda,NO,T2_E1_Elche,NO,20,0.0605133245517073
T2_E2_Elda,NO,T2_E1_Elche,NO,21,0.1320511940269568
T2_E2_Elda,NO,T2_E1_Elche,NO,22,0.2046296013848202
T2_E2_Elda,NO,T2_E1_Elche,NO,23,0.22835862330653647
T2_E2_Elda,NO,T2_E1_Elche,NO,24,0.1988197378945717
T2_E2_Elda,NO,T2_E1_Elche,NO,25,0.13285390156690963
T2_E2_Elda,NO,T2_E1_Elche,NO,26,0.06539712084619385
T2_E2_Elda,NO,T2_E1_Elche,NO,27,0.026489490333958535
T2_E2_Elda,NO,T2_E1_Elche,NO,28,0.007482719655260287
T2_E2_Elda,NO,T2_E1_Elche,NO,29,-0.00020672644284477066
T2_E2_Elda,NO,T2_E1_Elche,NO,30,0.00216109896099251
T2_E2_Elda,NO,T2_E1_Elche,NO,31,0.030327291852617375
T2_E2_Elda,NO,T2_E1_Elche,NO,32,0.08043630891017829
T2_E2_Elda,NO,T2_E1_Elche,NO,33,0.13484501397311077
T2_E2_Elda,NO,T2_E1_Elche,NO,34,0.183654223598579
T2_E2_Elda,NO,T2_E1_Elche,NO,35,0.18369100563343047
T2_E2_Elda,NO,T2_E1_Elche,NO,36,0.13142654820883048
T2_E2_Elda,NO,T2_E1_Elche,NO,37,0.061685955530541924
T2_E2_Elda,NO,T2_E1_Elche,NO,38,0.012274729722524799
T2_E2_Elda,NO,T2_E1_Elche,NO,39,-0.011093531023870375
T2_E2_Elda,NO,T2_E1_Elche,NO,40,-0.017104717226899904
T2_E2_Elda,NO,T2_E1_Elche,NO,41,-0.013880864180955977
T2_E2_Elda,NO,T2_E1_Elche,NO,42,-0.005401189810978809
T2_E2_Elda,NO,T2_E1_Elche,NO,43,0.01734488810186138
T2_E2_Elda,NO,T2_E1_Elche,NO,44,0.058425751795367284
T2_E2_Elda,NO,T2_E1_Elche,NO,45,0.11236087653154467
T2_E2_Elda,NO,T2_E1_Elche,NO,46,0.15559471524432783
T2_E2_Elda,NO,T2_E1_Elche,NO,47,0.1783646131177494
T2_E2_Elda,NO,T2_E1_Elche,NO,48,0.16044367057811004
T2_E2_Elda,NO,T2_E1_Elche,NO,49,0.09794320652147266
T2_E2_Elda,NO,T2_E1_Elche,NO,50,0.04473214678333387
T2_E2_Elda,NO,T2_E1_Elche,NO,51,0.016770495354799117
T2_E2_Elda,NO,T2_E1_Elche,NO,52,0.007455088207025426
T2_E2_Elda,NO,T2_E1_Elche,NO,53,-0.0006978213990245291
T2_E2_Elda,NO,T2_E1_Elche,NO,54,-8.385559483014123e-05
T2_E2_Elda,NO,T2_E1_Elche,NO,55,0.011982698205472488
T2_E2_Elda,NO,T2_E1_Elche,NO,56,0.03975887266741706
T2_E2_Elda,NO,T2_E1_Elche,NO,57,0.08550727949458486
T2_E2_Elda,NO,T2_E1_Elche,NO,58,0.13531041020777784
T2_E2_Elda,NO,T2_E1_Elche,NO,59,0.14704014645351055
T2_E2_Elda,NO,T2_E1_Elche,NO,60,0.11017546315440235
T2_E2_Elda,NO,T2_E1_Elche,NO,61,0.05507282306273625
T2_E2_Elda,NO,T2_E1_Elche,NO,62,0.013171861757377034
T2_E2_Elda,NO,T2_E1_Elche,NO,63,-0.013363017406382691
T2_E2_Elda,NO,T2_E1_Elche,NO,64,-0.020111654887752222
T2_E2_Elda,NO,T2_E1_Elche,NO,65,-0.02032083229194083
T2_E2_Elda,NO,T2_E1_Elche,NO,66,-0.014963002248364709
T2_E2_Elda,NO,T2_E1_Elche,NO,67,-0.0015071622689394972
T2_E2_Elda,NO,T2_E1_Elche,NO,68,0.02130377348952919
T2_E2_Elda,NO,T2_E1_Elche,NO,69,0.05570148273673142
T2_E2_Elda,NO,T2_E1_Elche,NO,70,0.10088361599333844
T2_E2_Elda,NO,T2_E1_Elche,NO,71,0.13345183834409036
T2_E2_Elda,NO,T2_E1_Elche,NO,72,0.12392599345325658
T2_E2_Elda,NO,T2_E1_Elche,NO2,-72,0.11244958239816245
T2_E2_Elda,NO,T2_E1_Elche,NO2,-71,0.04919615882118092
T2_E2_Elda,NO,T2_E1_Elche,NO2,-70,-0.005459536587569757
T2_E2_Elda,NO,T2_E1_Elche,NO2,-69,-0.034508549237660016
T2_E2_Elda,NO,T2_E1_Elche,NO2,-68,-0.04525975799089128
T2_E2_Elda,NO,T2_E1_Elche,NO2,-67,-0.04398816235302185
T2_E2_Elda,NO,T2_E1_Elche,NO2,-66,-0.032083655581339965
T2_E2_Elda,NO,T2_E1_Elche,NO2,-65,-0.007758043178544997
T2_E2_Elda,NO,T2_E1_Elche,NO2,-64,0.031331799202212636
T2_E2_Elda,NO,T2_E1_Elche,NO2,-63,0.08464852612590863
T2_E2_Elda,NO,T2_E1_Elche,NO2,-62,0.1304687050221795
T2_E2_Elda,NO,T2_E1_Elche,NO2,-61,0.14358574295280122
T2_E2_Elda,NO,T2_E1_Elche,NO2,-60,0.11998887258514414
T2_E2_Elda,NO,T2_E1_Elche,NO2,-59,0.0737499006425072
T2_E2_Elda,NO,T2_E1_Elche,NO2,-58,0.023756828379024965
T2_E2_Elda,NO,T2_E1_Elche,NO2,-57,-0.01638413758515838
T2_E2_Elda,NO,T2_E1_Elche,NO2,-56,-0.042250751900148875
T2_E2_Elda,NO,T2_E1_Elche,NO2,-55,-0.054359385682440524
T2_E2_Elda,NO,T2_E1_Elche,NO2,-54,-0.05333453364411857
T2_E2_Elda,NO,T2_E1_Elche,NO2,-53,-0.034199746769851824
T2_E2_Elda,NO,T2_E1_Elche,NO2,-52,0.004563874653486757
T2_E2_Elda,NO,T2_E1_Elche,NO2,-51,0.06024263554747681
T2_E2_Elda,NO,T2_E1_Elche,NO2,-50,0.11790702623286278
T2_E2_Elda,NO,T2_E1_Elche,NO2,-49,0.14566971891884287
T2_E2_Elda,NO,T2_E1_Elche,NO2,-48,0.1164256102219568
T2_E2_Elda,NO,T2_E1_Elche,NO2,-47,0.057246674791011705
T2_E2_Elda,NO,T2_E1_Elche,NO2,-46,0.00750519173058092
T2_E2_Elda,NO,T2_E1_Elche,NO2,-45,-0.022004198204502355
T2_E2_Elda,NO,T2_E1_Elche,NO2,-44,-0.036129672993184196
T2_E2_Elda,NO,T2_E1_Elche,NO2,-43,-0.03841914831118562
T2_E2_Elda,NO,T2_E1_Elche,NO2,-42,-0.02860953022242163
T2_E2_Elda,NO,T2_E1_Elche,NO2,-41,-0.002745677186943302
T2_E2_Elda,NO,T2_E1_Elche,NO2,-40,0.04330927967122273
T2_E2_Elda,NO,T2_E1_Elche,NO2,-39,0.10030221081034814
T2_E2_Elda,NO,T2_E1_Elche,NO2,-38,0.1520530011814523
T2_E2_Elda,NO,T2_E1_Elche,NO2,-37,0.1695372984920626
T2_E2_Elda,NO,T2_E1_Elche,NO2,-36,0.1471381060305334
T2_E2_Elda,NO,T2_E1_Elche,NO2,-35,0.09289076787128922
T2_E2_Elda,NO,T2_E1_Elche,NO2,-34,0.03541860177004758
T2_E2_Elda,NO,T2_E1_Elche,NO2,-33,-0.008993079794894306
T2_E2_Elda,NO,T2_E1_Elche,NO2,-32,-0.03775771404038636
T2_E2_Elda,NO,T2_E1_Elche,NO2,-31,-0.04828426969255624
T2_E2_Elda,NO,T2_E1_Elche,NO2,-30,-0.04220400064417172
T2_E2_Elda,NO,T2_E1_Elche,NO2,-29,-0.01724300687417072
T2_E2_Elda,NO,T2_E1_Elche,NO2,-28,0.02793801526545612
T2_E2_Elda,NO,T2_E1_Elche,NO2,-27,0.09242982066801288
T2_E2_Elda,NO,T2_E1_Elche,NO2,-26,0.16132150190450076
T2_E2_Elda,NO,T2_E1_Elche,NO2,-25,0.1934461948305138
T2_E2_Elda,NO,T2_E1_Elche,NO2,-24,0.1604382377835484
T2_E2_Elda,NO,T2_E1_Elche,NO2,-23,0.09201103928594238
T2_E2_Elda,NO,T2_E1_Elche,NO2,-22,0.027796203843969417
T2_E2_Elda,NO,T2_E1_Elche,NO2,-21,-0.007796309954652814
T2_E2_Elda,NO,T2_E1_Elche,NO2,-20,-0.023463199967353694
T2_E2_Elda,NO,T2_E1_Elche,NO2,-19,-0.024075842610421408
T2_E2_Elda,NO,T2_E1_Elche,NO2,-18,-0.00628859519324878
T2_E2_Elda,NO,T2_E1_Elche,NO2,-17,0.032989299441537126
T2_E2_Elda,NO,T2_E1_Elche,NO2,-16,0.09076835298760502
T2_E2_Elda,NO,T2_E1_Elche,NO2,-15,0.15637660553465507
T2_E2_Elda,NO,T2_E1_Elche,NO2,-14,0.21090924946322848
T2_E2_Elda,NO,T2_E1_Elche,NO2,-13,0.2271991128820453
T2_E2_Elda,NO,T2_E1_Elche,NO2,-12,0.1998488144141465
T2_E2_Elda,NO,T2_E1_Elche,NO2,-11,0.14190787777782873
T2_E2_Elda,NO,T2_E1_Elche,NO2,-10,0.07669500425936801
T2_E2_Elda,NO,T2_E1_Elche,NO2,-9,0.026201315250287828
T2_E2_Elda,NO,T2_E1_Elche,NO2,-8,-0.003978324321277239
T2_E2_Elda,NO,T2_E1_Elche,NO2,-7,-0.015698533559073646
T2_E2_Elda,NO,T2_E1_Elche,NO2,-6,-0.006991816164827581
T2_E2_Elda,NO,T2_E1_Elche,NO2,-5,0.026595186843133223
T2_E2_Elda,NO,T2_E1_Elche,NO2,-4,0.09242018389181975
T2_E2_Elda,NO,T2_E1_Elche,NO2,-3,0.1887648329799805
T2_E2_Elda,NO,T2_E1_Elche,NO2,-2,0.2917639606921602
T2_E2_Elda,NO,T2_E1_Elche,NO2,-1,0.3430963997124951
T2_E2_Elda,NO,T2_E1_Elche,NO2,0,0.299182198426798
T2_E2_Elda,NO,T2_E1_Elche,NO2,1,0.20275981476572988
T2_E2_Elda,NO,T2_E1_Elche,NO2,2,0.11096344991031298
T2_E2_Elda,NO,T2_E1_Elche,NO2,3,0.05213045657316293
T2_E2_Elda,NO,T2_E1_Elche,NO2,4,0.02096940711370412
T2_E2_Elda,NO,T2_E1_Elche,NO2,5,0.011700229528328993
T2_E2_Elda,NO,T2_E1_Elche,NO2,6,0.020740509402712957
T2_E2_Elda,NO,T2_E1_Elche,NO2,7,0.053115028871851315
T2_E2_Elda,NO,T2_E1_Elche,NO2,8,0.10878746862280768
T2_E2_Elda,NO,T2_E1_Elche,NO2,9,0.1810200676877842
T2_E2_Elda,NO,T2_E1_Elche,NO2,10,0.24665353565088954
T2_E2_Elda,NO,T2_E1_Elche,NO2,11,0.2680894720119444
T2_E2_Elda,NO,T2_E1_Elche,NO2,12,0.23792707864766655
T2_E2_Elda,NO,T2_E1_Elche,NO2,13,0.171010550392579
T2_E2_Elda,NO,T2_E1_Elche,NO2,14,0.09697510019732256
T2_E2_Elda,NO,T2_E1_Elche,NO2,15,0.04047667428131897
T2_E2_Elda,NO,T2_E1_Elche,NO2,16,0.00503212232862304
T2_E2_Elda,NO,T2_E1_Elche,NO2,17,-0.014880514603284108
T2_E2_Elda,NO,T2_E1_Elche,NO2,18,-0.0162998545425954
T2_E2_Elda,NO,T2_E1_Elche,NO2,19,0.00885437636183134
T2_E2_Elda,NO,T2_E1_Elche,NO2,20,0.06588476564168286
T2_E2_Elda,NO,T2_E1_Elche,NO2,21,0.14208794933453048
T2_E2_Elda,NO,T2_E1_Elche,NO2,22,0.216560154318216
T2_E2_Elda,NO,T2_E1_Elche,NO2,23,0.24549997819608824
T2_E2_Elda,NO,T2_E1_Elche,NO2,24,0.20830254122324612
T2_E2_Elda,NO,T2_E1_Elche,NO2,25,0.1301907068366478
T2_E2_Elda,NO,T2_E1_Elche,NO2,26,0.059345718303488684
T2_E2_Elda,NO,T2_E1_Elche,NO2,27,0.014329135260144454
T2_E2_Elda,NO,T2_E1_Elche,NO2,28,-0.010040653120367879
T2_E2_Elda,NO,T2_E1_Elche,NO2,29,-0.016709194610169936
T2_E2_Elda,NO,T2_E1_Elche,NO2,30,-0.005767496056766907
T2_E2_Elda,NO,T2_E1_Elche,NO2,31,0.029319846043876788
T2_E2_Elda,NO,T2_E1_Elche,NO2,32,0.08307927672884664
T2_E2_Elda,NO,T2_E1_Elche,NO2,33,0.14520988678019334
T2_E2_Elda,NO,T2_E1_Elche,NO2,34,0.19330064724575585
T2_E2_Elda,NO,T2_E1_Elche,NO2,35,0.20279909296492496
T2_E2_Elda,NO,T2_E1_Elche,NO2,36,0.17134439128339418
T2_E2_Elda,NO,T2_E1_Elche,NO2,37,0.1147685303365436
T2_E2_Elda,NO,T2_E1_Elche,NO2,38,0.05978330305957284
T2_E2_Elda,NO,T2_E1_Elche,NO2,39,0.019224054959763773
T2_E2_Elda,NO,T2_E1_Elche,NO2,40,-0.009724955957219693
T2_E2_Elda,NO,T2_E1_Elche,NO2,41,-0.02460980822936539
T2_E2_Elda,NO,T2_E1_Elche,NO2,42,-0.027027843032199725
T2_E2_Elda,NO,T2_E1_Elche,NO2,43,-0.005560313733488269
T2_E2_Elda,NO,T2_E1_Elche,NO2,44,0.03631037381071448
T2_E2_Elda,NO,T2_E1_Elche,NO2,45,0.09504370329532644
T2_E2_Elda,NO,T2_E1_Elche,NO2,46,0.1544451568965409
T2_E2_Elda,NO,T2_E1_Elche,NO2,47,0.18181608444455025
T2_E2_Elda,NO,T2_E1_Elche,NO2,48,0.15268144334199996
T2_E2_Elda,NO,T2_E1_Elche,NO2,49,0.08794599236545612
T2_E2_Elda,NO,T2_E1_Elche,NO2,50,0.028153378262458555
T2_E2_Elda,NO,T2_E1_Elche,NO2,51,-0.008302757161242376
T2_E2_Elda,NO,T2_E1_Elche,NO2,52,-0.026074437704409842
T2_E2_Elda,NO,T2_E1_Elche,NO2,53,-0.031566094234946884
T2_E2_Elda,NO,T2_E1_Elche,NO2,54,-0.02351436982516451
T2_E2_Elda,NO,T2_E1_Elche,NO2,55,0.0038718281922380635
T2_E2_Elda,NO,T2_E1_Elche,NO2,56,0.04920361339068002
T2_E2_Elda,NO,T2_E1_Elche,NO2,57,0.10414520500871391
T2_E2_Elda,NO,T2_E1_Elche,NO2,58,0.1554063568865121
T2_E2_Elda,NO,T2_E1_Elche,NO2,59,0.18269039818712537
T2_E2_Elda,NO,T2_E1_Elche,NO2,60,0.16780834342922263
T2_E2_Elda,NO,T2_E1_Elche,NO2,61,0.11801221453245814
T2_E2_Elda,NO,T2_E1_Elche,NO2,62,0.05897184747467858
T2_E2_Elda,NO,T2_E1_Elche,NO2,63,0.008453321157441417
T2_E2_Elda,NO,T2_E1_Elche,NO2,64,-0.024906715428747467
T2_E2_Elda,NO,T2_E1_Elche,NO2,65,-0.04243485596285375
T2_E2_Elda,NO,T2_E1_Elche,NO2,66,-0.042596708655426585
T2_E2_Elda,NO,T2_E1_Elche,NO2,67,-0.025362021895948723
T2_E2_Elda,NO,T2_E1_Elche,NO2,68,0.009617472694244102
T2_E2_Elda,NO,T2_E1_Elche,NO2,69,0.06278819796001116
T2_E2_Elda,NO,T2_E1_Elche,NO2,70,0.12053885312169627
T2_E2_Elda,NO,T2_E1_Elche,NO2,71,0.15140512728728742
T2_E2_Elda,NO,T2_E1_Elche,NO2,72,0.12796136553244103
T2_E2_Elda,NO,T2_E1_Elche,O3,-72,-0.116585946317966
T2_E2_Elda,NO,T2_E1_Elche,O3,-71,-0.057705499505769205
T2_E2_Elda,NO,T2_E1_Elche,O3,-70,-0.0002635088781178397
T2_E2_Elda,NO,T2_E1_Elche,O3,-69,0.040435279206759364
T2_E2_Elda,NO,T2_E1_Elche,O3,-68,0.06297284042160611
T2_E2_Elda,NO,T2_E1_Elche,O3,-67,0.06939148523501394
T2_E2_Elda,NO,T2_E1_Elche,O3,-66,0.06184649113152619
T2_E2_Elda,NO,T2_E1_Elche,O3,-65,0.04150070137605843
T2_E2_Elda,NO,T2_E1_Elche,O3,-64,0.008260169381482151
T2_E2_Elda,NO,T2_E1_Elche,O3,-63,-0.0359827389610936
T2_E2_Elda,NO,T2_E1_Elche,O3,-62,-0.0759888484514258
T2_E2_Elda,NO,T2_E1_Elche,O3,-61,-0.10256771744870723
T2_E2_Elda,NO,T2_E1_Elche,O3,-60,-0.11353815312019794
T2_E2_Elda,NO,T2_E1_Elche,O3,-59,-0.11245265071352252
T2_E2_Elda,NO,T2_E1_Elche,O3,-58,-0.1073062706137291
T2_E2_Elda,NO,T2_E1_Elche,O3,-57,-0.10229804345280097
T2_E2_Elda,NO,T2_E1_Elche,O3,-56,-0.09866970755845793
T2_E2_Elda,NO,T2_E1_Elche,O3,-55,-0.09692322943680484
T2_E2_Elda,NO,T2_E1_Elche,O3,-54,-0.09855384994235905
T2_E2_Elda,NO,T2_E1_Elche,O3,-53,-0.10726161911844798
T2_E2_Elda,NO,T2_E1_Elche,O3,-52,-0.12286420357118451
T2_E2_Elda,NO,T2_E1_Elche,O3,-51,-0.14306149741504953
T2_E2_Elda,NO,T2_E1_Elche,O3,-50,-0.15941304551359006
T2_E2_Elda,NO,T2_E1_Elche,O3,-49,-0.15761854197192013
T2_E2_Elda,NO,T2_E1_Elche,O3,-48,-0.12264101512479467
T2_E2_Elda,NO,T2_E1_Elche,O3,-47,-0.06541024911314343
T2_E2_Elda,NO,T2_E1_Elche,O3,-46,-0.008913800560878286
T2_E2_Elda,NO,T2_E1_Elche,O3,-45,0.033013351493125856
T2_E2_Elda,NO,T2_E1_Elche,O3,-44,0.058948944250587124
T2_E2_Elda,NO,T2_E1_Elche,O3,-43,0.06713850479932393
T2_E2_Elda,NO,T2_E1_Elche,O3,-42,0.06093027297434215
T2_E2_Elda,NO,T2_E1_Elche,O3,-41,0.04028904193493258
T2_E2_Elda,NO,T2_E1_Elche,O3,-40,0.006500476270418111
T2_E2_Elda,NO,T2_E1_Elche,O3,-39,-0.03598576105683231
T2_E2_Elda,NO,T2_E1_Elche,O3,-38,-0.07946207732099939
T2_E2_Elda,NO,T2_E1_Elche,O3,-37,-0.11143582840201786
T2_E2_Elda,NO,T2_E1_Elche,O3,-36,-0.12623676662429228
T2_E2_Elda,NO,T2_E1_Elche,O3,-35,-0.12837614554212998
T2_E2_Elda,NO,T2_E1_Elche,O3,-34,-0.12168645425877644
T2_E2_Elda,NO,T2_E1_Elche,O3,-33,-0.11447675623489623
T2_E2_Elda,NO,T2_E1_Elche,O3,-32,-0.10873302695180595
T2_E2_Elda,NO,T2_E1_Elche,O3,-31,-0.10743079517409315
T2_E2_Elda,NO,T2_E1_Elche,O3,-30,-0.1123508025053825
T2_E2_Elda,NO,T2_E1_Elche,O3,-29,-0.12494232960468628
T2_E2_Elda,NO,T2_E1_Elche,O3,-28,-0.14540066910761942
T2_E2_Elda,NO,T2_E1_Elche,O3,-27,-0.17092925763273423
T2_E2_Elda,NO,T2_E1_Elche,O3,-26,-0.19202907207470438
T2_E2_Elda,NO,T2_E1_Elche,O3,-25,-0.19048830124166807
T2_E2_Elda,NO,T2_E1_Elche,O3,-24,-0.15199297651586627
T2_E2_Elda,NO,T2_E1_Elche,O3,-23,-0.08931335500298265
T2_E2_Elda,NO,T2_E1_Elche,O3,-22,-0.024070571116135742
T2_E2_Elda,NO,T2_E1_Elche,O3,-21,0.022116563780659525
T2_E2_Elda,NO,T2_E1_Elche,O3,-20,0.0462522398945287
T2_E2_Elda,NO,T2_E1_Elche,O3,-19,0.052443255601318836
T2_E2_Elda,NO,T2_E1_Elche,O3,-18,0.0415810792620866
T2_E2_Elda,NO,T2_E1_Elche,O3,-17,0.015332034910766667
T2_E2_Elda,NO,T2_E1_Elche,O3,-16,-0.022978977155007612
T2_E2_Elda,NO,T2_E1_Elche,O3,-15,-0.06974952716424501
T2_E2_Elda,NO,T2_E1_Elche,O3,-14,-0.11560713919933198
T2_E2_Elda,NO,T2_E1_Elche,O3,-13,-0.1480702017881762
T2_E2_Elda,NO,T2_E1_Elche,O3,-12,-0.16311426198590692
T2_E2_Elda,NO,T2_E1_Elche,O3,-11,-0.16383028062043942
T2_E2_Elda,NO,T2_E1_Elche,O3,-10,-0.1572797062493453
T2_E2_Elda,NO,T2_E1_Elche,O3,-9,-0.14891222086439043
T2_E2_Elda,NO,T2_E1_Elche,O3,-8,-0.14524873827131424
T2_E2_Elda,NO,T2_E1_Elche,O3,-7,-0.1460005537873412
T2_E2_Elda,NO,T2_E1_Elche,O3,-6,-0.1538179773889876
T2_E2_Elda,NO,T2_E1_Elche,O3,-5,-0.17191939140624826
T2_E2_Elda,NO,T2_E1_Elche,O3,-4,-0.2000607162913235
T2_E2_Elda,NO,T2_E1_Elche,O3,-3,-0.23402519446795864
T2_E2_Elda,NO,T2_E1_Elche,O3,-2,-0.26241612512537615
T2_E2_Elda,NO,T2_E1_Elche,O3,-1,-0.2631792421393883
T2_E2_Elda,NO,T2_E1_Elche,O3,0,-0.22053541994678683
T2_E2_Elda,NO,T2_E1_Elche,O3,1,-0.14529053035685785
T2_E2_Elda,NO,T2_E1_Elche,O3,2,-0.06662703213313943
T2_E2_Elda,NO,T2_E1_Elche,O3,3,-0.007893999934849861
T2_E2_Elda,NO,T2_E1_Elche,O3,4,0.0270987629407305
T2_E2_Elda,NO,T2_E1_Elche,O3,5,0.03954737263649503
T2_E2_Elda,NO,T2_E1_Elche,O3,6,0.034015088319876104
T2_E2_Elda,NO,T2_E1_Elche,O3,7,0.012256756912292716
T2_E2_Elda,NO,T2_E1_Elche,O3,8,-0.024596273178937148
T2_E2_Elda,NO,T2_E1_Elche,O3,9,-0.07084282205393479
T2_E2_Elda,NO,T2_E1_Elche,O3,10,-0.117042284784517
T2_E2_Elda,NO,T2_E1_Elche,O3,11,-0.14979878691705373
T2_E2_Elda,NO,T2_E1_Elche,O3,12,-0.1650181276725678
T2_E2_Elda,NO,T2_E1_Elche,O3,13,-0.16339941660593413
T2_E2_Elda,NO,T2_E1_Elche,O3,14,-0.1509276658633354
T2_E2_Elda,NO,T2_E1_Elche,O3,15,-0.13782158498788558
T2_E2_Elda,NO,T2_E1_Elche,O3,16,-0.12941309566691098
T2_E2_Elda,NO,T2_E1_Elche,O3,17,-0.12411214569240606
T2_E2_Elda,NO,T2_E1_Elche,O3,18,-0.12540613150400412
T2_E2_Elda,NO,T2_E1_Elche,O3,19,-0.13629776144570724
T2_E2_Elda,NO,T2_E1_Elche,O3,20,-0.15855014031632125
T2_E2_Elda,NO,T2_E1_Elche,O3,21,-0.18333103775797402
T2_E2_Elda,NO,T2_E1_Elche,O3,22,-0.20179201041605335
T2_E2_Elda,NO,T2_E1_Elche,O3,23,-0.19601947663124564
T2_E2_Elda,NO,T2_E1_Elche,O3,24,-0.15471045267868286
T2_E2_Elda,NO,T2_E1_Elche,O3,25,-0.08933039525431759
T2_E2_Elda,NO,T2_E1_Elche,O3,26,-0.02412025313235609
T2_E2_Elda,NO,T2_E1_Elche,O3,27,0.024387127589642968
T2_E2_Elda,NO,T2_E1_Elche,O3,28,0.05379386279779188
T2_E2_Elda,NO,T2_E1_Elche,O3,29,0.06524183390938416
T2_E2_Elda,NO,T2_E1_Elche,O3,30,0.058871738690904715
T2_E2_Elda,NO,T2_E1_Elche,O3,31,0.03538100146364216
T2_E2_Elda,NO,T2_E1_Elche,O3,32,-0.00032863512171842026
T2_E2_Elda,NO,T2_E1_Elche,O3,33,-0.04314981121476146
T2_E2_Elda,NO,T2_E1_Elche,O3,34,-0.08365013796174514
T2_E2_Elda,NO,T2_E1_Elche,O3,35,-0.11130585308662347
T2_E2_Elda,NO,T2_E1_Elche,O3,36,-0.1250136874063219
T2_E2_Elda,NO,T2_E1_Elche,O3,37,-0.12377786301146557
T2_E2_Elda,NO,T2_E1_Elche,O3,38,-0.11785564408963689
T2_E2_Elda,NO,T2_E1_Elche,O3,39,-0.11281057186751145
T2_E2_Elda,NO,T2_E1_Elche,O3,40,-0.10886367487325255
T2_E2_Elda,NO,T2_E1_Elche,O3,41,-0.10759974070772611
T2_E2_Elda,NO,T2_E1_Elche,O3,42,-0.10819218258599415
T2_E2_Elda,NO,T2_E1_Elche,O3,43,-0.1158368470050983
T2_E2_Elda,NO,T2_E1_Elche,O3,44,-0.13035774690687738
T2_E2_Elda,NO,T2_E1_Elche,O3,45,-0.1465257664224227
T2_E2_Elda,NO,T2_E1_Elche,O3,46,-0.15945303390913276
T2_E2_Elda,NO,T2_E1_Elche,O3,47,-0.154365315606813
T2_E2_Elda,NO,T2_E1_Elche,O3,48,-0.11899071636186975
T2_E2_Elda,NO,T2_E1_Elche,O3,49,-0.06284829797902823
T2_E2_Elda,NO,T2_E1_Elche,O3,50,-0.007656999922771236
T2_E2_Elda,NO,T2_E1_Elche,O3,51,0.03290067589183748
T2_E2_Elda,NO,T2_E1_Elche,O3,52,0.05795591163569274
T2_E2_Elda,NO,T2_E1_Elche,O3,53,0.06692744404908713
T2_E2_Elda,NO,T2_E1_Elche,O3,54,0.06155492067908149
T2_E2_Elda,NO,T2_E1_Elche,O3,55,0.040142737868947835
T2_E2_Elda,NO,T2_E1_Elche,O3,56,0.005964543949471421
T2_E2_Elda,NO,T2_E1_Elche,O3,57,-0.034694925082937235
T2_E2_Elda,NO,T2_E1_Elche,O3,58,-0.07566223819624235
T2_E2_Elda,NO,T2_E1_Elche,O3,59,-0.10895240887493325
T2_E2_Elda,NO,T2_E1_Elche,O3,60,-0.12603523917362697
T2_E2_Elda,NO,T2_E1_Elche,O3,61,-0.12808722456279087
T2_E2_Elda,NO,T2_E1_Elche,O3,62,-0.12123166395197935
T2_E2_Elda,NO,T2_E1_Elche,O3,63,-0.1117890737724352
T2_E2_Elda,NO,T2_E1_Elche,O3,64,-0.10409840533449594
T2_E2_Elda,NO,T2_E1_Elche,O3,65,-0.10206782254475584
T2_E2_Elda,NO,T2_E1_Elche,O3,66,-0.10557286316729775
T2_E2_Elda,NO,T2_E1_Elche,O3,67,-0.11448534689676836
T2_E2_Elda,NO,T2_E1_Elche,O3,68,-0.12680958110182045
T2_E2_Elda,NO,T2_E1_Elche,O3,69,-0.1445489901638597
T2_E2_Elda,NO,T2_E1_Elche,O3,70,-0.15991679991495342
T2_E2_Elda,NO,T2_E1_Elche,O3,71,-0.15716860365682608
T2_E2_Elda,NO,T2_E1_Elche,O3,72,-0.12412216391015123
T2_E2_Elda,NO2,T1_E1_Alicante,NO,-72,0.17680105481151703
T2_E2_Elda,NO2,T1_E1_Alicante,NO,-71,0.13703693785635757
T2_E2_Elda,NO2,T1_E1_Alicante,NO,-70,0.07299421537002285
T2_E2_Elda,NO2,T1_E1_Alicante,NO,-69,0.015681600564677593
T2_E2_Elda,NO2,T1_E1_Alicante,NO,-68,-0.020050671896834692
T2_E2_Elda,NO2,T1_E1_Alicante,NO,-67,-0.034928454903071324
T2_E2_Elda,NO2,T1_E1_Alicante,NO,-66,-0.028704154695584426
T2_E2_Elda,NO2,T1_E1_Alicante,NO,-65,-0.004084054782900049
T2_E2_Elda,NO2,T1_E1_Alicante,NO,-64,0.04028035259795881
T2_E2_Elda,NO2,T1_E1_Alicante,NO,-63,0.09994512934793001
T2_E2_Elda,NO2,T1_E1_Alicante,NO,-62,0.15706253483590063
T2_E2_Elda,NO2,T1_E1_Alicante,NO,-61,0.18827764979126368
T2_E2_Elda,NO2,T1_E1_Alicante,NO,-60,0.17613685079933708
T2_E2_Elda,NO2,T1_E1_Alicante,NO,-59,0.13117691162188644
T2_E2_Elda,NO2,T1_E1_Alicante,NO,-58,0.0716288481852232
T2_E2_Elda,NO2,T1_E1_Alicante,NO,-57,0.01837205868847133
T2_E2_Elda,NO2,T1_E1_Alicante,NO,-56,-0.019819812042666165
T2_E2_Elda,NO2,T1_E1_Alicante,NO,-55,-0.04121386863002155
T2_E2_Elda,NO2,T1_E1_Alicante,NO,-54,-0.042495764593278106
T2_E2_Elda,NO2,T1_E1_Alicante,NO,-53,-0.02240401281176154
T2_E2_Elda,NO2,T1_E1_Alicante,NO,-52,0.017982245849592314
T2_E2_Elda,NO2,T1_E1_Alicante,NO,-51,0.07515451746140926
T2_E2_Elda,NO2,T1_E1_Alicante,NO,-50,0.14879807702943482
T2_E2_Elda,NO2,T1_E1_Alicante,NO,-49,0.21057499922128634
T2_E2_Elda,NO2,T1_E1_Alicante,NO,-48,0.2183713439438729
T2_E2_Elda,NO2,T1_E1_Alicante,NO,-47,0.16800470052052976
T2_E2_Elda,NO2,T1_E1_Alicante,NO,-46,0.08813708006056194
T2_E2_Elda,NO2,T1_E1_Alicante,NO,-45,0.020090965701662487
T2_E2_Elda,NO2,T1_E1_Alicante,NO,-44,-0.019462669579376115
T2_E2_Elda,NO2,T1_E1_Alicante,NO,-43,-0.036183411505533974
T2_E2_Elda,NO2,T1_E1_Alicante,NO,-42,-0.03188446021601241
T2_E2_Elda,NO2,T1_E1_Alicante,NO,-41,-0.006988743011487717
T2_E2_Elda,NO2,T1_E1_Alicante,NO,-40,0.037397241154556476
T2_E2_Elda,NO2,T1_E1_Alicante,NO,-39,0.09193488396365425
T2_E2_Elda,NO2,T1_E1_Alicante,NO,-38,0.14347119853560988
T2_E2_Elda,NO2,T1_E1_Alicante,NO,-37,0.17705822921632428
T2_E2_Elda,NO2,T1_E1_Alicante,NO,-36,0.17024893352535792
T2_E2_Elda,NO2,T1_E1_Alicante,NO,-35,0.12877377620905409
T2_E2_Elda,NO2,T1_E1_Alicante,NO,-34,0.07663073065799321
T2_E2_Elda,NO2,T1_E1_Alicante,NO,-33,0.026795980694067988
T2_E2_Elda,NO2,T1_E1_Alicante,NO,-32,-0.008949805490791092
T2_E2_Elda,NO2,T1_E1_Alicante,NO,-31,-0.029823244720221225
T2_E2_Elda,NO2,T1_E1_Alicante,NO,-30,-0.030531572948997446
T2_E2_Elda,NO2,T1_E1_Alicante,NO,-29,-0.010634069228080634
T2_E2_Elda,NO2,T1_E1_Alicante,NO,-28,0.0319242208766409
T2_E2_Elda,NO2,T1_E1_Alicante,NO,-27,0.0990368753168799
T2_E2_Elda,NO2,T1_E1_Alicante,NO,-26,0.18591652022858388
T2_E2_Elda,NO2,T1_E1_Alicante,NO,-25,0.2641864183689907
T2_E2_Elda,NO2,T1_E1_Alicante,NO,-24,0.2850937352050978
T2_E2_Elda,NO2,T1_E1_Alicante,NO,-23,0.22747559597280728
T2_E2_Elda,NO2,T1_E1_Alicante,NO,-22,0.13463963669396248
T2_E2_Elda,NO2,T1_E1_Alicante,NO,-21,0.055390207587477806
T2_E2_Elda,NO2,T1_E1_Alicante,NO,-20,0.010037726594491042
T2_E2_Elda,NO2,T1_E1_Alicante,NO,-19,-0.00908805954456893
T2_E2_Elda,NO2,T1_E1_Alicante,NO,-18,-0.003522902676454495
T2_E2_Elda,NO2,T1_E1_Alicante,NO,-17,0.027652501527564013
T2_E2_Elda,NO2,T1_E1_Alicante,NO,-16,0.08186262048871269
T2_E2_Elda,NO2,T1_E1_Alicante,NO,-15,0.14960243348298685
T2_E2_Elda,NO2,T1_E1_Alicante,NO,-14,0.21464743013601253
T2_E2_Elda,NO2,T1_E1_Alicante,NO,-13,0.2592118975258972
T2_E2_Elda,NO2,T1_E1_Alicante,NO,-12,0.2576011257509407
T2_E2_Elda,NO2,T1_E1_Alicante,NO,-11,0.21679043940396514
T2_E2_Elda,NO2,T1_E1_Alicante,NO,-10,0.15408627698284147
T2_E2_Elda,NO2,T1_E1_Alicante,NO,-9,0.09337596640324702
T2_E2_Elda,NO2,T1_E1_Alicante,NO,-8,0.04582836589237648
T2_E2_Elda,NO2,T1_E1_Alicante,NO,-7,0.014943143609865837
T2_E2_Elda,NO2,T1_E1_Alicante,NO,-6,0.00840972444515819
T2_E2_Elda,NO2,T1_E1_Alicante,NO,-5,0.03370172089470132
T2_E2_Elda,NO2,T1_E1_Alicante,NO,-4,0.09032531472762216
T2_E2_Elda,NO2,T1_E1_Alicante,NO,-3,0.17909245785557557
T2_E2_Elda,NO2,T1_E1_Alicante,NO,-2,0.29562874363045166
T2_E2_Elda,NO2,T1_E1_Alicante,NO,-1,0.4079343016264462
T2_E2_Elda,NO2,T1_E1_Alicante,NO,0,0.4480603672978205
T2_E2_Elda,NO2,T1_E1_Alicante,NO,1,0.3843934495539178
T2_E2_Elda,NO2,T1_E1_Alicante,NO,2,0.26141000242597595
T2_E2_Elda,NO2,T1_E1_Alicante,NO,3,0.14864062532409905
T2_E2_Elda,NO2,T1_E1_Alicante,NO,4,0.06928830129254436
T2_E2_Elda,NO2,T1_E1_Alicante,NO,5,0.027334663846452823
T2_E2_Elda,NO2,T1_E1_Alicante,NO,6,0.018010155126609178
T2_E2_Elda,NO2,T1_E1_Alicante,NO,7,0.04091004780581881
T2_E2_Elda,NO2,T1_E1_Alicante,NO,8,0.09387552669034357
T2_E2_Elda,NO2,T1_E1_Alicante,NO,9,0.1620056903554741
T2_E2_Elda,NO2,T1_E1_Alicante,NO,10,0.23153869953589978
T2_E2_Elda,NO2,T1_E1_Alicante,NO,11,0.2764087913529006
T2_E2_Elda,NO2,T1_E1_Alicante,NO,12,0.2685260561357918
T2_E2_Elda,NO2,T1_E1_Alicante,NO,13,0.2170240064951507
T2_E2_Elda,NO2,T1_E1_Alicante,NO,14,0.14550858862139823
T2_E2_Elda,NO2,T1_E1_Alicante,NO,15,0.07751129315146496
T2_E2_Elda,NO2,T1_E1_Alicante,NO,16,0.022862603411775564
T2_E2_Elda,NO2,T1_E1_Alicante,NO,17,-0.012464181280098366
T2_E2_Elda,NO2,T1_E1_Alicante,NO,18,-0.025483640282777723
T2_E2_Elda,NO2,T1_E1_Alicante,NO,19,-0.011592110253829774
T2_E2_Elda,NO2,T1_E1_Alicante,NO,20,0.028338790631446262
T2_E2_Elda,NO2,T1_E1_Alicante,NO,21,0.09424506115609171
T2_E2_Elda,NO2,T1_E1_Alicante,NO,22,0.17823035664482045
T2_E2_Elda,NO2,T1_E1_Alicante,NO,23,0.25331054964048405
T2_E2_Elda,NO2,T1_E1_Alicante,NO,24,0.2789561736103844
T2_E2_Elda,NO2,T1_E1_Alicante,NO,25,0.22793013163453824
T2_E2_Elda,NO2,T1_E1_Alicante,NO,26,0.13324217119212273
T2_E2_Elda,NO2,T1_E1_Alicante,NO,27,0.048664968177930014
T2_E2_Elda,NO2,T1_E1_Alicante,NO,28,-0.006143746971450103
T2_E2_Elda,NO2,T1_E1_Alicante,NO,29,-0.03211947500446125
T2_E2_Elda,NO2,T1_E1_Alicante,NO,30,-0.03521165396527618
T2_E2_Elda,NO2,T1_E1_Alicante,NO,31,-0.014421669141419556
T2_E2_Elda,NO2,T1_E1_Alicante,NO,32,0.028222719167696107
T2_E2_Elda,NO2,T1_E1_Alicante,NO,33,0.08492893721960028
T2_E2_Elda,NO2,T1_E1_Alicante,NO,34,0.14385922312254937
T2_E2_Elda,NO2,T1_E1_Alicante,NO,35,0.17959613492397583
T2_E2_Elda,NO2,T1_E1_Alicante,NO,36,0.17369511856093522
T2_E2_Elda,NO2,T1_E1_Alicante,NO,37,0.13395837699577579
T2_E2_Elda,NO2,T1_E1_Alicante,NO,38,0.07885723931569595
T2_E2_Elda,NO2,T1_E1_Alicante,NO,39,0.02540216821869511
T2_E2_Elda,NO2,T1_E1_Alicante,NO,40,-0.015765622804519486
T2_E2_Elda,NO2,T1_E1_Alicante,NO,41,-0.043430065055964376
T2_E2_Elda,NO2,T1_E1_Alicante,NO,42,-0.050726463737397004
T2_E2_Elda,NO2,T1_E1_Alicante,NO,43,-0.03682499369601517
T2_E2_Elda,NO2,T1_E1_Alicante,NO,44,-0.0019283323161341363
T2_E2_Elda,NO2,T1_E1_Alicante,NO,45,0.054894619128485526
T2_E2_Elda,NO2,T1_E1_Alicante,NO,46,0.125600707754423
T2_E2_Elda,NO2,T1_E1_Alicante,NO,47,0.18980541009528695
T2_E2_Elda,NO2,T1_E1_Alicante,NO,48,0.20716335681371614
T2_E2_Elda,NO2,T1_E1_Alicante,NO,49,0.16124346972190726
T2_E2_Elda,NO2,T1_E1_Alicante,NO,50,0.08565854777213938
T2_E2_Elda,NO2,T1_E1_Alicante,NO,51,0.019068396543213656
T2_E2_Elda,NO2,T1_E1_Alicante,NO,52,-0.021211347882340033
T2_E2_Elda,NO2,T1_E1_Alicante,NO,53,-0.039558984534240865
T2_E2_Elda,NO2,T1_E1_Alicante,NO,54,-0.03658382930822087
T2_E2_Elda,NO2,T1_E1_Alicante,NO,55,-0.013372992224456554
T2_E2_Elda,NO2,T1_E1_Alicante,NO,56,0.027645353667522108
T2_E2_Elda,NO2,T1_E1_Alicante,NO,57,0.07921238279211189
T2_E2_Elda,NO2,T1_E1_Alicante,NO,58,0.12553949984009283
T2_E2_Elda,NO2,T1_E1_Alicante,NO,59,0.15036907338771238
T2_E2_Elda,NO2,T1_E1_Alicante,NO,60,0.13815675764447655
T2_E2_Elda,NO2,T1_E1_Alicante,NO,61,0.1034478007473537
T2_E2_Elda,NO2,T1_E1_Alicante,NO,62,0.05854733020208512
T2_E2_Elda,NO2,T1_E1_Alicante,NO,63,0.014646197825174644
T2_E2_Elda,NO2,T1_E1_Alicante,NO,64,-0.02000309421530986
T2_E2_Elda,NO2,T1_E1_Alicante,NO,65,-0.04547214199939607
T2_E2_Elda,NO2,T1_E1_Alicante,NO,66,-0.05379769848513046
T2_E2_Elda,NO2,T1_E1_Alicante,NO,67,-0.04354026561887698
T2_E2_Elda,NO2,T1_E1_Alicante,NO,68,-0.012326240709199195
T2_E2_Elda,NO2,T1_E1_Alicante,NO,69,0.038594648918821334
T2_E2_Elda,NO2,T1_E1_Alicante,NO,70,0.10021707025802681
T2_E2_Elda,NO2,T1_E1_Alicante,NO,71,0.150409455925726
T2_E2_Elda,NO2,T1_E1_Alicante,NO,72,0.16119793088415993
T2_E2_Elda,NO2,T1_E1_Alicante,NO2,-72,0.24943837585131717
T2_E2_Elda,NO2,T1_E1_Alicante,NO2,-71,0.19427871684175502
T2_E2_Elda,NO2,T1_E1_Alicante,NO2,-70,0.10794596632377938
T2_E2_Elda,NO2,T1_E1_Alicante,NO2,-69,0.027591430357833284
T2_E2_Elda,NO2,T1_E1_Alicante,NO2,-68,-0.03075562090831173
T2_E2_Elda,NO2,T1_E1_Alicante,NO2,-67,-0.060829256973608525
T2_E2_Elda,NO2,T1_E1_Alicante,NO2,-66,-0.06352995422997748
T2_E2_Elda,NO2,T1_E1_Alicante,NO2,-65,-0.04157894358946748
T2_E2_Elda,NO2,T1_E1_Alicante,NO2,-64,0.0038135717624853604
T2_E2_Elda,NO2,T1_E1_Alicante,NO2,-63,0.0648453885828702
T2_E2_Elda,NO2,T1_E1_Alicante,NO2,-62,0.12498713109176567
T2_E2_Elda,NO2,T1_E1_Alicante,NO2,-61,0.1610123819461448
T2_E2_Elda,NO2,T1_E1_Alicante,NO2,-60,0.15788285983112121
T2_E2_Elda,NO2,T1_E1_Alicante,NO2,-59,0.1208839604341745
T2_E2_Elda,NO2,T1_E1_Alicante,NO2,-58,0.06437000480357619
T2_E2_Elda,NO2,T1_E1_Alicante,NO2,-57,0.005079023770846894
T2_E2_Elda,NO2,T1_E1_Alicante,NO2,-56,-0.04178427065120188
T2_E2_Elda,NO2,T1_E1_Alicante,NO2,-55,-0.07086261534357587
T2_E2_Elda,NO2,T1_E1_Alicante,NO2,-54,-0.07320715468738367
T2_E2_Elda,NO2,T1_E1_Alicante,NO2,-53,-0.04609181678326351
T2_E2_Elda,NO2,T1_E1_Alicante,NO2,-52,0.013845934276433748
T2_E2_Elda,NO2,T1_E1_Alicante,NO2,-51,0.10343448678478347
T2_E2_Elda,NO2,T1_E1_Alicante,NO2,-50,0.20685189672223267
T2_E2_Elda,NO2,T1_E1_Alicante,NO2,-49,0.2806965113806529
T2_E2_Elda,NO2,T1_E1_Alicante,NO2,-48,0.288052893886251
T2_E2_Elda,NO2,T1_E1_Alicante,NO2,-47,0.22564320331089813
T2_E2_Elda,NO2,T1_E1_Alicante,NO2,-46,0.12816860196630955
T2_E2_Elda,NO2,T1_E1_Alicante,NO2,-45,0.03934505948733338
T2_E2_Elda,NO2,T1_E1_Alicante,NO2,-44,-0.022478895164112982
T2_E2_Elda,NO2,T1_E1_Alicante,NO2,-43,-0.05508570931299946
T2_E2_Elda,NO2,T1_E1_Alicante,NO2,-42,-0.06013941323300686
T2_E2_Elda,NO2,T1_E1_Alicante,NO2,-41,-0.03532267914041973
T2_E2_Elda,NO2,T1_E1_Alicante,NO2,-40,0.013569301570587451
T2_E2_Elda,NO2,T1_E1_Alicante,NO2,-39,0.07457439169740872
T2_E2_Elda,NO2,T1_E1_Alicante,NO2,-38,0.13287897683601685
T2_E2_Elda,NO2,T1_E1_Alicante,NO2,-37,0.1706202591044057
T2_E2_Elda,NO2,T1_E1_Alicante,NO2,-36,0.17187057516572946
T2_E2_Elda,NO2,T1_E1_Alicante,NO2,-35,0.1366414802554526
T2_E2_Elda,NO2,T1_E1_Alicante,NO2,-34,0.08163769422211274
T2_E2_Elda,NO2,T1_E1_Alicante,NO2,-33,0.021640131273188874
T2_E2_Elda,NO2,T1_E1_Alicante,NO2,-32,-0.02719402142542967
T2_E2_Elda,NO2,T1_E1_Alicante,NO2,-31,-0.0545522546985486
T2_E2_Elda,NO2,T1_E1_Alicante,NO2,-30,-0.053809562622717654
T2_E2_Elda,NO2,T1_E1_Alicante,NO2,-29,-0.01967129460021441
T2_E2_Elda,NO2,T1_E1_Alicante,NO2,-28,0.05123710243512013
T2_E2_Elda,NO2,T1_E1_Alicante,NO2,-27,0.15611055556528788
T2_E2_Elda,NO2,T1_E1_Alicante,NO2,-26,0.27608329352861843
T2_E2_Elda,NO2,T1_E1_Alicante,NO2,-25,0.36790472415415076
T2_E2_Elda,NO2,T1_E1_Alicante,NO2,-24,0.38329849358133866
T2_E2_Elda,NO2,T1_E1_Alicante,NO2,-23,0.31353262718241204
T2_E2_Elda,NO2,T1_E1_Alicante,NO2,-22,0.20371518637535774
T2_E2_Elda,NO2,T1_E1_Alicante,NO2,-21,0.10206517940350233
T2_E2_Elda,NO2,T1_E1_Alicante,NO2,-20,0.030970677953187902
T2_E2_Elda,NO2,T1_E1_Alicante,NO2,-19,-0.0056121063475682
T2_E2_Elda,NO2,T1_E1_Alicante,NO2,-18,-0.007269459666597576
T2_E2_Elda,NO2,T1_E1_Alicante,NO2,-17,0.02138571029444136
T2_E2_Elda,NO2,T1_E1_Alicante,NO2,-16,0.07634613857567901
T2_E2_Elda,NO2,T1_E1_Alicante,NO2,-15,0.1482917754646835
T2_E2_Elda,NO2,T1_E1_Alicante,NO2,-14,0.2183884199787131
T2_E2_Elda,NO2,T1_E1_Alicante,NO2,-13,0.26459619523479866
T2_E2_Elda,NO2,T1_E1_Alicante,NO2,-12,0.27002214919149675
T2_E2_Elda,NO2,T1_E1_Alicante,NO2,-11,0.23373617535412494
T2_E2_Elda,NO2,T1_E1_Alicante,NO2,-10,0.17099638516724086
T2_E2_Elda,NO2,T1_E1_Alicante,NO2,-9,0.10522376220466911
T2_E2_Elda,NO2,T1_E1_Alicante,NO2,-8,0.05210406392279776
T2_E2_Elda,NO2,T1_E1_Alicante,NO2,-7,0.021317407761963298
T2_E2_Elda,NO2,T1_E1_Alicante,NO2,-6,0.024681368265016528
T2_E2_Elda,NO2,T1_E1_Alicante,NO2,-5,0.07070685194809195
T2_E2_Elda,NO2,T1_E1_Alicante,NO2,-4,0.16302417009476633
T2_E2_Elda,NO2,T1_E1_Alicante,NO2,-3,0.298154807999183
T2_E2_Elda,NO2,T1_E1_Alicante,NO2,-2,0.4495325688534457
T2_E2_Elda,NO2,T1_E1_Alicante,NO2,-1,0.5644108816084701
T2_E2_Elda,NO2,T1_E1_Alicante,NO2,0,0.5824304604452749
T2_E2_Elda,NO2,T1_E1_Alicante,NO2,1,0.4954929871558997
T2_E2_Elda,NO2,T1_E1_Alicante,NO2,2,0.3533548320190654
T2_E2_Elda,NO2,T1_E1_Alicante,NO2,3,0.2194355820093215
T2_E2_Elda,NO2,T1_E1_Alicante,NO2,4,0.11975584713481763
T2_E2_Elda,NO2,T1_E1_Alicante,NO2,5,0.06182540237826652
T2_E2_Elda,NO2,T1_E1_Alicante,NO2,6,0.04446031899050428
T2_E2_Elda,NO2,T1_E1_Alicante,NO2,7,0.0633927762101591
T2_E2_Elda,NO2,T1_E1_Alicante,NO2,8,0.11303560410932274
T2_E2_Elda,NO2,T1_E1_Alicante,NO2,9,0.17866540853646137
T2_E2_Elda,NO2,T1_E1_Alicante,NO2,10,0.24420187795927575
T2_E2_Elda,NO2,T1_E1_Alicante,NO2,11,0.28353894713072386
T2_E2_Elda,NO2,T1_E1_Alicante,NO2,12,0.27989735825408796
T2_E2_Elda,NO2,T1_E1_Alicante,NO2,13,0.23628836193688288
T2_E2_Elda,NO2,T1_E1_Alicante,NO2,14,0.16833906533428053
T2_E2_Elda,NO2,T1_E1_Alicante,NO2,15,0.09630930674179712
T2_E2_Elda,NO2,T1_E1_Alicante,NO2,16,0.034621909578638824
T2_E2_Elda,NO2,T1_E1_Alicante,NO2,17,-0.004435932856624279
T2_E2_Elda,NO2,T1_E1_Alicante,NO2,18,-0.013052673260472616
T2_E2_Elda,NO2,T1_E1_Alicante,NO2,19,0.01395378391568235
T2_E2_Elda,NO2,T1_E1_Alicante,NO2,20,0.07879077326209485
T2_E2_Elda,NO2,T1_E1_Alicante,NO2,21,0.17820600685716523
T2_E2_Elda,NO2,T1_E1_Alicante,NO2,22,0.2907220438120338
T2_E2_Elda,NO2,T1_E1_Alicante,NO2,23,0.3749718898066617
T2_E2_Elda,NO2,T1_E1_Alicante,NO2,24,0.38530863465339177
T2_E2_Elda,NO2,T1_E1_Alicante,NO2,25,0.3125437303013025
T2_E2_Elda,NO2,T1_E1_Alicante,NO2,26,0.19626393528860825
T2_E2_Elda,NO2,T1_E1_Alicante,NO2,27,0.08839129093123872
T2_E2_Elda,NO2,T1_E1_Alicante,NO2,28,0.012547984163201641
T2_E2_Elda,NO2,T1_E1_Alicante,NO2,29,-0.027308718293588555
T2_E2_Elda,NO2,T1_E1_Alicante,NO2,30,-0.03628841252770831
T2_E2_Elda,NO2,T1_E1_Alicante,NO2,31,-0.016404671401099566
T2_E2_Elda,NO2,T1_E1_Alicante,NO2,32,0.02769850914726247
T2_E2_Elda,NO2,T1_E1_Alicante,NO2,33,0.08559297569041564
T2_E2_Elda,NO2,T1_E1_Alicante,NO2,34,0.14106738061562
T2_E2_Elda,NO2,T1_E1_Alicante,NO2,35,0.17715349693325472
T2_E2_Elda,NO2,T1_E1_Alicante,NO2,36,0.17754297999574187
T2_E2_Elda,NO2,T1_E1_Alicante,NO2,37,0.1431241367847247
T2_E2_Elda,NO2,T1_E1_Alicante,NO2,38,0.0868991749766914
T2_E2_Elda,NO2,T1_E1_Alicante,NO2,39,0.025405509235884225
T2_E2_Elda,NO2,T1_E1_Alicante,NO2,40,-0.024210720892280695
T2_E2_Elda,NO2,T1_E1_Alicante,NO2,41,-0.055521100695042166
T2_E2_Elda,NO2,T1_E1_Alicante,NO2,42,-0.06021163331987404
T2_E2_Elda,NO2,T1_E1_Alicante,NO2,43,-0.0376754424940582
T2_E2_Elda,NO2,T1_E1_Alicante,NO2,44,0.015025933569900382
T2_E2_Elda,NO2,T1_E1_Alicante,NO2,45,0.09667219766288183
T2_E2_Elda,NO2,T1_E1_Alicante,NO2,46,0.19338305966815936
T2_E2_Elda,NO2,T1_E1_Alicante,NO2,47,0.2700405753355663
T2_E2_Elda,NO2,T1_E1_Alicante,NO2,48,0.28007967986035054
T2_E2_Elda,NO2,T1_E1_Alicante,NO2,49,0.22029756764550937
T2_E2_Elda,NO2,T1_E1_Alicante,NO2,50,0.12424436284265493
T2_E2_Elda,NO2,T1_E1_Alicante,NO2,51,0.037115464339613054
T2_E2_Elda,NO2,T1_E1_Alicante,NO2,52,-0.022621315345387222
T2_E2_Elda,NO2,T1_E1_Alicante,NO2,53,-0.052160235646302844
T2_E2_Elda,NO2,T1_E1_Alicante,NO2,54,-0.05474731619536888
T2_E2_Elda,NO2,T1_E1_Alicante,NO2,55,-0.030834614268202613
T2_E2_Elda,NO2,T1_E1_Alicante,NO2,56,0.015003893838691907
T2_E2_Elda,NO2,T1_E1_Alicante,NO2,57,0.07286323161889362
T2_E2_Elda,NO2,T1_E1_Alicante,NO2,58,0.12772887993313944
T2_E2_Elda,NO2,T1_E1_Alicante,NO2,59,0.15840833924260037
T2_E2_Elda,NO2,T1_E1_Alicante,NO2,60,0.15213726202882352
T2_E2_Elda,NO2,T1_E1_Alicante,NO2,61,0.11621450443005353
T2_E2_Elda,NO2,T1_E1_Alicante,NO2,62,0.0645579509216903
T2_E2_Elda,NO2,T1_E1_Alicante,NO2,63,0.008190784435596765
T2_E2_Elda,NO2,T1_E1_Alicante,NO2,64,-0.03795171727439509
T2_E2_Elda,NO2,T1_E1_Alicante,NO2,65,-0.06631681333366582
T2_E2_Elda,NO2,T1_E1_Alicante,NO2,66,-0.07125620442713286
T2_E2_Elda,NO2,T1_E1_Alicante,NO2,67,-0.04932176333406911
T2_E2_Elda,NO2,T1_E1_Alicante,NO2,68,0.0033940752796253245
T2_E2_Elda,NO2,T1_E1_Alicante,NO2,69,0.08630418680811891
T2_E2_Elda,NO2,T1_E1_Alicante,NO2,70,0.17966453048877892
T2_E2_Elda,NO2,T1_E1_Alicante,NO2,71,0.24639330113561703
T2_E2_Elda,NO2,T1_E1_Alicante,NO2,72,0.2518198200866479
T2_E2_Elda,NO2,T1_E1_Alicante,O3,-72,-0.22621199421058283
T2_E2_Elda,NO2,T1_E1_Alicante,O3,-71,-0.18198929658567845
T2_E2_Elda,NO2,T1_E1_Alicante,O3,-70,-0.11615460877723538
T2_E2_Elda,NO2,T1_E1_Alicante,O3,-69,-0.053899370457325235
T2_E2_Elda,NO2,T1_E1_Alicante,O3,-68,-0.007532289949796817
T2_E2_Elda,NO2,T1_E1_Alicante,O3,-67,0.02076216522427741
T2_E2_Elda,NO2,T1_E1_Alicante,O3,-66,0.034163889746720036
T2_E2_Elda,NO2,T1_E1_Alicante,O3,-65,0.03391371536444942
T2_E2_Elda,NO2,T1_E1_Alicante,O3,-64,0.020257936063657795
T2_E2_Elda,NO2,T1_E1_Alicante,O3,-63,-0.0029893336818810835
T2_E2_Elda,NO2,T1_E1_Alicante,O3,-62,-0.028485131939817103
T2_E2_Elda,NO2,T1_E1_Alicante,O3,-61,-0.04712088143110363
T2_E2_Elda,NO2,T1_E1_Alicante,O3,-60,-0.0518183949581775
T2_E2_Elda,NO2,T1_E1_Alicante,O3,-59,-0.04533320647308705
T2_E2_Elda,NO2,T1_E1_Alicante,O3,-58,-0.03170907321751541
T2_E2_Elda,NO2,T1_E1_Alicante,O3,-57,-0.016825129196128344
T2_E2_Elda,NO2,T1_E1_Alicante,O3,-56,-0.00848860774277754
T2_E2_Elda,NO2,T1_E1_Alicante,O3,-55,-0.009926258923207313
T2_E2_Elda,NO2,T1_E1_Alicante,O3,-54,-0.02485488252082106
T2_E2_Elda,NO2,T1_E1_Alicante,O3,-53,-0.055479931970320494
T2_E2_Elda,NO2,T1_E1_Alicante,O3,-52,-0.101432156428429
T2_E2_Elda,NO2,T1_E1_Alicante,O3,-51,-0.15868503223393055
T2_E2_Elda,NO2,T1_E1_Alicante,O3,-50,-0.21742119996111242
T2_E2_Elda,NO2,T1_E1_Alicante,O3,-49,-0.25533243991211513
T2_E2_Elda,NO2,T1_E1_Alicante,O3,-48,-0.2497881038056689
T2_E2_Elda,NO2,T1_E1_Alicante,O3,-47,-0.20041251507033292
T2_E2_Elda,NO2,T1_E1_Alicante,O3,-46,-0.12893373645521825
T2_E2_Elda,NO2,T1_E1_Alicante,O3,-45,-0.06230487574145622
T2_E2_Elda,NO2,T1_E1_Alicante,O3,-44,-0.013439914049623398
T2_E2_Elda,NO2,T1_E1_Alicante,O3,-43,0.01681979087177829
T2_E2_Elda,NO2,T1_E1_Alicante,O3,-42,0.030380829495663418
T2_E2_Elda,NO2,T1_E1_Alicante,O3,-41,0.028502833276834713
T2_E2_Elda,NO2,T1_E1_Alicante,O3,-40,0.014135580426720461
T2_E2_Elda,NO2,T1_E1_Alicante,O3,-39,-0.00988227295886994
T2_E2_Elda,NO2,T1_E1_Alicante,O3,-38,-0.035203338422932925
T2_E2_Elda,NO2,T1_E1_Alicante,O3,-37,-0.05298158084375125
T2_E2_Elda,NO2,T1_E1_Alicante,O3,-36,-0.05767454350354433
T2_E2_Elda,NO2,T1_E1_Alicante,O3,-35,-0.050565913367922516
T2_E2_Elda,NO2,T1_E1_Alicante,O3,-34,-0.03646330553050651
T2_E2_Elda,NO2,T1_E1_Alicante,O3,-33,-0.020915414210372216
T2_E2_Elda,NO2,T1_E1_Alicante,O3,-32,-0.011867192427333093
T2_E2_Elda,NO2,T1_E1_Alicante,O3,-31,-0.015200035889450736
T2_E2_Elda,NO2,T1_E1_Alicante,O3,-30,-0.03316350436923361
T2_E2_Elda,NO2,T1_E1_Alicante,O3,-29,-0.06766653924013359
T2_E2_Elda,NO2,T1_E1_Alicante,O3,-28,-0.1205959819027651
T2_E2_Elda,NO2,T1_E1_Alicante,O3,-27,-0.18816298121119493
T2_E2_Elda,NO2,T1_E1_Alicante,O3,-26,-0.25832411856868015
T2_E2_Elda,NO2,T1_E1_Alicante,O3,-25,-0.30516894609913564
T2_E2_Elda,NO2,T1_E1_Alicante,O3,-24,-0.3026579455385711
T2_E2_Elda,NO2,T1_E1_Alicante,O3,-23,-0.25082578119954424
T2_E2_Elda,NO2,T1_E1_Alicante,O3,-22,-0.17590299184020117
T2_E2_Elda,NO2,T1_E1_Alicante,O3,-21,-0.10541853397540046
T2_E2_Elda,NO2,T1_E1_Alicante,O3,-20,-0.05379591248792988
T2_E2_Elda,NO2,T1_E1_Alicante,O3,-19,-0.02229447708709264
T2_E2_Elda,NO2,T1_E1_Alicante,O3,-18,-0.009599128714823593
T2_E2_Elda,NO2,T1_E1_Alicante,O3,-17,-0.013077593459314156
T2_E2_Elda,NO2,T1_E1_Alicante,O3,-16,-0.030445821964512083
T2_E2_Elda,NO2,T1_E1_Alicante,O3,-15,-0.05796481149525538
T2_E2_Elda,NO2,T1_E1_Alicante,O3,-14,-0.08668649202033604
T2_E2_Elda,NO2,T1_E1_Alicante,O3,-13,-0.10720603168269639
T2_E2_Elda,NO2,T1_E1_Alicante,O3,-12,-0.11401516281333599
T2_E2_Elda,NO2,T1_E1_Alicante,O3,-11,-0.10612189443054913
T2_E2_Elda,NO2,T1_E1_Alicante,O3,-10,-0.08942826365763035
T2_E2_Elda,NO2,T1_E1_Alicante,O3,-9,-0.07370337392214715
T2_E2_Elda,NO2,T1_E1_Alicante,O3,-8,-0.0678236058593433
T2_E2_Elda,NO2,T1_E1_Alicante,O3,-7,-0.07403173533116635
T2_E2_Elda,NO2,T1_E1_Alicante,O3,-6,-0.09527314468985223
T2_E2_Elda,NO2,T1_E1_Alicante,O3,-5,-0.1360542471207009
T2_E2_Elda,NO2,T1_E1_Alicante,O3,-4,-0.1989441397324084
T2_E2_Elda,NO2,T1_E1_Alicante,O3,-3,-0.280043042742195
T2_E2_Elda,NO2,T1_E1_Alicante,O3,-2,-0.3641561734361887
T2_E2_Elda,NO2,T1_E1_Alicante,O3,-1,-0.4208391318099651
T2_E2_Elda,NO2,T1_E1_Alicante,O3,0,-0.4199849225813162
T2_E2_Elda,NO2,T1_E1_Alicante,O3,1,-0.35941334479797715
T2_E2_Elda,NO2,T1_E1_Alicante,O3,2,-0.27091707820994143
T2_E2_Elda,NO2,T1_E1_Alicante,O3,3,-0.18518844222461997
T2_E2_Elda,NO2,T1_E1_Alicante,O3,4,-0.11858705449765433
T2_E2_Elda,NO2,T1_E1_Alicante,O3,5,-0.07385852888894194
T2_E2_Elda,NO2,T1_E1_Alicante,O3,6,-0.04998485550685378
T2_E2_Elda,NO2,T1_E1_Alicante,O3,7,-0.04446409373616131
T2_E2_Elda,NO2,T1_E1_Alicante,O3,8,-0.05425785836924031
T2_E2_Elda,NO2,T1_E1_Alicante,O3,9,-0.07347955352312635
T2_E2_Elda,NO2,T1_E1_Alicante,O3,10,-0.09416485130808819
T2_E2_Elda,NO2,T1_E1_Alicante,O3,11,-0.10705611188941934
T2_E2_Elda,NO2,T1_E1_Alicante,O3,12,-0.10482266789411533
T2_E2_Elda,NO2,T1_E1_Alicante,O3,13,-0.08997018303840254
T2_E2_Elda,NO2,T1_E1_Alicante,O3,14,-0.0680099698494849
T2_E2_Elda,NO2,T1_E1_Alicante,O3,15,-0.04675894827727247
T2_E2_Elda,NO2,T1_E1_Alicante,O3,16,-0.03337482234468733
T2_E2_Elda,NO2,T1_E1_Alicante,O3,17,-0.031099901339440267
T2_E2_Elda,NO2,T1_E1_Alicante,O3,18,-0.04360795506672823
T2_E2_Elda,NO2,T1_E1_Alicante,O3,19,-0.07335823748704427
T2_E2_Elda,NO2,T1_E1_Alicante,O3,20,-0.12128804994779542
T2_E2_Elda,NO2,T1_E1_Alicante,O3,21,-0.18438040767411368
T2_E2_Elda,NO2,T1_E1_Alicante,O3,22,-0.24804175914999765
T2_E2_Elda,NO2,T1_E1_Alicante,O3,23,-0.2896633181932698
T2_E2_Elda,NO2,T1_E1_Alicante,O3,24,-0.2839484536510102
T2_E2_Elda,NO2,T1_E1_Alicante,O3,25,-0.2288405472234167
T2_E2_Elda,NO2,T1_E1_Alicante,O3,26,-0.15018405010982186
T2_E2_Elda,NO2,T1_E1_Alicante,O3,27,-0.07619483698854798
T2_E2_Elda,NO2,T1_E1_Alicante,O3,28,-0.022289859463217866
T2_E2_Elda,NO2,T1_E1_Alicante,O3,29,0.011157541973041056
T2_E2_Elda,NO2,T1_E1_Alicante,O3,30,0.028033933940152425
T2_E2_Elda,NO2,T1_E1_Alicante,O3,31,0.02990251523256527
T2_E2_Elda,NO2,T1_E1_Alicante,O3,32,0.019379850361243678
T2_E2_Elda,NO2,T1_E1_Alicante,O3,33,-0.00038568884955716
T2_E2_Elda,NO2,T1_E1_Alicante,O3,34,-0.021596916032835922
T2_E2_Elda,NO2,T1_E1_Alicante,O3,35,-0.03687404761062328
T2_E2_Elda,NO2,T1_E1_Alicante,O3,36,-0.04040093609511903
T2_E2_Elda,NO2,T1_E1_Alicante,O3,37,-0.030943048215587066
T2_E2_Elda,NO2,T1_E1_Alicante,O3,38,-0.01512117791884169
T2_E2_Elda,NO2,T1_E1_Alicante,O3,39,0.0011243256360360366
T2_E2_Elda,NO2,T1_E1_Alicante,O3,40,0.009911606664659477
T2_E2_Elda,NO2,T1_E1_Alicante,O3,41,0.0068274754800945045
T2_E2_Elda,NO2,T1_E1_Alicante,O3,42,-0.01033135330179759
T2_E2_Elda,NO2,T1_E1_Alicante,O3,43,-0.040128967359008554
T2_E2_Elda,NO2,T1_E1_Alicante,O3,44,-0.08394623467736849
T2_E2_Elda,NO2,T1_E1_Alicante,O3,45,-0.1396871674990698
T2_E2_Elda,NO2,T1_E1_Alicante,O3,46,-0.1957655339639972
T2_E2_Elda,NO2,T1_E1_Alicante,O3,47,-0.23351294191267066
T2_E2_Elda,NO2,T1_E1_Alicante,O3,48,-0.2297977507741424
T2_E2_Elda,NO2,T1_E1_Alicante,O3,49,-0.18248516403387946
T2_E2_Elda,NO2,T1_E1_Alicante,O3,50,-0.11247528812337022
T2_E2_Elda,NO2,T1_E1_Alicante,O3,51,-0.04854179042033906
T2_E2_Elda,NO2,T1_E1_Alicante,O3,52,-0.00292970315271631
T2_E2_Elda,NO2,T1_E1_Alicante,O3,53,0.025105907601586513
T2_E2_Elda,NO2,T1_E1_Alicante,O3,54,0.03768187505276705
T2_E2_Elda,NO2,T1_E1_Alicante,O3,55,0.03610301083774468
T2_E2_Elda,NO2,T1_E1_Alicante,O3,56,0.021623494069046012
T2_E2_Elda,NO2,T1_E1_Alicante,O3,57,-0.0008226015309386079
T2_E2_Elda,NO2,T1_E1_Alicante,O3,58,-0.02481916916634849
T2_E2_Elda,NO2,T1_E1_Alicante,O3,59,-0.0407460861475705
T2_E2_Elda,NO2,T1_E1_Alicante,O3,60,-0.043362009531955306
T2_E2_Elda,NO2,T1_E1_Alicante,O3,61,-0.03430812701103445
T2_E2_Elda,NO2,T1_E1_Alicante,O3,62,-0.020246465478049935
T2_E2_Elda,NO2,T1_E1_Alicante,O3,63,-0.005831009798012663
T2_E2_Elda,NO2,T1_E1_Alicante,O3,64,0.0013342223138706208
T2_E2_Elda,NO2,T1_E1_Alicante,O3,65,-0.0008516803615458418
T2_E2_Elda,NO2,T1_E1_Alicante,O3,66,-0.014777737406216152
T2_E2_Elda,NO2,T1_E1_Alicante,O3,67,-0.042980448575180887
T2_E2_Elda,NO2,T1_E1_Alicante,O3,68,-0.0865605781698822
T2_E2_Elda,NO2,T1_E1_Alicante,O3,69,-0.14259471559261316
T2_E2_Elda,NO2,T1_E1_Alicante,O3,70,-0.19928013911932063
T2_E2_Elda,NO2,T1_E1_Alicante,O3,71,-0.23400408694537111
T2_E2_Elda,NO2,T1_E1_Alicante,O3,72,-0.22744897948124074
T2_E2_Elda,NO2,T2_E1_Elche,NO,-72,0.15694777421637157
T2_E2_Elda,NO2,T2_E1_Elche,NO,-71,0.1178729404156475
T2_E2_Elda,NO2,T2_E1_Elche,NO,-70,0.06565998257170608
T2_E2_Elda,NO2,T2_E1_Elche,NO,-69,0.017279614758282935
T2_E2_Elda,NO2,T2_E1_Elche,NO,-68,-0.01846659041380582
T2_E2_Elda,NO2,T2_E1_Elche,NO,-67,-0.033208531524585694
T2_E2_Elda,NO2,T2_E1_Elche,NO,-66,-0.028446178285020197
T2_E2_Elda,NO2,T2_E1_Elche,NO,-65,-0.008534261536185748
T2_E2_Elda,NO2,T2_E1_Elche,NO,-64,0.027738172078290355
T2_E2_Elda,NO2,T2_E1_Elche,NO,-63,0.0755499616406263
T2_E2_Elda,NO2,T2_E1_Elche,NO,-62,0.1186762594624198
T2_E2_Elda,NO2,T2_E1_Elche,NO,-61,0.1377808888246916
T2_E2_Elda,NO2,T2_E1_Elche,NO,-60,0.12176771778466473
T2_E2_Elda,NO2,T2_E1_Elche,NO,-59,0.0823771308756242
T2_E2_Elda,NO2,T2_E1_Elche,NO,-58,0.03694753678363451
T2_E2_Elda,NO2,T2_E1_Elche,NO,-57,-0.0035942622529825355
T2_E2_Elda,NO2,T2_E1_Elche,NO,-56,-0.028338100565996956
T2_E2_Elda,NO2,T2_E1_Elche,NO,-55,-0.03786861528273455
T2_E2_Elda,NO2,T2_E1_Elche,NO,-54,-0.0280038122040457
T2_E2_Elda,NO2,T2_E1_Elche,NO,-53,0.0006075466060657752
T2_E2_Elda,NO2,T2_E1_Elche,NO,-52,0.04731777275792681
T2_E2_Elda,NO2,T2_E1_Elche,NO,-51,0.10414683030605774
T2_E2_Elda,NO2,T2_E1_Elche,NO,-50,0.15675760790862048
T2_E2_Elda,NO2,T2_E1_Elche,NO,-49,0.1855904772978393
T2_E2_Elda,NO2,T2_E1_Elche,NO,-48,0.1757867375888382
T2_E2_Elda,NO2,T2_E1_Elche,NO,-47,0.13958016378174057
T2_E2_Elda,NO2,T2_E1_Elche,NO,-46,0.08180582632137512
T2_E2_Elda,NO2,T2_E1_Elche,NO,-45,0.025719895856895936
T2_E2_Elda,NO2,T2_E1_Elche,NO,-44,-0.010833580266275936
T2_E2_Elda,NO2,T2_E1_Elche,NO,-43,-0.03162290069971845
T2_E2_Elda,NO2,T2_E1_Elche,NO,-42,-0.03324700172892981
T2_E2_Elda,NO2,T2_E1_Elche,NO,-41,-0.01533144648862932
T2_E2_Elda,NO2,T2_E1_Elche,NO,-40,0.022424793578526156
T2_E2_Elda,NO2,T2_E1_Elche,NO,-39,0.07398993060212745
T2_E2_Elda,NO2,T2_E1_Elche,NO,-38,0.11931553974339573
T2_E2_Elda,NO2,T2_E1_Elche,NO,-37,0.14364608031043422
T2_E2_Elda,NO2,T2_E1_Elche,NO,-36,0.13772348165343087
T2_E2_Elda,NO2,T2_E1_Elche,NO,-35,0.09894148402899769
T2_E2_Elda,NO2,T2_E1_Elche,NO,-34,0.04744555028104297
T2_E2_Elda,NO2,T2_E1_Elche,NO,-33,0.00440884406298646
T2_E2_Elda,NO2,T2_E1_Elche,NO,-32,-0.02029606892344191
T2_E2_Elda,NO2,T2_E1_Elche,NO,-31,-0.030129011019311217
T2_E2_Elda,NO2,T2_E1_Elche,NO,-30,-0.02477623405834346
T2_E2_Elda,NO2,T2_E1_Elche,NO,-29,-0.003256060510373866
T2_E2_Elda,NO2,T2_E1_Elche,NO,-28,0.036635713840993636
T2_E2_Elda,NO2,T2_E1_Elche,NO,-27,0.09329833980823393
T2_E2_Elda,NO2,T2_E1_Elche,NO,-26,0.15575015046528717
T2_E2_Elda,NO2,T2_E1_Elche,NO,-25,0.20294624836416408
T2_E2_Elda,NO2,T2_E1_Elche,NO,-24,0.2077291853251037
T2_E2_Elda,NO2,T2_E1_Elche,NO,-23,0.16992272415010032
T2_E2_Elda,NO2,T2_E1_Elche,NO,-22,0.10517154233036209
T2_E2_Elda,NO2,T2_E1_Elche,NO,-21,0.04580176607820441
T2_E2_Elda,NO2,T2_E1_Elche,NO,-20,0.006690026872653538
T2_E2_Elda,NO2,T2_E1_Elche,NO,-19,-0.014133346540091045
T2_E2_Elda,NO2,T2_E1_Elche,NO,-18,-0.01388739639392919
T2_E2_Elda,NO2,T2_E1_Elche,NO,-17,0.010098949708906164
T2_E2_Elda,NO2,T2_E1_Elche,NO,-16,0.057509684291498955
T2_E2_Elda,NO2,T2_E1_Elche,NO,-15,0.1182637902279351
T2_E2_Elda,NO2,T2_E1_Elche,NO,-14,0.18281998171274827
T2_E2_Elda,NO2,T2_E1_Elche,NO,-13,0.22100374284864788
T2_E2_Elda,NO2,T2_E1_Elche,NO,-12,0.21131780748641485
T2_E2_Elda,NO2,T2_E1_Elche,NO,-11,0.15878005496165892
T2_E2_Elda,NO2,T2_E1_Elche,NO,-10,0.09194144129110961
T2_E2_Elda,NO2,T2_E1_Elche,NO,-9,0.04595799352588049
T2_E2_Elda,NO2,T2_E1_Elche,NO,-8,0.02001733475500275
T2_E2_Elda,NO2,T2_E1_Elche,NO,-7,0.006487161179894075
T2_E2_Elda,NO2,T2_E1_Elche,NO,-6,0.009654538032998908
T2_E2_Elda,NO2,T2_E1_Elche,NO,-5,0.03926099388046268
T2_E2_Elda,NO2,T2_E1_Elche,NO,-4,0.10489700949983492
T2_E2_Elda,NO2,T2_E1_Elche,NO,-3,0.20366313845558953
T2_E2_Elda,NO2,T2_E1_Elche,NO,-2,0.3085480304608549
T2_E2_Elda,NO2,T2_E1_Elche,NO,-1,0.3889517278522856
T2_E2_Elda,NO2,T2_E1_Elche,NO,0,0.39536663859808346
T2_E2_Elda,NO2,T2_E1_Elche,NO,1,0.3237964346172534
T2_E2_Elda,NO2,T2_E1_Elche,NO,2,0.21871692546763377
T2_E2_Elda,NO2,T2_E1_Elche,NO,3,0.11979445382694988
T2_E2_Elda,NO2,T2_E1_Elche,NO,4,0.05355529743169727
T2_E2_Elda,NO2,T2_E1_Elche,NO,5,0.01942793792409553
T2_E2_Elda,NO2,T2_E1_Elche,NO,6,0.011821511054638592
T2_E2_Elda,NO2,T2_E1_Elche,NO,7,0.03333720703797968
T2_E2_Elda,NO2,T2_E1_Elche,NO,8,0.07801868386817665
T2_E2_Elda,NO2,T2_E1_Elche,NO,9,0.13726797408961255
T2_E2_Elda,NO2,T2_E1_Elche,NO,10,0.20669560509295254
T2_E2_Elda,NO2,T2_E1_Elche,NO,11,0.24870046198908466
T2_E2_Elda,NO2,T2_E1_Elche,NO,12,0.23911089482618453
T2_E2_Elda,NO2,T2_E1_Elche,NO,13,0.1814923937045102
T2_E2_Elda,NO2,T2_E1_Elche,NO,14,0.10696523555750376
T2_E2_Elda,NO2,T2_E1_Elche,NO,15,0.047580749897505575
T2_E2_Elda,NO2,T2_E1_Elche,NO,16,0.0059963114323644765
T2_E2_Elda,NO2,T2_E1_Elche,NO,17,-0.015004615763353
T2_E2_Elda,NO2,T2_E1_Elche,NO,18,-0.01841118257336647
T2_E2_Elda,NO2,T2_E1_Elche,NO,19,0.0007310903245452138
T2_E2_Elda,NO2,T2_E1_Elche,NO,20,0.04658077357869504
T2_E2_Elda,NO2,T2_E1_Elche,NO,21,0.10615834409261711
T2_E2_Elda,NO2,T2_E1_Elche,NO,22,0.17436938200745183
T2_E2_Elda,NO2,T2_E1_Elche,NO,23,0.22233310391822084
T2_E2_Elda,NO2,T2_E1_Elche,NO,24,0.2292137810848655
T2_E2_Elda,NO2,T2_E1_Elche,NO,25,0.1885347790479266
T2_E2_Elda,NO2,T2_E1_Elche,NO,26,0.1157172016156743
T2_E2_Elda,NO2,T2_E1_Elche,NO,27,0.04618456912286234
T2_E2_Elda,NO2,T2_E1_Elche,NO,28,-0.004377686975324079
T2_E2_Elda,NO2,T2_E1_Elche,NO,29,-0.02930644470018769
T2_E2_Elda,NO2,T2_E1_Elche,NO,30,-0.03150493382937184
T2_E2_Elda,NO2,T2_E1_Elche,NO,31,-0.0034062226513163103
T2_E2_Elda,NO2,T2_E1_Elche,NO,32,0.04144484381127463
T2_E2_Elda,NO2,T2_E1_Elche,NO,33,0.09328820107315117
T2_E2_Elda,NO2,T2_E1_Elche,NO,34,0.1482441649424858
T2_E2_Elda,NO2,T2_E1_Elche,NO,35,0.17426133512523517
T2_E2_Elda,NO2,T2_E1_Elche,NO,36,0.15656689152903652
T2_E2_Elda,NO2,T2_E1_Elche,NO,37,0.10422835107987126
T2_E2_Elda,NO2,T2_E1_Elche,NO,38,0.044141225170614785
T2_E2_Elda,NO2,T2_E1_Elche,NO,39,-0.0064472811072367525
T2_E2_Elda,NO2,T2_E1_Elche,NO,40,-0.03735688229174538
T2_E2_Elda,NO2,T2_E1_Elche,NO,41,-0.05127933873132706
T2_E2_Elda,NO2,T2_E1_Elche,NO,42,-0.04881964023796104
T2_E2_Elda,NO2,T2_E1_Elche,NO,43,-0.02734896773654577
T2_E2_Elda,NO2,T2_E1_Elche,NO,44,0.014882839645799737
T2_E2_Elda,NO2,T2_E1_Elche,NO,45,0.07365629949555394
T2_E2_Elda,NO2,T2_E1_Elche,NO,46,0.13256343153307035
T2_E2_Elda,NO2,T2_E1_Elche,NO,47,0.17359147131761768
T2_E2_Elda,NO2,T2_E1_Elche,NO,48,0.1792580235883552
T2_E2_Elda,NO2,T2_E1_Elche,NO,49,0.14567735317519043
T2_E2_Elda,NO2,T2_E1_Elche,NO,50,0.08506972656603226
T2_E2_Elda,NO2,T2_E1_Elche,NO,51,0.02945158552042677
T2_E2_Elda,NO2,T2_E1_Elche,NO,52,-0.00997806955205261
T2_E2_Elda,NO2,T2_E1_Elche,NO,53,-0.030915695372911795
T2_E2_Elda,NO2,T2_E1_Elche,NO,54,-0.03411631681047172
T2_E2_Elda,NO2,T2_E1_Elche,NO,55,-0.014984202619304936
T2_E2_Elda,NO2,T2_E1_Elche,NO,56,0.019111902630791135
T2_E2_Elda,NO2,T2_E1_Elche,NO,57,0.06862307674941912
T2_E2_Elda,NO2,T2_E1_Elche,NO,58,0.12286812625798707
T2_E2_Elda,NO2,T2_E1_Elche,NO,59,0.1548015329533963
T2_E2_Elda,NO2,T2_E1_Elche,NO,60,0.1397569819638841
T2_E2_Elda,NO2,T2_E1_Elche,NO,61,0.09604015009067422
T2_E2_Elda,NO2,T2_E1_Elche,NO,62,0.04439746264380741
T2_E2_Elda,NO2,T2_E1_Elche,NO,63,0.003595571852534823
T2_E2_Elda,NO2,T2_E1_Elche,NO,64,-0.019624945262400308
T2_E2_Elda,NO2,T2_E1_Elche,NO,65,-0.030411237356137478
T2_E2_Elda,NO2,T2_E1_Elche,NO,66,-0.029522411552775674
T2_E2_Elda,NO2,T2_E1_Elche,NO,67,-0.011198864240480909
T2_E2_Elda,NO2,T2_E1_Elche,NO,68,0.02328331471132632
T2_E2_Elda,NO2,T2_E1_Elche,NO,69,0.0688455166217073
T2_E2_Elda,NO2,T2_E1_Elche,NO,70,0.12074093952108944
T2_E2_Elda,NO2,T2_E1_Elche,NO,71,0.1518747391444234
T2_E2_Elda,NO2,T2_E1_Elche,NO,72,0.14920611514031307
T2_E2_Elda,NO2,T2_E1_Elche,NO2,-72,0.24490672670883476
T2_E2_Elda,NO2,T2_E1_Elche,NO2,-71,0.18314487230599819
T2_E2_Elda,NO2,T2_E1_Elche,NO2,-70,0.09784085985726851
T2_E2_Elda,NO2,T2_E1_Elche,NO2,-69,0.021475219728662395
T2_E2_Elda,NO2,T2_E1_Elche,NO2,-68,-0.03546787910353516
T2_E2_Elda,NO2,T2_E1_Elche,NO2,-67,-0.06613907828581693
T2_E2_Elda,NO2,T2_E1_Elche,NO2,-66,-0.0702185114099169
T2_E2_Elda,NO2,T2_E1_Elche,NO2,-65,-0.04802370649899893
T2_E2_Elda,NO2,T2_E1_Elche,NO2,-64,-0.0024766646909010308
T2_E2_Elda,NO2,T2_E1_Elche,NO2,-63,0.056818907599350786
T2_E2_Elda,NO2,T2_E1_Elche,NO2,-62,0.11184023183477629
T2_E2_Elda,NO2,T2_E1_Elche,NO2,-61,0.1458440390924177
T2_E2_Elda,NO2,T2_E1_Elche,NO2,-60,0.14501911117256253
T2_E2_Elda,NO2,T2_E1_Elche,NO2,-59,0.11019880453870767
T2_E2_Elda,NO2,T2_E1_Elche,NO2,-58,0.05365676920384551
T2_E2_Elda,NO2,T2_E1_Elche,NO2,-57,-0.007265404216827397
T2_E2_Elda,NO2,T2_E1_Elche,NO2,-56,-0.054618825001963175
T2_E2_Elda,NO2,T2_E1_Elche,NO2,-55,-0.0803512142900431
T2_E2_Elda,NO2,T2_E1_Elche,NO2,-54,-0.07725982271617214
T2_E2_Elda,NO2,T2_E1_Elche,NO2,-53,-0.04171753548665627
T2_E2_Elda,NO2,T2_E1_Elche,NO2,-52,0.025209762996008224
T2_E2_Elda,NO2,T2_E1_Elche,NO2,-51,0.11337461149896848
T2_E2_Elda,NO2,T2_E1_Elche,NO2,-50,0.20631382808457852
T2_E2_Elda,NO2,T2_E1_Elche,NO2,-49,0.2685761240835624
T2_E2_Elda,NO2,T2_E1_Elche,NO2,-48,0.2668482290898104
T2_E2_Elda,NO2,T2_E1_Elche,NO2,-47,0.2037019441189089
T2_E2_Elda,NO2,T2_E1_Elche,NO2,-46,0.11215665616948263
T2_E2_Elda,NO2,T2_E1_Elche,NO2,-45,0.028804271645054103
T2_E2_Elda,NO2,T2_E1_Elche,NO2,-44,-0.030702602202075272
T2_E2_Elda,NO2,T2_E1_Elche,NO2,-43,-0.06472862547515464
T2_E2_Elda,NO2,T2_E1_Elche,NO2,-42,-0.07197851608163806
T2_E2_Elda,NO2,T2_E1_Elche,NO2,-41,-0.04941033337518535
T2_E2_Elda,NO2,T2_E1_Elche,NO2,-40,-0.0004854105194708209
T2_E2_Elda,NO2,T2_E1_Elche,NO2,-39,0.062255527177185396
T2_E2_Elda,NO2,T2_E1_Elche,NO2,-38,0.12132066674773666
T2_E2_Elda,NO2,T2_E1_Elche,NO2,-37,0.15642980429759215
T2_E2_Elda,NO2,T2_E1_Elche,NO2,-36,0.16031109588873005
T2_E2_Elda,NO2,T2_E1_Elche,NO2,-35,0.129186117771048
T2_E2_Elda,NO2,T2_E1_Elche,NO2,-34,0.07162131563579559
T2_E2_Elda,NO2,T2_E1_Elche,NO2,-33,0.007495497829474607
T2_E2_Elda,NO2,T2_E1_Elche,NO2,-32,-0.04212705685622067
T2_E2_Elda,NO2,T2_E1_Elche,NO2,-31,-0.06650921324551655
T2_E2_Elda,NO2,T2_E1_Elche,NO2,-30,-0.06034493778578321
T2_E2_Elda,NO2,T2_E1_Elche,NO2,-29,-0.022714955796462495
T2_E2_Elda,NO2,T2_E1_Elche,NO2,-28,0.04998531772144431
T2_E2_Elda,NO2,T2_E1_Elche,NO2,-27,0.14942025521997987
T2_E2_Elda,NO2,T2_E1_Elche,NO2,-26,0.2583824729717978
T2_E2_Elda,NO2,T2_E1_Elche,NO2,-25,0.3354983519614431
T2_E2_Elda,NO2,T2_E1_Elche,NO2,-24,0.33929516075946264
T2_E2_Elda,NO2,T2_E1_Elche,NO2,-23,0.2688727622421065
T2_E2_Elda,NO2,T2_E1_Elche,NO2,-22,0.16406795697476562
T2_E2_Elda,NO2,T2_E1_Elche,NO2,-21,0.06911393174134851
T2_E2_Elda,NO2,T2_E1_Elche,NO2,-20,0.0016744961223359928
T2_E2_Elda,NO2,T2_E1_Elche,NO2,-19,-0.0356486524159815
T2_E2_Elda,NO2,T2_E1_Elche,NO2,-18,-0.040523737905843106
T2_E2_Elda,NO2,T2_E1_Elche,NO2,-17,-0.012217043641527115
T2_E2_Elda,NO2,T2_E1_Elche,NO2,-16,0.045009589472017206
T2_E2_Elda,NO2,T2_E1_Elche,NO2,-15,0.11846671108810122
T2_E2_Elda,NO2,T2_E1_Elche,NO2,-14,0.1918680028282554
T2_E2_Elda,NO2,T2_E1_Elche,NO2,-13,0.24124104870167656
T2_E2_Elda,NO2,T2_E1_Elche,NO2,-12,0.24984189254657033
T2_E2_Elda,NO2,T2_E1_Elche,NO2,-11,0.21337486637227066
T2_E2_Elda,NO2,T2_E1_Elche,NO2,-10,0.14573210280092763
T2_E2_Elda,NO2,T2_E1_Elche,NO2,-9,0.07460789083352952
T2_E2_Elda,NO2,T2_E1_Elche,NO2,-8,0.020632316093149243
T2_E2_Elda,NO2,T2_E1_Elche,NO2,-7,-0.004774371364153372
T2_E2_Elda,NO2,T2_E1_Elche,NO2,-6,0.005215060561492434
T2_E2_Elda,NO2,T2_E1_Elche,NO2,-5,0.057825551047110936
T2_E2_Elda,NO2,T2_E1_Elche,NO2,-4,0.15864254014544465
T2_E2_Elda,NO2,T2_E1_Elche,NO2,-3,0.30148724424745194
T2_E2_Elda,NO2,T2_E1_Elche,NO2,-2,0.4555537857985864
T2_E2_Elda,NO2,T2_E1_Elche,NO2,-1,0.5640931174676088
T2_E2_Elda,NO2,T2_E1_Elche,NO2,0,0.5679110010869289
T2_E2_Elda,NO2,T2_E1_Elche,NO2,1,0.4656591646842201
T2_E2_Elda,NO2,T2_E1_Elche,NO2,2,0.32111027258560715
T2_E2_Elda,NO2,T2_E1_Elche,NO2,3,0.18943377209390383
T2_E2_Elda,NO2,T2_E1_Elche,NO2,4,0.09374867937086868
T2_E2_Elda,NO2,T2_E1_Elche,NO2,5,0.03665980351934857
T2_E2_Elda,NO2,T2_E1_Elche,NO2,6,0.01754818750775977
T2_E2_Elda,NO2,T2_E1_Elche,NO2,7,0.038098166903373185
T2_E2_Elda,NO2,T2_E1_Elche,NO2,8,0.08950844826592545
T2_E2_Elda,NO2,T2_E1_Elche,NO2,9,0.1602300834775629
T2_E2_Elda,NO2,T2_E1_Elche,NO2,10,0.2360851600591078
T2_E2_Elda,NO2,T2_E1_Elche,NO2,11,0.28477219547790544
T2_E2_Elda,NO2,T2_E1_Elche,NO2,12,0.28625664790392896
T2_E2_Elda,NO2,T2_E1_Elche,NO2,13,0.24190995774494525
T2_E2_Elda,NO2,T2_E1_Elche,NO2,14,0.16557863624473174
T2_E2_Elda,NO2,T2_E1_Elche,NO2,15,0.08239987666848106
T2_E2_Elda,NO2,T2_E1_Elche,NO2,16,0.016993043350514447
T2_E2_Elda,NO2,T2_E1_Elche,NO2,17,-0.02032899053420762
T2_E2_Elda,NO2,T2_E1_Elche,NO2,18,-0.024786333940190284
T2_E2_Elda,NO2,T2_E1_Elche,NO2,19,0.010306157883601138
T2_E2_Elda,NO2,T2_E1_Elche,NO2,20,0.08393809036786148
T2_E2_Elda,NO2,T2_E1_Elche,NO2,21,0.1856096347825728
T2_E2_Elda,NO2,T2_E1_Elche,NO2,22,0.2950131093956377
T2_E2_Elda,NO2,T2_E1_Elche,NO2,23,0.3733670345667388
T2_E2_Elda,NO2,T2_E1_Elche,NO2,24,0.37551392147130547
T2_E2_Elda,NO2,T2_E1_Elche,NO2,25,0.29616547890390293
T2_E2_Elda,NO2,T2_E1_Elche,NO2,26,0.18247726770222902
T2_E2_Elda,NO2,T2_E1_Elche,NO2,27,0.07907416390069383
T2_E2_Elda,NO2,T2_E1_Elche,NO2,28,0.002696008385555006
T2_E2_Elda,NO2,T2_E1_Elche,NO2,29,-0.04142427674392803
T2_E2_Elda,NO2,T2_E1_Elche,NO2,30,-0.051515174646853894
T2_E2_Elda,NO2,T2_E1_Elche,NO2,31,-0.028068577597181076
T2_E2_Elda,NO2,T2_E1_Elche,NO2,32,0.019577821539350764
T2_E2_Elda,NO2,T2_E1_Elche,NO2,33,0.07960640704325113
T2_E2_Elda,NO2,T2_E1_Elche,NO2,34,0.13806405127093993
T2_E2_Elda,NO2,T2_E1_Elche,NO2,35,0.17462355532456136
T2_E2_Elda,NO2,T2_E1_Elche,NO2,36,0.17607239118026496
T2_E2_Elda,NO2,T2_E1_Elche,NO2,37,0.14109015368485386
T2_E2_Elda,NO2,T2_E1_Elche,NO2,38,0.08167365389988265
T2_E2_Elda,NO2,T2_E1_Elche,NO2,39,0.01703797609927288
T2_E2_Elda,NO2,T2_E1_Elche,NO2,40,-0.03638075859559773
T2_E2_Elda,NO2,T2_E1_Elche,NO2,41,-0.06482560833760304
T2_E2_Elda,NO2,T2_E1_Elche,NO2,42,-0.06588171045806464
T2_E2_Elda,NO2,T2_E1_Elche,NO2,43,-0.03657860383504739
T2_E2_Elda,NO2,T2_E1_Elche,NO2,44,0.023330475736183284
T2_E2_Elda,NO2,T2_E1_Elche,NO2,45,0.10985664302523844
T2_E2_Elda,NO2,T2_E1_Elche,NO2,46,0.20175108494756713
T2_E2_Elda,NO2,T2_E1_Elche,NO2,47,0.268291830713936
T2_E2_Elda,NO2,T2_E1_Elche,NO2,48,0.273891230841179
T2_E2_Elda,NO2,T2_E1_Elche,NO2,49,0.2131393863240136
T2_E2_Elda,NO2,T2_E1_Elche,NO2,50,0.11908584996139497
T2_E2_Elda,NO2,T2_E1_Elche,NO2,51,0.03241338753013804
T2_E2_Elda,NO2,T2_E1_Elche,NO2,52,-0.030466406662116554
T2_E2_Elda,NO2,T2_E1_Elche,NO2,53,-0.06533070853566184
T2_E2_Elda,NO2,T2_E1_Elche,NO2,54,-0.07364737598659414
T2_E2_Elda,NO2,T2_E1_Elche,NO2,55,-0.050714781077578826
T2_E2_Elda,NO2,T2_E1_Elche,NO2,56,-0.00447759645928009
T2_E2_Elda,NO2,T2_E1_Elche,NO2,57,0.05473229581690853
T2_E2_Elda,NO2,T2_E1_Elche,NO2,58,0.1129606421814976
T2_E2_Elda,NO2,T2_E1_Elche,NO2,59,0.15310922976306135
T2_E2_Elda,NO2,T2_E1_Elche,NO2,60,0.15621028990519079
T2_E2_Elda,NO2,T2_E1_Elche,NO2,61,0.12313651785454377
T2_E2_Elda,NO2,T2_E1_Elche,NO2,62,0.06689834694805384
T2_E2_Elda,NO2,T2_E1_Elche,NO2,63,0.008754218278700196
T2_E2_Elda,NO2,T2_E1_Elche,NO2,64,-0.037728133193018716
T2_E2_Elda,NO2,T2_E1_Elche,NO2,65,-0.06368890272154813
T2_E2_Elda,NO2,T2_E1_Elche,NO2,66,-0.06455001892965397
T2_E2_Elda,NO2,T2_E1_Elche,NO2,67,-0.037239346225258166
T2_E2_Elda,NO2,T2_E1_Elche,NO2,68,0.01909818530254129
T2_E2_Elda,NO2,T2_E1_Elche,NO2,69,0.10045077962829536
T2_E2_Elda,NO2,T2_E1_Elche,NO2,70,0.19013839871960886
T2_E2_Elda,NO2,T2_E1_Elche,NO2,71,0.2521533770951045
T2_E2_Elda,NO2,T2_E1_Elche,NO2,72,0.24942183823775066
T2_E2_Elda,NO2,T2_E1_Elche,O3,-72,-0.23333559863730183
T2_E2_Elda,NO2,T2_E1_Elche,O3,-71,-0.1860448676849417
T2_E2_Elda,NO2,T2_E1_Elche,O3,-70,-0.11731063747482993
T2_E2_Elda,NO2,T2_E1_Elche,O3,-69,-0.05039843416964158
T2_E2_Elda,NO2,T2_E1_Elche,O3,-68,0.0021497780939284416
T2_E2_Elda,NO2,T2_E1_Elche,O3,-67,0.034118548835083654
T2_E2_Elda,NO2,T2_E1_Elche,O3,-66,0.04623204573835879
T2_E2_Elda,NO2,T2_E1_Elche,O3,-65,0.04231674987313118
T2_E2_Elda,NO2,T2_E1_Elche,O3,-64,0.025090273742631355
T2_E2_Elda,NO2,T2_E1_Elche,O3,-63,-0.0013495184828639336
T2_E2_Elda,NO2,T2_E1_Elche,O3,-62,-0.0270731038575737
T2_E2_Elda,NO2,T2_E1_Elche,O3,-61,-0.04628242692369959
T2_E2_Elda,NO2,T2_E1_Elche,O3,-60,-0.05268346123969936
T2_E2_Elda,NO2,T2_E1_Elche,O3,-59,-0.04793483525951109
T2_E2_Elda,NO2,T2_E1_Elche,O3,-58,-0.035382278002135364
T2_E2_Elda,NO2,T2_E1_Elche,O3,-57,-0.019895126347035674
T2_E2_Elda,NO2,T2_E1_Elche,O3,-56,-0.008867185309941045
T2_E2_Elda,NO2,T2_E1_Elche,O3,-55,-0.006511349300951721
T2_E2_Elda,NO2,T2_E1_Elche,O3,-54,-0.019594025225858912
T2_E2_Elda,NO2,T2_E1_Elche,O3,-53,-0.049959812916301395
T2_E2_Elda,NO2,T2_E1_Elche,O3,-52,-0.0969676813558988
T2_E2_Elda,NO2,T2_E1_Elche,O3,-51,-0.15484989333203197
T2_E2_Elda,NO2,T2_E1_Elche,O3,-50,-0.2127849495975812
T2_E2_Elda,NO2,T2_E1_Elche,O3,-49,-0.2501227445891971
T2_E2_Elda,NO2,T2_E1_Elche,O3,-48,-0.24504528821010388
T2_E2_Elda,NO2,T2_E1_Elche,O3,-47,-0.19661022191084018
T2_E2_Elda,NO2,T2_E1_Elche,O3,-46,-0.1240746887443434
T2_E2_Elda,NO2,T2_E1_Elche,O3,-45,-0.05271488653347085
T2_E2_Elda,NO2,T2_E1_Elche,O3,-44,0.002224179375624212
T2_E2_Elda,NO2,T2_E1_Elche,O3,-43,0.036412161828349845
T2_E2_Elda,NO2,T2_E1_Elche,O3,-42,0.04978221603888439
T2_E2_Elda,NO2,T2_E1_Elche,O3,-41,0.04427505197685805
T2_E2_Elda,NO2,T2_E1_Elche,O3,-40,0.02496723276424696
T2_E2_Elda,NO2,T2_E1_Elche,O3,-39,-0.0023750472069784165
T2_E2_Elda,NO2,T2_E1_Elche,O3,-38,-0.03135153368179636
T2_E2_Elda,NO2,T2_E1_Elche,O3,-37,-0.05213752687002598
T2_E2_Elda,NO2,T2_E1_Elche,O3,-36,-0.06087615292627685
T2_E2_Elda,NO2,T2_E1_Elche,O3,-35,-0.05828237491851006
T2_E2_Elda,NO2,T2_E1_Elche,O3,-34,-0.04486464336202917
T2_E2_Elda,NO2,T2_E1_Elche,O3,-33,-0.027303204004834866
T2_E2_Elda,NO2,T2_E1_Elche,O3,-32,-0.014691132100163514
T2_E2_Elda,NO2,T2_E1_Elche,O3,-31,-0.0137409844746231
T2_E2_Elda,NO2,T2_E1_Elche,O3,-30,-0.02881305306157668
T2_E2_Elda,NO2,T2_E1_Elche,O3,-29,-0.061695540416019025
T2_E2_Elda,NO2,T2_E1_Elche,O3,-28,-0.11275826723437235
T2_E2_Elda,NO2,T2_E1_Elche,O3,-27,-0.1775811737898912
T2_E2_Elda,NO2,T2_E1_Elche,O3,-26,-0.24278098428495648
T2_E2_Elda,NO2,T2_E1_Elche,O3,-25,-0.2853167940259983
T2_E2_Elda,NO2,T2_E1_Elche,O3,-24,-0.28209707903655457
T2_E2_Elda,NO2,T2_E1_Elche,O3,-23,-0.23039479575052582
T2_E2_Elda,NO2,T2_E1_Elche,O3,-22,-0.15236105621180662
T2_E2_Elda,NO2,T2_E1_Elche,O3,-21,-0.07607729252284852
T2_E2_Elda,NO2,T2_E1_Elche,O3,-20,-0.016906847251860337
T2_E2_Elda,NO2,T2_E1_Elche,O3,-19,0.018139224394662302
T2_E2_Elda,NO2,T2_E1_Elche,O3,-18,0.02948412045281629
T2_E2_Elda,NO2,T2_E1_Elche,O3,-17,0.02129627815020966
T2_E2_Elda,NO2,T2_E1_Elche,O3,-16,-0.0010193885686976447
T2_E2_Elda,NO2,T2_E1_Elche,O3,-15,-0.03330816833850464
T2_E2_Elda,NO2,T2_E1_Elche,O3,-14,-0.06725775015091567
T2_E2_Elda,NO2,T2_E1_Elche,O3,-13,-0.0934161910568138
T2_E2_Elda,NO2,T2_E1_Elche,O3,-12,-0.10594105211754318
T2_E2_Elda,NO2,T2_E1_Elche,O3,-11,-0.10189020821987035
T2_E2_Elda,NO2,T2_E1_Elche,O3,-10,-0.08582581405163237
T2_E2_Elda,NO2,T2_E1_Elche,O3,-9,-0.06639825129038858
T2_E2_Elda,NO2,T2_E1_Elche,O3,-8,-0.05393995354893069
T2_E2_Elda,NO2,T2_E1_Elche,O3,-7,-0.05550866169932904
T2_E2_Elda,NO2,T2_E1_Elche,O3,-6,-0.07468237970354942
T2_E2_Elda,NO2,T2_E1_Elche,O3,-5,-0.11543332551558151
T2_E2_Elda,NO2,T2_E1_Elche,O3,-4,-0.18017334269898275
T2_E2_Elda,NO2,T2_E1_Elche,O3,-3,-0.26397630654142784
T2_E2_Elda,NO2,T2_E1_Elche,O3,-2,-0.34914427829040895
T2_E2_Elda,NO2,T2_E1_Elche,O3,-1,-0.40597140242944524
T2_E2_Elda,NO2,T2_E1_Elche,O3,0,-0.4037867940246684
T2_E2_Elda,NO2,T2_E1_Elche,O3,1,-0.3398891498640602
T2_E2_Elda,NO2,T2_E1_Elche,O3,2,-0.24361270485727157
T2_E2_Elda,NO2,T2_E1_Elche,O3,3,-0.14911554137799152
T2_E2_Elda,NO2,T2_E1_Elche,O3,4,-0.07426905656634167
T2_E2_Elda,NO2,T2_E1_Elche,O3,5,-0.02743389452213324
T2_E2_Elda,NO2,T2_E1_Elche,O3,6,-0.006599251520519787
T2_E2_Elda,NO2,T2_E1_Elche,O3,7,-0.008287058856691041
T2_E2_Elda,NO2,T2_E1_Elche,O3,8,-0.025970855067637598
T2_E2_Elda,NO2,T2_E1_Elche,O3,9,-0.05339553400070503
T2_E2_Elda,NO2,T2_E1_Elche,O3,10,-0.083787570870306
T2_E2_Elda,NO2,T2_E1_Elche,O3,11,-0.10567647128442274
T2_E2_Elda,NO2,T2_E1_Elche,O3,12,-0.11085424707955799
T2_E2_Elda,NO2,T2_E1_Elche,O3,13,-0.10133638428665398
T2_E2_Elda,NO2,T2_E1_Elche,O3,14,-0.07944521315267483
T2_E2_Elda,NO2,T2_E1_Elche,O3,15,-0.05358496802443449
T2_E2_Elda,NO2,T2_E1_Elche,O3,16,-0.035465429884879565
T2_E2_Elda,NO2,T2_E1_Elche,O3,17,-0.030158431500298143
T2_E2_Elda,NO2,T2_E1_Elche,O3,18,-0.04123598921329161
T2_E2_Elda,NO2,T2_E1_Elche,O3,19,-0.07094491003062839
T2_E2_Elda,NO2,T2_E1_Elche,O3,20,-0.12139346452063982
T2_E2_Elda,NO2,T2_E1_Elche,O3,21,-0.18485875144588854
T2_E2_Elda,NO2,T2_E1_Elche,O3,22,-0.24762560270641817
T2_E2_Elda,NO2,T2_E1_Elche,O3,23,-0.28718212089390327
T2_E2_Elda,NO2,T2_E1_Elche,O3,24,-0.2805387414480198
T2_E2_Elda,NO2,T2_E1_Elche,O3,25,-0.2234603839560287
T2_E2_Elda,NO2,T2_E1_Elche,O3,26,-0.14072660380413735
T2_E2_Elda,NO2,T2_E1_Elche,O3,27,-0.06144091470814039
T2_E2_Elda,NO2,T2_E1_Elche,O3,28,0.0002848558009151415
T2_E2_Elda,NO2,T2_E1_Elche,O3,29,0.03760839783142657
T2_E2_Elda,NO2,T2_E1_Elche,O3,30,0.05191943073163228
T2_E2_Elda,NO2,T2_E1_Elche,O3,31,0.046544168780856925
T2_E2_Elda,NO2,T2_E1_Elche,O3,32,0.028172507116367942
T2_E2_Elda,NO2,T2_E1_Elche,O3,33,0.002808362665398074
T2_E2_Elda,NO2,T2_E1_Elche,O3,34,-0.023208665381624458
T2_E2_Elda,NO2,T2_E1_Elche,O3,35,-0.04148287696962321
T2_E2_Elda,NO2,T2_E1_Elche,O3,36,-0.049324862662425605
T2_E2_Elda,NO2,T2_E1_Elche,O3,37,-0.0443277352967492
T2_E2_Elda,NO2,T2_E1_Elche,O3,38,-0.02984156878423174
T2_E2_Elda,NO2,T2_E1_Elche,O3,39,-0.012293781443794125
T2_E2_Elda,NO2,T2_E1_Elche,O3,40,0.00045466218791735837
T2_E2_Elda,NO2,T2_E1_Elche,O3,41,6.717869997315726e-05
T2_E2_Elda,NO2,T2_E1_Elche,O3,42,-0.014279057755893889
T2_E2_Elda,NO2,T2_E1_Elche,O3,43,-0.04452808877238857
T2_E2_Elda,NO2,T2_E1_Elche,O3,44,-0.09015790418248179
T2_E2_Elda,NO2,T2_E1_Elche,O3,45,-0.14593276884450615
T2_E2_Elda,NO2,T2_E1_Elche,O3,46,-0.2015107648965324
T2_E2_Elda,NO2,T2_E1_Elche,O3,47,-0.23810184008260338
T2_E2_Elda,NO2,T2_E1_Elche,O3,48,-0.23548343988963208
T2_E2_Elda,NO2,T2_E1_Elche,O3,49,-0.1892201529934068
T2_E2_Elda,NO2,T2_E1_Elche,O3,50,-0.11756771767494428
T2_E2_Elda,NO2,T2_E1_Elche,O3,51,-0.04645015436819424
T2_E2_Elda,NO2,T2_E1_Elche,O3,52,0.007563745715622709
T2_E2_Elda,NO2,T2_E1_Elche,O3,53,0.03907963018362666
T2_E2_Elda,NO2,T2_E1_Elche,O3,54,0.0509164892776505
T2_E2_Elda,NO2,T2_E1_Elche,O3,55,0.04517039728996127
T2_E2_Elda,NO2,T2_E1_Elche,O3,56,0.0263582338725238
T2_E2_Elda,NO2,T2_E1_Elche,O3,57,0.00054332442531186
T2_E2_Elda,NO2,T2_E1_Elche,O3,58,-0.026534988405803487
T2_E2_Elda,NO2,T2_E1_Elche,O3,59,-0.0473843584255555
T2_E2_Elda,NO2,T2_E1_Elche,O3,60,-0.055821700895407944
T2_E2_Elda,NO2,T2_E1_Elche,O3,61,-0.05115222308443519
T2_E2_Elda,NO2,T2_E1_Elche,O3,62,-0.03741379939066982
T2_E2_Elda,NO2,T2_E1_Elche,O3,63,-0.021852990151759455
T2_E2_Elda,NO2,T2_E1_Elche,O3,64,-0.011802290500123883
T2_E2_Elda,NO2,T2_E1_Elche,O3,65,-0.013113489625628461
T2_E2_Elda,NO2,T2_E1_Elche,O3,66,-0.028366956755947602
T2_E2_Elda,NO2,T2_E1_Elche,O3,67,-0.05802565717044132
T2_E2_Elda,NO2,T2_E1_Elche,O3,68,-0.10150775657460331
T2_E2_Elda,NO2,T2_E1_Elche,O3,69,-0.1561943881554877
T2_E2_Elda,NO2,T2_E1_Elche,O3,70,-0.21038835177859488
T2_E2_Elda,NO2,T2_E1_Elche,O3,71,-0.24384884047687272
T2_E2_Elda,NO2,T2_E1_Elche,O3,72,-0.23649174530243677
T2_E2_Elda,O3,T1_E1_Alicante,NO,-72,-0.12787241497895338
T2_E2_Elda,O3,T1_E1_Alicante,NO,-71,-0.13341026219062022
T2_E2_Elda,O3,T1_E1_Alicante,NO,-70,-0.12192464821952892
T2_E2_Elda,O3,T1_E1_Alicante,NO,-69,-0.10558987827375459
T2_E2_Elda,O3,T1_E1_Alicante,NO,-68,-0.09294216150955455
T2_E2_Elda,O3,T1_E1_Alicante,NO,-67,-0.08787103002590375
T2_E2_Elda,O3,T1_E1_Alicante,NO,-66,-0.0888148450739283
T2_E2_Elda,O3,T1_E1_Alicante,NO,-65,-0.09405884729624667
T2_E2_Elda,O3,T1_E1_Alicante,NO,-64,-0.10381722349070213
T2_E2_Elda,O3,T1_E1_Alicante,NO,-63,-0.11600087733276218
T2_E2_Elda,O3,T1_E1_Alicante,NO,-62,-0.12585653868483326
T2_E2_Elda,O3,T1_E1_Alicante,NO,-61,-0.12669411250216173
T2_E2_Elda,O3,T1_E1_Alicante,NO,-60,-0.11136168395463965
T2_E2_Elda,O3,T1_E1_Alicante,NO,-59,-0.07999947955993215
T2_E2_Elda,O3,T1_E1_Alicante,NO,-58,-0.04117336464635033
T2_E2_Elda,O3,T1_E1_Alicante,NO,-57,-0.004554021102285017
T2_E2_Elda,O3,T1_E1_Alicante,NO,-56,0.021683823615142015
T2_E2_Elda,O3,T1_E1_Alicante,NO,-55,0.03565031922456619
T2_E2_Elda,O3,T1_E1_Alicante,NO,-54,0.0377557842322564
T2_E2_Elda,O3,T1_E1_Alicante,NO,-53,0.028153105468131767
T2_E2_Elda,O3,T1_E1_Alicante,NO,-52,0.0071473958795074555
T2_E2_Elda,O3,T1_E1_Alicante,NO,-51,-0.024953039319299365
T2_E2_Elda,O3,T1_E1_Alicante,NO,-50,-0.06794703312952176
T2_E2_Elda,O3,T1_E1_Alicante,NO,-49,-0.11415879763194678
T2_E2_Elda,O3,T1_E1_Alicante,NO,-48,-0.14548714317003056
T2_E2_Elda,O3,T1_E1_Alicante,NO,-47,-0.14955418513054425
T2_E2_Elda,O3,T1_E1_Alicante,NO,-46,-0.13258830438456023
T2_E2_Elda,O3,T1_E1_Alicante,NO,-45,-0.11072139669433662
T2_E2_Elda,O3,T1_E1_Alicante,NO,-44,-0.09360943686828269
T2_E2_Elda,O3,T1_E1_Alicante,NO,-43,-0.08531670946614987
T2_E2_Elda,O3,T1_E1_Alicante,NO,-42,-0.0843520964291867
T2_E2_Elda,O3,T1_E1_Alicante,NO,-41,-0.08898184602924472
T2_E2_Elda,O3,T1_E1_Alicante,NO,-40,-0.0987699452234616
T2_E2_Elda,O3,T1_E1_Alicante,NO,-39,-0.11093815642766393
T2_E2_Elda,O3,T1_E1_Alicante,NO,-38,-0.11943378974630736
T2_E2_Elda,O3,T1_E1_Alicante,NO,-37,-0.11771699111373586
T2_E2_Elda,O3,T1_E1_Alicante,NO,-36,-0.10049107195813686
T2_E2_Elda,O3,T1_E1_Alicante,NO,-35,-0.06939129074548211
T2_E2_Elda,O3,T1_E1_Alicante,NO,-34,-0.03182675243267362
T2_E2_Elda,O3,T1_E1_Alicante,NO,-33,0.0027251607681699997
T2_E2_Elda,O3,T1_E1_Alicante,NO,-32,0.02813916716593628
T2_E2_Elda,O3,T1_E1_Alicante,NO,-31,0.04160998402474263
T2_E2_Elda,O3,T1_E1_Alicante,NO,-30,0.04254183390886296
T2_E2_Elda,O3,T1_E1_Alicante,NO,-29,0.03154703137157633
T2_E2_Elda,O3,T1_E1_Alicante,NO,-28,0.009755828670861083
T2_E2_Elda,O3,T1_E1_Alicante,NO,-27,-0.023812593423745396
T2_E2_Elda,O3,T1_E1_Alicante,NO,-26,-0.06899069356160163
T2_E2_Elda,O3,T1_E1_Alicante,NO,-25,-0.11563964385938141
T2_E2_Elda,O3,T1_E1_Alicante,NO,-24,-0.14896950967228964
T2_E2_Elda,O3,T1_E1_Alicante,NO,-23,-0.15539457351407637
T2_E2_Elda,O3,T1_E1_Alicante,NO,-22,-0.13944752342466063
T2_E2_Elda,O3,T1_E1_Alicante,NO,-21,-0.11884378116089482
T2_E2_Elda,O3,T1_E1_Alicante,NO,-20,-0.10389235920455248
T2_E2_Elda,O3,T1_E1_Alicante,NO,-19,-0.09740539558545003
T2_E2_Elda,O3,T1_E1_Alicante,NO,-18,-0.09832018523752833
T2_E2_Elda,O3,T1_E1_Alicante,NO,-17,-0.10545122075884907
T2_E2_Elda,O3,T1_E1_Alicante,NO,-16,-0.11861409906922446
T2_E2_Elda,O3,T1_E1_Alicante,NO,-15,-0.1335196601899695
T2_E2_Elda,O3,T1_E1_Alicante,NO,-14,-0.14394725299500977
T2_E2_Elda,O3,T1_E1_Alicante,NO,-13,-0.14432922770884388
T2_E2_Elda,O3,T1_E1_Alicante,NO,-12,-0.12871864952766288
T2_E2_Elda,O3,T1_E1_Alicante,NO,-11,-0.09859489997798226
T2_E2_Elda,O3,T1_E1_Alicante,NO,-10,-0.06040100316361529
T2_E2_Elda,O3,T1_E1_Alicante,NO,-9,-0.02266716409075951
T2_E2_Elda,O3,T1_E1_Alicante,NO,-8,0.005915250314383584
T2_E2_Elda,O3,T1_E1_Alicante,NO,-7,0.02049250265547095
T2_E2_Elda,O3,T1_E1_Alicante,NO,-6,0.020739683506950483
T2_E2_Elda,O3,T1_E1_Alicante,NO,-5,0.008162861582865066
T2_E2_Elda,O3,T1_E1_Alicante,NO,-4,-0.017835219391027494
T2_E2_Elda,O3,T1_E1_Alicante,NO,-3,-0.058589939423594736
T2_E2_Elda,O3,T1_E1_Alicante,NO,-2,-0.11349877301979092
T2_E2_Elda,O3,T1_E1_Alicante,NO,-1,-0.17333891477985958
T2_E2_Elda,O3,T1_E1_Alicante,NO,0,-0.21487570567838363
T2_E2_Elda,O3,T1_E1_Alicante,NO,1,-0.21875218925753126
T2_E2_Elda,O3,T1_E1_Alicante,NO,2,-0.19522496843830994
T2_E2_Elda,O3,T1_E1_Alicante,NO,3,-0.1670843874018397
T2_E2_Elda,O3,T1_E1_Alicante,NO,4,-0.1456904417413757
T2_E2_Elda,O3,T1_E1_Alicante,NO,5,-0.13410011940365782
T2_E2_Elda,O3,T1_E1_Alicante,NO,6,-0.13160848747122159
T2_E2_Elda,O3,T1_E1_Alicante,NO,7,-0.1360962487321307
T2_E2_Elda,O3,T1_E1_Alicante,NO,8,-0.14702143541775686
T2_E2_Elda,O3,T1_E1_Alicante,NO,9,-0.16201125844243403
T2_E2_Elda,O3,T1_E1_Alicante,NO,10,-0.17147874348117623
T2_E2_Elda,O3,T1_E1_Alicante,NO,11,-0.16961646964285484
T2_E2_Elda,O3,T1_E1_Alicante,NO,12,-0.15087081334964525
T2_E2_Elda,O3,T1_E1_Alicante,NO,13,-0.11617703519163533
T2_E2_Elda,O3,T1_E1_Alicante,NO,14,-0.07141864140756857
T2_E2_Elda,O3,T1_E1_Alicante,NO,15,-0.028986964078432993
T2_E2_Elda,O3,T1_E1_Alicante,NO,16,0.0023206100251056717
T2_E2_Elda,O3,T1_E1_Alicante,NO,17,0.01849462972192078
T2_E2_Elda,O3,T1_E1_Alicante,NO,18,0.020622431122162
T2_E2_Elda,O3,T1_E1_Alicante,NO,19,0.011105406733143428
T2_E2_Elda,O3,T1_E1_Alicante,NO,20,-0.0114298048527336
T2_E2_Elda,O3,T1_E1_Alicante,NO,21,-0.04690509046538874
T2_E2_Elda,O3,T1_E1_Alicante,NO,22,-0.0952343279602673
T2_E2_Elda,O3,T1_E1_Alicante,NO,23,-0.14713369383156888
T2_E2_Elda,O3,T1_E1_Alicante,NO,24,-0.1827116957145111
T2_E2_Elda,O3,T1_E1_Alicante,NO,25,-0.18714255471490612
T2_E2_Elda,O3,T1_E1_Alicante,NO,26,-0.16792083200131724
T2_E2_Elda,O3,T1_E1_Alicante,NO,27,-0.14343440586696649
T2_E2_Elda,O3,T1_E1_Alicante,NO,28,-0.12362914051395725
T2_E2_Elda,O3,T1_E1_Alicante,NO,29,-0.11237845719491306
T2_E2_Elda,O3,T1_E1_Alicante,NO,30,-0.1087136645677389
T2_E2_Elda,O3,T1_E1_Alicante,NO,31,-0.11248927160147879
T2_E2_Elda,O3,T1_E1_Alicante,NO,32,-0.12028603119619481
T2_E2_Elda,O3,T1_E1_Alicante,NO,33,-0.13049086018603487
T2_E2_Elda,O3,T1_E1_Alicante,NO,34,-0.1384236750966368
T2_E2_Elda,O3,T1_E1_Alicante,NO,35,-0.13594604523066633
T2_E2_Elda,O3,T1_E1_Alicante,NO,36,-0.11906466201433281
T2_E2_Elda,O3,T1_E1_Alicante,NO,37,-0.08900920062572905
T2_E2_Elda,O3,T1_E1_Alicante,NO,38,-0.05214875106731229
T2_E2_Elda,O3,T1_E1_Alicante,NO,39,-0.017003864876642204
T2_E2_Elda,O3,T1_E1_Alicante,NO,40,0.008368482600771294
T2_E2_Elda,O3,T1_E1_Alicante,NO,41,0.021397953601875772
T2_E2_Elda,O3,T1_E1_Alicante,NO,42,0.02253222889074719
T2_E2_Elda,O3,T1_E1_Alicante,NO,43,0.014103387202556703
T2_E2_Elda,O3,T1_E1_Alicante,NO,44,-0.0041690747986624045
T2_E2_Elda,O3,T1_E1_Alicante,NO,45,-0.03363392422772926
T2_E2_Elda,O3,T1_E1_Alicante,NO,46,-0.07425814447364266
T2_E2_Elda,O3,T1_E1_Alicante,NO,47,-0.12066930396578329
T2_E2_Elda,O3,T1_E1_Alicante,NO,48,-0.15481532110781113
T2_E2_Elda,O3,T1_E1_Alicante,NO,49,-0.16249373096942069
T2_E2_Elda,O3,T1_E1_Alicante,NO,50,-0.14965772664488994
T2_E2_Elda,O3,T1_E1_Alicante,NO,51,-0.13160198614284022
T2_E2_Elda,O3,T1_E1_Alicante,NO,52,-0.11705051966161743
T2_E2_Elda,O3,T1_E1_Alicante,NO,53,-0.1098716274959616
T2_E2_Elda,O3,T1_E1_Alicante,NO,54,-0.10999462568139062
T2_E2_Elda,O3,T1_E1_Alicante,NO,55,-0.11408264321240336
T2_E2_Elda,O3,T1_E1_Alicante,NO,56,-0.1211185165731838
T2_E2_Elda,O3,T1_E1_Alicante,NO,57,-0.13000361523835507
T2_E2_Elda,O3,T1_E1_Alicante,NO,58,-0.13521023777675387
T2_E2_Elda,O3,T1_E1_Alicante,NO,59,-0.1310468696458563
T2_E2_Elda,O3,T1_E1_Alicante,NO,60,-0.1134124494728376
T2_E2_Elda,O3,T1_E1_Alicante,NO,61,-0.08456901301881926
T2_E2_Elda,O3,T1_E1_Alicante,NO,62,-0.05020384310945995
T2_E2_Elda,O3,T1_E1_Alicante,NO,63,-0.01798881793808674
T2_E2_Elda,O3,T1_E1_Alicante,NO,64,0.006481569027653713
T2_E2_Elda,O3,T1_E1_Alicante,NO,65,0.019913829956554874
T2_E2_Elda,O3,T1_E1_Alicante,NO,66,0.022062594105679206
T2_E2_Elda,O3,T1_E1_Alicante,NO,67,0.014366499209285833
T2_E2_Elda,O3,T1_E1_Alicante,NO,68,-0.003000742734758713
T2_E2_Elda,O3,T1_E1_Alicante,NO,69,-0.030587366552663663
T2_E2_Elda,O3,T1_E1_Alicante,NO,70,-0.06782430020452795
T2_E2_Elda,O3,T1_E1_Alicante,NO,71,-0.11028789813416581
T2_E2_Elda,O3,T1_E1_Alicante,NO,72,-0.14090439350777584
T2_E2_Elda,O3,T1_E1_Alicante,NO2,-72,-0.231470346229976
T2_E2_Elda,O3,T1_E1_Alicante,NO2,-71,-0.22195202117317556
T2_E2_Elda,O3,T1_E1_Alicante,NO2,-70,-0.18344426072914038
T2_E2_Elda,O3,T1_E1_Alicante,NO2,-69,-0.13582377193000494
T2_E2_Elda,O3,T1_E1_Alicante,NO2,-68,-0.09405649332820426
T2_E2_Elda,O3,T1_E1_Alicante,NO2,-67,-0.06452988666205754
T2_E2_Elda,O3,T1_E1_Alicante,NO2,-66,-0.047098192712726514
T2_E2_Elda,O3,T1_E1_Alicante,NO2,-65,-0.04028757199656775
T2_E2_Elda,O3,T1_E1_Alicante,NO2,-64,-0.041654248515272545
T2_E2_Elda,O3,T1_E1_Alicante,NO2,-63,-0.046394095240935476
T2_E2_Elda,O3,T1_E1_Alicante,NO2,-62,-0.05001283042012903
T2_E2_Elda,O3,T1_E1_Alicante,NO2,-61,-0.048632846709491716
T2_E2_Elda,O3,T1_E1_Alicante,NO2,-60,-0.038085285091036994
T2_E2_Elda,O3,T1_E1_Alicante,NO2,-59,-0.02007123577058083
T2_E2_Elda,O3,T1_E1_Alicante,NO2,-58,0.001095113076163921
T2_E2_Elda,O3,T1_E1_Alicante,NO2,-57,0.02056815516354072
T2_E2_Elda,O3,T1_E1_Alicante,NO2,-56,0.03181524119528585
T2_E2_Elda,O3,T1_E1_Alicante,NO2,-55,0.03265855775126897
T2_E2_Elda,O3,T1_E1_Alicante,NO2,-54,0.021065474798425084
T2_E2_Elda,O3,T1_E1_Alicante,NO2,-53,-0.0035332522613042896
T2_E2_Elda,O3,T1_E1_Alicante,NO2,-52,-0.04222170636799763
T2_E2_Elda,O3,T1_E1_Alicante,NO2,-51,-0.0946035652361775
T2_E2_Elda,O3,T1_E1_Alicante,NO2,-50,-0.15570119243143404
T2_E2_Elda,O3,T1_E1_Alicante,NO2,-49,-0.21210471348816556
T2_E2_Elda,O3,T1_E1_Alicante,NO2,-48,-0.24102605184865206
T2_E2_Elda,O3,T1_E1_Alicante,NO2,-47,-0.22974827952798316
T2_E2_Elda,O3,T1_E1_Alicante,NO2,-46,-0.18728872374878835
T2_E2_Elda,O3,T1_E1_Alicante,NO2,-45,-0.13615077163915348
T2_E2_Elda,O3,T1_E1_Alicante,NO2,-44,-0.09188582398299291
T2_E2_Elda,O3,T1_E1_Alicante,NO2,-43,-0.059883837819204484
T2_E2_Elda,O3,T1_E1_Alicante,NO2,-42,-0.041474644391322105
T2_E2_Elda,O3,T1_E1_Alicante,NO2,-41,-0.035435221983180484
T2_E2_Elda,O3,T1_E1_Alicante,NO2,-40,-0.038463484651653154
T2_E2_Elda,O3,T1_E1_Alicante,NO2,-39,-0.04578347721464931
T2_E2_Elda,O3,T1_E1_Alicante,NO2,-38,-0.050512254809814056
T2_E2_Elda,O3,T1_E1_Alicante,NO2,-37,-0.0477874721013526
T2_E2_Elda,O3,T1_E1_Alicante,NO2,-36,-0.03757112731297224
T2_E2_Elda,O3,T1_E1_Alicante,NO2,-35,-0.01990762431832175
T2_E2_Elda,O3,T1_E1_Alicante,NO2,-34,0.0023107860116255365
T2_E2_Elda,O3,T1_E1_Alicante,NO2,-33,0.022312278031054532
T2_E2_Elda,O3,T1_E1_Alicante,NO2,-32,0.03439240753377304
T2_E2_Elda,O3,T1_E1_Alicante,NO2,-31,0.03555075340162291
T2_E2_Elda,O3,T1_E1_Alicante,NO2,-30,0.02341545125089777
T2_E2_Elda,O3,T1_E1_Alicante,NO2,-29,-0.004155137369315343
T2_E2_Elda,O3,T1_E1_Alicante,NO2,-28,-0.04637610304597184
T2_E2_Elda,O3,T1_E1_Alicante,NO2,-27,-0.10236423026305705
T2_E2_Elda,O3,T1_E1_Alicante,NO2,-26,-0.1689786800896694
T2_E2_Elda,O3,T1_E1_Alicante,NO2,-25,-0.23201553670310207
T2_E2_Elda,O3,T1_E1_Alicante,NO2,-24,-0.2661590291316208
T2_E2_Elda,O3,T1_E1_Alicante,NO2,-23,-0.2556763377074886
T2_E2_Elda,O3,T1_E1_Alicante,NO2,-22,-0.21062039332975058
T2_E2_Elda,O3,T1_E1_Alicante,NO2,-21,-0.15529554088434258
T2_E2_Elda,O3,T1_E1_Alicante,NO2,-20,-0.10783510319840796
T2_E2_Elda,O3,T1_E1_Alicante,NO2,-19,-0.07533575668164391
T2_E2_Elda,O3,T1_E1_Alicante,NO2,-18,-0.058036146698539855
T2_E2_Elda,O3,T1_E1_Alicante,NO2,-17,-0.053820969481339555
T2_E2_Elda,O3,T1_E1_Alicante,NO2,-16,-0.05868905142659921
T2_E2_Elda,O3,T1_E1_Alicante,NO2,-15,-0.06728319005897113
T2_E2_Elda,O3,T1_E1_Alicante,NO2,-14,-0.07390533603684996
T2_E2_Elda,O3,T1_E1_Alicante,NO2,-13,-0.07442457540548442
T2_E2_Elda,O3,T1_E1_Alicante,NO2,-12,-0.06596427879233524
T2_E2_Elda,O3,T1_E1_Alicante,NO2,-11,-0.04935294909094881
T2_E2_Elda,O3,T1_E1_Alicante,NO2,-10,-0.02813868089083318
T2_E2_Elda,O3,T1_E1_Alicante,NO2,-9,-0.007772111392760177
T2_E2_Elda,O3,T1_E1_Alicante,NO2,-8,0.005030335993941084
T2_E2_Elda,O3,T1_E1_Alicante,NO2,-7,0.005506823992758414
T2_E2_Elda,O3,T1_E1_Alicante,NO2,-6,-0.01038755094071008
T2_E2_Elda,O3,T1_E1_Alicante,NO2,-5,-0.043625904380351584
T2_E2_Elda,O3,T1_E1_Alicante,NO2,-4,-0.09442926936875921
T2_E2_Elda,O3,T1_E1_Alicante,NO2,-3,-0.1627132993476147
T2_E2_Elda,O3,T1_E1_Alicante,NO2,-2,-0.24276791276208903
T2_E2_Elda,O3,T1_E1_Alicante,NO2,-1,-0.3166903507934755
T2_E2_Elda,O3,T1_E1_Alicante,NO2,0,-0.3540977615838852
T2_E2_Elda,O3,T1_E1_Alicante,NO2,1,-0.3362918944405319
T2_E2_Elda,O3,T1_E1_Alicante,NO2,2,-0.2789586803507236
T2_E2_Elda,O3,T1_E1_Alicante,NO2,3,-0.21459643372935414
T2_E2_Elda,O3,T1_E1_Alicante,NO2,4,-0.1609589023759198
T2_E2_Elda,O3,T1_E1_Alicante,NO2,5,-0.1240325097710512
T2_E2_Elda,O3,T1_E1_Alicante,NO2,6,-0.10374691619950649
T2_E2_Elda,O3,T1_E1_Alicante,NO2,7,-0.09676874318429443
T2_E2_Elda,O3,T1_E1_Alicante,NO2,8,-0.09879248088280809
T2_E2_Elda,O3,T1_E1_Alicante,NO2,9,-0.10473091628339026
T2_E2_Elda,O3,T1_E1_Alicante,NO2,10,-0.10882789898581059
T2_E2_Elda,O3,T1_E1_Alicante,NO2,11,-0.10647487627359105
T2_E2_Elda,O3,T1_E1_Alicante,NO2,12,-0.09496653233839518
T2_E2_Elda,O3,T1_E1_Alicante,NO2,13,-0.07483147734258981
T2_E2_Elda,O3,T1_E1_Alicante,NO2,14,-0.04883830253988954
T2_E2_Elda,O3,T1_E1_Alicante,NO2,15,-0.025319821483147577
T2_E2_Elda,O3,T1_E1_Alicante,NO2,16,-0.010588893339441595
T2_E2_Elda,O3,T1_E1_Alicante,NO2,17,-0.0076029778206042654
T2_E2_Elda,O3,T1_E1_Alicante,NO2,18,-0.019321781219664876
T2_E2_Elda,O3,T1_E1_Alicante,NO2,19,-0.04607970764278096
T2_E2_Elda,O3,T1_E1_Alicante,NO2,20,-0.08699544564607815
T2_E2_Elda,O3,T1_E1_Alicante,NO2,21,-0.14186254228220724
T2_E2_Elda,O3,T1_E1_Alicante,NO2,22,-0.20684775773811404
T2_E2_Elda,O3,T1_E1_Alicante,NO2,23,-0.26792387431618286
T2_E2_Elda,O3,T1_E1_Alicante,NO2,24,-0.2990486465909502
T2_E2_Elda,O3,T1_E1_Alicante,NO2,25,-0.28426569032714455
T2_E2_Elda,O3,T1_E1_Alicante,NO2,26,-0.2353163300147602
T2_E2_Elda,O3,T1_E1_Alicante,NO2,27,-0.1781693817733157
T2_E2_Elda,O3,T1_E1_Alicante,NO2,28,-0.12905929574962652
T2_E2_Elda,O3,T1_E1_Alicante,NO2,29,-0.09453157043537634
T2_E2_Elda,O3,T1_E1_Alicante,NO2,30,-0.07529629298867237
T2_E2_Elda,O3,T1_E1_Alicante,NO2,31,-0.06881972640520394
T2_E2_Elda,O3,T1_E1_Alicante,NO2,32,-0.07018099051731617
T2_E2_Elda,O3,T1_E1_Alicante,NO2,33,-0.07431762134436282
T2_E2_Elda,O3,T1_E1_Alicante,NO2,34,-0.07832256345978635
T2_E2_Elda,O3,T1_E1_Alicante,NO2,35,-0.0775116664830609
T2_E2_Elda,O3,T1_E1_Alicante,NO2,36,-0.06883385724828843
T2_E2_Elda,O3,T1_E1_Alicante,NO2,37,-0.05223798097752546
T2_E2_Elda,O3,T1_E1_Alicante,NO2,38,-0.03104912792517689
T2_E2_Elda,O3,T1_E1_Alicante,NO2,39,-0.01126722180439494
T2_E2_Elda,O3,T1_E1_Alicante,NO2,40,0.0006874951789686504
T2_E2_Elda,O3,T1_E1_Alicante,NO2,41,0.0015736434312431842
T2_E2_Elda,O3,T1_E1_Alicante,NO2,42,-0.009697658829231206
T2_E2_Elda,O3,T1_E1_Alicante,NO2,43,-0.03341754662274745
T2_E2_Elda,O3,T1_E1_Alicante,NO2,44,-0.06917824108471525
T2_E2_Elda,O3,T1_E1_Alicante,NO2,45,-0.11888941959395809
T2_E2_Elda,O3,T1_E1_Alicante,NO2,46,-0.17889911097953728
T2_E2_Elda,O3,T1_E1_Alicante,NO2,47,-0.23618769469135745
T2_E2_Elda,O3,T1_E1_Alicante,NO2,48,-0.26757960769339334
T2_E2_Elda,O3,T1_E1_Alicante,NO2,49,-0.2590187228710914
T2_E2_Elda,O3,T1_E1_Alicante,NO2,50,-0.21899116970335894
T2_E2_Elda,O3,T1_E1_Alicante,NO2,51,-0.16951907270506114
T2_E2_Elda,O3,T1_E1_Alicante,NO2,52,-0.1254462557842707
T2_E2_Elda,O3,T1_E1_Alicante,NO2,53,-0.09398439649025749
T2_E2_Elda,O3,T1_E1_Alicante,NO2,54,-0.07640793924380157
T2_E2_Elda,O3,T1_E1_Alicante,NO2,55,-0.06997951486360125
T2_E2_Elda,O3,T1_E1_Alicante,NO2,56,-0.07088195218535631
T2_E2_Elda,O3,T1_E1_Alicante,NO2,57,-0.07494729575434962
T2_E2_Elda,O3,T1_E1_Alicante,NO2,58,-0.07821951624592097
T2_E2_Elda,O3,T1_E1_Alicante,NO2,59,-0.07548865351108729
T2_E2_Elda,O3,T1_E1_Alicante,NO2,60,-0.06463891209465918
T2_E2_Elda,O3,T1_E1_Alicante,NO2,61,-0.04751090039998959
T2_E2_Elda,O3,T1_E1_Alicante,NO2,62,-0.027289082899450076
T2_E2_Elda,O3,T1_E1_Alicante,NO2,63,-0.009119994381564137
T2_E2_Elda,O3,T1_E1_Alicante,NO2,64,0.002188940666631855
T2_E2_Elda,O3,T1_E1_Alicante,NO2,65,0.0036147098389957308
T2_E2_Elda,O3,T1_E1_Alicante,NO2,66,-0.006912458624054821
T2_E2_Elda,O3,T1_E1_Alicante,NO2,67,-0.029920138651709758
T2_E2_Elda,O3,T1_E1_Alicante,NO2,68,-0.06586131653420309
T2_E2_Elda,O3,T1_E1_Alicante,NO2,69,-0.11491666992900022
T2_E2_Elda,O3,T1_E1_Alicante,NO2,70,-0.17290530476914756
T2_E2_Elda,O3,T1_E1_Alicante,NO2,71,-0.2267785687151818
T2_E2_Elda,O3,T1_E1_Alicante,NO2,72,-0.2546122745944267
T2_E2_Elda,O3,T1_E1_Alicante,O3,-72,0.6039930134637312
T2_E2_Elda,O3,T1_E1_Alicante,O3,-71,0.6018755277834857
T2_E2_Elda,O3,T1_E1_Alicante,O3,-70,0.5586740001781957
T2_E2_Elda,O3,T1_E1_Alicante,O3,-69,0.48832144720671133
T2_E2_Elda,O3,T1_E1_Alicante,O3,-68,0.40286846343497557
T2_E2_Elda,O3,T1_E1_Alicante,O3,-67,0.3104422929738473
T2_E2_Elda,O3,T1_E1_Alicante,O3,-66,0.21736932116496904
T2_E2_Elda,O3,T1_E1_Alicante,O3,-65,0.12815983291352118
T2_E2_Elda,O3,T1_E1_Alicante,O3,-64,0.04541214201397563
T2_E2_Elda,O3,T1_E1_Alicante,O3,-63,-0.02801593635639832
T2_E2_Elda,O3,T1_E1_Alicante,O3,-62,-0.08988681729150823
T2_E2_Elda,O3,T1_E1_Alicante,O3,-61,-0.13774020966093167
T2_E2_Elda,O3,T1_E1_Alicante,O3,-60,-0.16908824942262576
T2_E2_Elda,O3,T1_E1_Alicante,O3,-59,-0.1808456268260589
T2_E2_Elda,O3,T1_E1_Alicante,O3,-58,-0.1715719887503042
T2_E2_Elda,O3,T1_E1_Alicante,O3,-57,-0.14066908700440806
T2_E2_Elda,O3,T1_E1_Alicante,O3,-56,-0.0876995215823606
T2_E2_Elda,O3,T1_E1_Alicante,O3,-55,-0.014641334297685755
T2_E2_Elda,O3,T1_E1_Alicante,O3,-54,0.07517874390458051
T2_E2_Elda,O3,T1_E1_Alicante,O3,-53,0.1770201539540562
T2_E2_Elda,O3,T1_E1_Alicante,O3,-52,0.2855908888816231
T2_E2_Elda,O3,T1_E1_Alicante,O3,-51,0.3945685604439784
T2_E2_Elda,O3,T1_E1_Alicante,O3,-50,0.4959940271274398
T2_E2_Elda,O3,T1_E1_Alicante,O3,-49,0.5769854501948672
T2_E2_Elda,O3,T1_E1_Alicante,O3,-48,0.62080082257771
T2_E2_Elda,O3,T1_E1_Alicante,O3,-47,0.6174333772067676
T2_E2_Elda,O3,T1_E1_Alicante,O3,-46,0.5722405135197298
T2_E2_Elda,O3,T1_E1_Alicante,O3,-45,0.4993111282180896
T2_E2_Elda,O3,T1_E1_Alicante,O3,-44,0.41184742236284927
T2_E2_Elda,O3,T1_E1_Alicante,O3,-43,0.3175512895682082
T2_E2_Elda,O3,T1_E1_Alicante,O3,-42,0.22263752884893673
T2_E2_Elda,O3,T1_E1_Alicante,O3,-41,0.1317378170816812
T2_E2_Elda,O3,T1_E1_Alicante,O3,-40,0.048100242120968195
T2_E2_Elda,O3,T1_E1_Alicante,O3,-39,-0.025408213057277702
T2_E2_Elda,O3,T1_E1_Alicante,O3,-38,-0.08705896471281709
T2_E2_Elda,O3,T1_E1_Alicante,O3,-37,-0.13494573088312897
T2_E2_Elda,O3,T1_E1_Alicante,O3,-36,-0.1653798247339959
T2_E2_Elda,O3,T1_E1_Alicante,O3,-35,-0.17602708060506136
T2_E2_Elda,O3,T1_E1_Alicante,O3,-34,-0.1661221886960374
T2_E2_Elda,O3,T1_E1_Alicante,O3,-33,-0.1340574391912845
T2_E2_Elda,O3,T1_E1_Alicante,O3,-32,-0.0793457014959707
T2_E2_Elda,O3,T1_E1_Alicante,O3,-31,-0.004109168477296018
T2_E2_Elda,O3,T1_E1_Alicante,O3,-30,0.08808620205065691
T2_E2_Elda,O3,T1_E1_Alicante,O3,-29,0.1935232532313047
T2_E2_Elda,O3,T1_E1_Alicante,O3,-28,0.3069271386726316
T2_E2_Elda,O3,T1_E1_Alicante,O3,-27,0.42215141311918886
T2_E2_Elda,O3,T1_E1_Alicante,O3,-26,0.5307590305182269
T2_E2_Elda,O3,T1_E1_Alicante,O3,-25,0.6187754640640165
T2_E2_Elda,O3,T1_E1_Alicante,O3,-24,0.6674282006891183
T2_E2_Elda,O3,T1_E1_Alicante,O3,-23,0.6659306326013685
T2_E2_Elda,O3,T1_E1_Alicante,O3,-22,0.6200876423477657
T2_E2_Elda,O3,T1_E1_Alicante,O3,-21,0.5459329906163838
T2_E2_Elda,O3,T1_E1_Alicante,O3,-20,0.4562144464713545
T2_E2_Elda,O3,T1_E1_Alicante,O3,-19,0.3598033954072899
T2_E2_Elda,O3,T1_E1_Alicante,O3,-18,0.2626963572141219
T2_E2_Elda,O3,T1_E1_Alicante,O3,-17,0.16903001910991633
T2_E2_Elda,O3,T1_E1_Alicante,O3,-16,0.08268160429222673
T2_E2_Elda,O3,T1_E1_Alicante,O3,-15,0.006017635368484967
T2_E2_Elda,O3,T1_E1_Alicante,O3,-14,-0.058581730505894075
T2_E2_Elda,O3,T1_E1_Alicante,O3,-13,-0.10799296254513777
T2_E2_Elda,O3,T1_E1_Alicante,O3,-12,-0.13932539246767967
T2_E2_Elda,O3,T1_E1_Alicante,O3,-11,-0.15043642767802667
T2_E2_Elda,O3,T1_E1_Alicante,O3,-10,-0.1388560046518842
T2_E2_Elda,O3,T1_E1_Alicante,O3,-9,-0.10337875698157362
T2_E2_Elda,O3,T1_E1_Alicante,O3,-8,-0.043534528597297194
T2_E2_Elda,O3,T1_E1_Alicante,O3,-7,0.03928976333990197
T2_E2_Elda,O3,T1_E1_Alicante,O3,-6,0.1417049557918635
T2_E2_Elda,O3,T1_E1_Alicante,O3,-5,0.2591547524064517
T2_E2_Elda,O3,T1_E1_Alicante,O3,-4,0.3866385229821671
T2_E2_Elda,O3,T1_E1_Alicante,O3,-3,0.5172984313654473
T2_E2_Elda,O3,T1_E1_Alicante,O3,-2,0.6410890031089457
T2_E2_Elda,O3,T1_E1_Alicante,O3,-1,0.7413614604920977
T2_E2_Elda,O3,T1_E1_Alicante,O3,0,0.795705824922546
T2_E2_Elda,O3,T1_E1_Alicante,O3,1,0.7906749897021365
T2_E2_Elda,O3,T1_E1_Alicante,O3,2,0.7341540616410077
T2_E2_Elda,O3,T1_E1_Alicante,O3,3,0.6459094371234456
T2_E2_Elda,O3,T1_E1_Alicante,O3,4,0.541510927081859
T2_E2_Elda,O3,T1_E1_Alicante,O3,5,0.43126783647773065
T2_E2_Elda,O3,T1_E1_Alicante,O3,6,0.32170232128682746
T2_E2_Elda,O3,T1_E1_Alicante,O3,7,0.2167674936246387
T2_E2_Elda,O3,T1_E1_Alicante,O3,8,0.12007178411530293
T2_E2_Elda,O3,T1_E1_Alicante,O3,9,0.034750808121238104
T2_E2_Elda,O3,T1_E1_Alicante,O3,10,-0.03653568966104102
T2_E2_Elda,O3,T1_E1_Alicante,O3,11,-0.09120118324108237
T2_E2_Elda,O3,T1_E1_Alicante,O3,12,-0.1271076885689742
T2_E2_Elda,O3,T1_E1_Alicante,O3,13,-0.14187741307961232
T2_E2_Elda,O3,T1_E1_Alicante,O3,14,-0.13450813972845158
T2_E2_Elda,O3,T1_E1_Alicante,O3,15,-0.1037402606578787
T2_E2_Elda,O3,T1_E1_Alicante,O3,16,-0.04918063520294556
T2_E2_Elda,O3,T1_E1_Alicante,O3,17,0.026673195952316195
T2_E2_Elda,O3,T1_E1_Alicante,O3,18,0.1199212837789067
T2_E2_Elda,O3,T1_E1_Alicante,O3,19,0.22544810304862634
T2_E2_Elda,O3,T1_E1_Alicante,O3,20,0.33739476711800176
T2_E2_Elda,O3,T1_E1_Alicante,O3,21,0.45036853543683547
T2_E2_Elda,O3,T1_E1_Alicante,O3,22,0.5551131067857741
T2_E2_Elda,O3,T1_E1_Alicante,O3,23,0.6384040073852676
T2_E2_Elda,O3,T1_E1_Alicante,O3,24,0.6817551975915106
T2_E2_Elda,O3,T1_E1_Alicante,O3,25,0.674924056223037
T2_E2_Elda,O3,T1_E1_Alicante,O3,26,0.6233227190985036
T2_E2_Elda,O3,T1_E1_Alicante,O3,27,0.5433441550517631
T2_E2_Elda,O3,T1_E1_Alicante,O3,28,0.4487710255505996
T2_E2_Elda,O3,T1_E1_Alicante,O3,29,0.34850127258473723
T2_E2_Elda,O3,T1_E1_Alicante,O3,30,0.24888209370382516
T2_E2_Elda,O3,T1_E1_Alicante,O3,31,0.15336621299073103
T2_E2_Elda,O3,T1_E1_Alicante,O3,32,0.06519690318489096
T2_E2_Elda,O3,T1_E1_Alicante,O3,33,-0.01288856796947691
T2_E2_Elda,O3,T1_E1_Alicante,O3,34,-0.07771517801561988
T2_E2_Elda,O3,T1_E1_Alicante,O3,35,-0.12719244847069797
T2_E2_Elda,O3,T1_E1_Alicante,O3,36,-0.15859790432265597
T2_E2_Elda,O3,T1_E1_Alicante,O3,37,-0.1705976423591395
T2_E2_Elda,O3,T1_E1_Alicante,O3,38,-0.16161394073687452
T2_E2_Elda,O3,T1_E1_Alicante,O3,39,-0.1311233560002764
T2_E2_Elda,O3,T1_E1_Alicante,O3,40,-0.07847342398673202
T2_E2_Elda,O3,T1_E1_Alicante,O3,41,-0.005364216085521788
T2_E2_Elda,O3,T1_E1_Alicante,O3,42,0.0843144767039861
T2_E2_Elda,O3,T1_E1_Alicante,O3,43,0.18524466242000215
T2_E2_Elda,O3,T1_E1_Alicante,O3,44,0.2916908938294429
T2_E2_Elda,O3,T1_E1_Alicante,O3,45,0.39922541794561306
T2_E2_Elda,O3,T1_E1_Alicante,O3,46,0.4999782456111338
T2_E2_Elda,O3,T1_E1_Alicante,O3,47,0.5809651796331636
T2_E2_Elda,O3,T1_E1_Alicante,O3,48,0.6249683317928973
T2_E2_Elda,O3,T1_E1_Alicante,O3,49,0.6222930002554593
T2_E2_Elda,O3,T1_E1_Alicante,O3,50,0.5768738827415697
T2_E2_Elda,O3,T1_E1_Alicante,O3,51,0.5035015673163814
T2_E2_Elda,O3,T1_E1_Alicante,O3,52,0.41469932358764217
T2_E2_Elda,O3,T1_E1_Alicante,O3,53,0.3197667566896321
T2_E2_Elda,O3,T1_E1_Alicante,O3,54,0.22481115679862496
T2_E2_Elda,O3,T1_E1_Alicante,O3,55,0.13416069469416594
T2_E2_Elda,O3,T1_E1_Alicante,O3,56,0.050332605085272826
T2_E2_Elda,O3,T1_E1_Alicante,O3,57,-0.024429048216633373
T2_E2_Elda,O3,T1_E1_Alicante,O3,58,-0.08677883292493499
T2_E2_Elda,O3,T1_E1_Alicante,O3,59,-0.13462154092852244
T2_E2_Elda,O3,T1_E1_Alicante,O3,60,-0.16543074354542764
T2_E2_Elda,O3,T1_E1_Alicante,O3,61,-0.1764501556605016
T2_E2_Elda,O3,T1_E1_Alicante,O3,62,-0.1667792987395541
T2_E2_Elda,O3,T1_E1_Alicante,O3,63,-0.13610617811498277
T2_E2_Elda,O3,T1_E1_Alicante,O3,64,-0.08400785159057556
T2_E2_Elda,O3,T1_E1_Alicante,O3,65,-0.012415364632336641
T2_E2_Elda,O3,T1_E1_Alicante,O3,66,0.07514623191015961
T2_E2_Elda,O3,T1_E1_Alicante,O3,67,0.17429047858577765
T2_E2_Elda,O3,T1_E1_Alicante,O3,68,0.27995890985848354
T2_E2_Elda,O3,T1_E1_Alicante,O3,69,0.38684251588362234
T2_E2_Elda,O3,T1_E1_Alicante,O3,70,0.4862450651017858
T2_E2_Elda,O3,T1_E1_Alicante,O3,71,0.5649632414095783
T2_E2_Elda,O3,T1_E1_Alicante,O3,72,0.6070202627181656
T2_E2_Elda,O3,T2_E1_Elche,NO,-72,-0.12396338770705692
T2_E2_Elda,O3,T2_E1_Elche,NO,-71,-0.12173294811951427
T2_E2_Elda,O3,T2_E1_Elche,NO,-70,-0.10398508052844285
T2_E2_Elda,O3,T2_E1_Elche,NO,-69,-0.08276059028194055
T2_E2_Elda,O3,T2_E1_Elche,NO,-68,-0.06833524089161386
T2_E2_Elda,O3,T2_E1_Elche,NO,-67,-0.0647661160740965
T2_E2_Elda,O3,T2_E1_Elche,NO,-66,-0.06832482958246647
T2_E2_Elda,O3,T2_E1_Elche,NO,-65,-0.07556813980677893
T2_E2_Elda,O3,T2_E1_Elche,NO,-64,-0.08677511553934616
T2_E2_Elda,O3,T2_E1_Elche,NO,-63,-0.10218258899700104
T2_E2_Elda,O3,T2_E1_Elche,NO,-62,-0.11652812924876353
T2_E2_Elda,O3,T2_E1_Elche,NO,-61,-0.1227996911463953
T2_E2_Elda,O3,T2_E1_Elche,NO,-60,-0.11554747183004396
T2_E2_Elda,O3,T2_E1_Elche,NO,-59,-0.09451185667940622
T2_E2_Elda,O3,T2_E1_Elche,NO,-58,-0.06599355146297593
T2_E2_Elda,O3,T2_E1_Elche,NO,-57,-0.03790792865287641
T2_E2_Elda,O3,T2_E1_Elche,NO,-56,-0.017987875946465934
T2_E2_Elda,O3,T2_E1_Elche,NO,-55,-0.00781346485821632
T2_E2_Elda,O3,T2_E1_Elche,NO,-54,-0.007193546718625079
T2_E2_Elda,O3,T2_E1_Elche,NO,-53,-0.01624196221342454
T2_E2_Elda,O3,T2_E1_Elche,NO,-52,-0.034158162119217884
T2_E2_Elda,O3,T2_E1_Elche,NO,-51,-0.058351254166117715
T2_E2_Elda,O3,T2_E1_Elche,NO,-50,-0.08639358423125
T2_E2_Elda,O3,T2_E1_Elche,NO,-49,-0.11418825597285284
T2_E2_Elda,O3,T2_E1_Elche,NO,-48,-0.13040053482757352
T2_E2_Elda,O3,T2_E1_Elche,NO,-47,-0.126833403511434
T2_E2_Elda,O3,T2_E1_Elche,NO,-46,-0.10819810704900462
T2_E2_Elda,O3,T2_E1_Elche,NO,-45,-0.08596656540794025
T2_E2_Elda,O3,T2_E1_Elche,NO,-44,-0.07073152946483344
T2_E2_Elda,O3,T2_E1_Elche,NO,-43,-0.06472782457569612
T2_E2_Elda,O3,T2_E1_Elche,NO,-42,-0.06586958004375844
T2_E2_Elda,O3,T2_E1_Elche,NO,-41,-0.07236808340423688
T2_E2_Elda,O3,T2_E1_Elche,NO,-40,-0.08523464550908705
T2_E2_Elda,O3,T2_E1_Elche,NO,-39,-0.10110276914075575
T2_E2_Elda,O3,T2_E1_Elche,NO,-38,-0.11639476762360583
T2_E2_Elda,O3,T2_E1_Elche,NO,-37,-0.12090444482005637
T2_E2_Elda,O3,T2_E1_Elche,NO,-36,-0.11225299549985433
T2_E2_Elda,O3,T2_E1_Elche,NO,-35,-0.09094538408546554
T2_E2_Elda,O3,T2_E1_Elche,NO,-34,-0.06307196414140705
T2_E2_Elda,O3,T2_E1_Elche,NO,-33,-0.03575757415269028
T2_E2_Elda,O3,T2_E1_Elche,NO,-32,-0.015796940707828954
T2_E2_Elda,O3,T2_E1_Elche,NO,-31,-0.004206871202131974
T2_E2_Elda,O3,T2_E1_Elche,NO,-30,-0.0013682211710778283
T2_E2_Elda,O3,T2_E1_Elche,NO,-29,-0.007637306153170601
T2_E2_Elda,O3,T2_E1_Elche,NO,-28,-0.022021957889899697
T2_E2_Elda,O3,T2_E1_Elche,NO,-27,-0.04437658498912157
T2_E2_Elda,O3,T2_E1_Elche,NO,-26,-0.07362696048942537
T2_E2_Elda,O3,T2_E1_Elche,NO,-25,-0.10526709371266671
T2_E2_Elda,O3,T2_E1_Elche,NO,-24,-0.12530503604858223
T2_E2_Elda,O3,T2_E1_Elche,NO,-23,-0.12610391941857643
T2_E2_Elda,O3,T2_E1_Elche,NO,-22,-0.10999582058436153
T2_E2_Elda,O3,T2_E1_Elche,NO,-21,-0.0911455834128449
T2_E2_Elda,O3,T2_E1_Elche,NO,-20,-0.07789006857116924
T2_E2_Elda,O3,T2_E1_Elche,NO,-19,-0.0723841889929096
T2_E2_Elda,O3,T2_E1_Elche,NO,-18,-0.07427739350865714
T2_E2_Elda,O3,T2_E1_Elche,NO,-17,-0.0819255131903065
T2_E2_Elda,O3,T2_E1_Elche,NO,-16,-0.09484266720981051
T2_E2_Elda,O3,T2_E1_Elche,NO,-15,-0.11134217411399389
T2_E2_Elda,O3,T2_E1_Elche,NO,-14,-0.12695877045178647
T2_E2_Elda,O3,T2_E1_Elche,NO,-13,-0.1331341012964651
T2_E2_Elda,O3,T2_E1_Elche,NO,-12,-0.12457301130844
T2_E2_Elda,O3,T2_E1_Elche,NO,-11,-0.10226087072723894
T2_E2_Elda,O3,T2_E1_Elche,NO,-10,-0.0734462023459627
T2_E2_Elda,O3,T2_E1_Elche,NO,-9,-0.04577563537232613
T2_E2_Elda,O3,T2_E1_Elche,NO,-8,-0.025198352310141597
T2_E2_Elda,O3,T2_E1_Elche,NO,-7,-0.013972844364099044
T2_E2_Elda,O3,T2_E1_Elche,NO,-6,-0.012550809258513766
T2_E2_Elda,O3,T2_E1_Elche,NO,-5,-0.022299794429389917
T2_E2_Elda,O3,T2_E1_Elche,NO,-4,-0.04411260000649375
T2_E2_Elda,O3,T2_E1_Elche,NO,-3,-0.07858871829627621
T2_E2_Elda,O3,T2_E1_Elche,NO,-2,-0.12282112667796709
T2_E2_Elda,O3,T2_E1_Elche,NO,-1,-0.168711471903887
T2_E2_Elda,O3,T2_E1_Elche,NO,0,-0.19890254593549292
T2_E2_Elda,O3,T2_E1_Elche,NO,1,-0.19635114015781996
T2_E2_Elda,O3,T2_E1_Elche,NO,2,-0.16648443045852462
T2_E2_Elda,O3,T2_E1_Elche,NO,3,-0.131281153085402
T2_E2_Elda,O3,T2_E1_Elche,NO,4,-0.1071465077492512
T2_E2_Elda,O3,T2_E1_Elche,NO,5,-0.09663874834816906
T2_E2_Elda,O3,T2_E1_Elche,NO,6,-0.09584377469025984
T2_E2_Elda,O3,T2_E1_Elche,NO,7,-0.10309586417967849
T2_E2_Elda,O3,T2_E1_Elche,NO,8,-0.11580675364734058
T2_E2_Elda,O3,T2_E1_Elche,NO,9,-0.1318979264100584
T2_E2_Elda,O3,T2_E1_Elche,NO,10,-0.14802261705210149
T2_E2_Elda,O3,T2_E1_Elche,NO,11,-0.1546978672222423
T2_E2_Elda,O3,T2_E1_Elche,NO,12,-0.1465954317121852
T2_E2_Elda,O3,T2_E1_Elche,NO,13,-0.12181374938215898
T2_E2_Elda,O3,T2_E1_Elche,NO,14,-0.08936380887244333
T2_E2_Elda,O3,T2_E1_Elche,NO,15,-0.05732411262879895
T2_E2_Elda,O3,T2_E1_Elche,NO,16,-0.03245350181919414
T2_E2_Elda,O3,T2_E1_Elche,NO,17,-0.019391134002519655
T2_E2_Elda,O3,T2_E1_Elche,NO,18,-0.01788571238141218
T2_E2_Elda,O3,T2_E1_Elche,NO,19,-0.026079089420268008
T2_E2_Elda,O3,T2_E1_Elche,NO,20,-0.04544062324578117
T2_E2_Elda,O3,T2_E1_Elche,NO,21,-0.07279800352581649
T2_E2_Elda,O3,T2_E1_Elche,NO,22,-0.10741557096691008
T2_E2_Elda,O3,T2_E1_Elche,NO,23,-0.14172361436567235
T2_E2_Elda,O3,T2_E1_Elche,NO,24,-0.16430352354849675
T2_E2_Elda,O3,T2_E1_Elche,NO,25,-0.16246078611645168
T2_E2_Elda,O3,T2_E1_Elche,NO,26,-0.1399131096940253
T2_E2_Elda,O3,T2_E1_Elche,NO,27,-0.11351312981104643
T2_E2_Elda,O3,T2_E1_Elche,NO,28,-0.09440477178218058
T2_E2_Elda,O3,T2_E1_Elche,NO,29,-0.08534708951017221
T2_E2_Elda,O3,T2_E1_Elche,NO,30,-0.0852950436046028
T2_E2_Elda,O3,T2_E1_Elche,NO,31,-0.09303367944922349
T2_E2_Elda,O3,T2_E1_Elche,NO,32,-0.10559821390011138
T2_E2_Elda,O3,T2_E1_Elche,NO,33,-0.11924498072135747
T2_E2_Elda,O3,T2_E1_Elche,NO,34,-0.13137130878889497
T2_E2_Elda,O3,T2_E1_Elche,NO,35,-0.1340005688176105
T2_E2_Elda,O3,T2_E1_Elche,NO,36,-0.12399783319315459
T2_E2_Elda,O3,T2_E1_Elche,NO,37,-0.10142357951262103
T2_E2_Elda,O3,T2_E1_Elche,NO,38,-0.07204232877385404
T2_E2_Elda,O3,T2_E1_Elche,NO,39,-0.043644168754790554
T2_E2_Elda,O3,T2_E1_Elche,NO,40,-0.022994241239286718
T2_E2_Elda,O3,T2_E1_Elche,NO,41,-0.012107978257909302
T2_E2_Elda,O3,T2_E1_Elche,NO,42,-0.010117945474186874
T2_E2_Elda,O3,T2_E1_Elche,NO,43,-0.014967627513178044
T2_E2_Elda,O3,T2_E1_Elche,NO,44,-0.02881979603502958
T2_E2_Elda,O3,T2_E1_Elche,NO,45,-0.05303224599691565
T2_E2_Elda,O3,T2_E1_Elche,NO,46,-0.08458457290244413
T2_E2_Elda,O3,T2_E1_Elche,NO,47,-0.11810527742237219
T2_E2_Elda,O3,T2_E1_Elche,NO,48,-0.13991708974368985
T2_E2_Elda,O3,T2_E1_Elche,NO,49,-0.14106292566002834
T2_E2_Elda,O3,T2_E1_Elche,NO,50,-0.12597247713328064
T2_E2_Elda,O3,T2_E1_Elche,NO,51,-0.10554135497981487
T2_E2_Elda,O3,T2_E1_Elche,NO,52,-0.09143702497998758
T2_E2_Elda,O3,T2_E1_Elche,NO,53,-0.08639835892205056
T2_E2_Elda,O3,T2_E1_Elche,NO,54,-0.0872240122983542
T2_E2_Elda,O3,T2_E1_Elche,NO,55,-0.09379121749761006
T2_E2_Elda,O3,T2_E1_Elche,NO,56,-0.10351462856128611
T2_E2_Elda,O3,T2_E1_Elche,NO,57,-0.11659240486212692
T2_E2_Elda,O3,T2_E1_Elche,NO,58,-0.12831415773356927
T2_E2_Elda,O3,T2_E1_Elche,NO,59,-0.13233934391151922
T2_E2_Elda,O3,T2_E1_Elche,NO,60,-0.1248303471268676
T2_E2_Elda,O3,T2_E1_Elche,NO,61,-0.10642803408523385
T2_E2_Elda,O3,T2_E1_Elche,NO,62,-0.08059544406775172
T2_E2_Elda,O3,T2_E1_Elche,NO,63,-0.05582927303941153
T2_E2_Elda,O3,T2_E1_Elche,NO,64,-0.036577062296789774
T2_E2_Elda,O3,T2_E1_Elche,NO,65,-0.024802335280388367
T2_E2_Elda,O3,T2_E1_Elche,NO,66,-0.021835180314595182
T2_E2_Elda,O3,T2_E1_Elche,NO,67,-0.029012567129044837
T2_E2_Elda,O3,T2_E1_Elche,NO,68,-0.04458948480940124
T2_E2_Elda,O3,T2_E1_Elche,NO,69,-0.06835200879114557
T2_E2_Elda,O3,T2_E1_Elche,NO,70,-0.09772108861761407
T2_E2_Elda,O3,T2_E1_Elche,NO,71,-0.1257640299991967
T2_E2_Elda,O3,T2_E1_Elche,NO,72,-0.14097290513972266
T2_E2_Elda,O3,T2_E1_Elche,NO2,-72,-0.26738863791637885
T2_E2_Elda,O3,T2_E1_Elche,NO2,-71,-0.2466051167492177
T2_E2_Elda,O3,T2_E1_Elche,NO2,-70,-0.1983427229352073
T2_E2_Elda,O3,T2_E1_Elche,NO2,-69,-0.1432694861918314
T2_E2_Elda,O3,T2_E1_Elche,NO2,-68,-0.09587353740017726
T2_E2_Elda,O3,T2_E1_Elche,NO2,-67,-0.06441016617701012
T2_E2_Elda,O3,T2_E1_Elche,NO2,-66,-0.04830831865365295
T2_E2_Elda,O3,T2_E1_Elche,NO2,-65,-0.04443637876033497
T2_E2_Elda,O3,T2_E1_Elche,NO2,-64,-0.04989047863183362
T2_E2_Elda,O3,T2_E1_Elche,NO2,-63,-0.06147051439393723
T2_E2_Elda,O3,T2_E1_Elche,NO2,-62,-0.07476606003618408
T2_E2_Elda,O3,T2_E1_Elche,NO2,-61,-0.08406138776889607
T2_E2_Elda,O3,T2_E1_Elche,NO2,-60,-0.08440123391738176
T2_E2_Elda,O3,T2_E1_Elche,NO2,-59,-0.07483743674709425
T2_E2_Elda,O3,T2_E1_Elche,NO2,-58,-0.0580820280138724
T2_E2_Elda,O3,T2_E1_Elche,NO2,-57,-0.041985385853589144
T2_E2_Elda,O3,T2_E1_Elche,NO2,-56,-0.03389044120638995
T2_E2_Elda,O3,T2_E1_Elche,NO2,-55,-0.035912267945304985
T2_E2_Elda,O3,T2_E1_Elche,NO2,-54,-0.04950359643065214
T2_E2_Elda,O3,T2_E1_Elche,NO2,-53,-0.07441407543005862
T2_E2_Elda,O3,T2_E1_Elche,NO2,-52,-0.11145021065232598
T2_E2_Elda,O3,T2_E1_Elche,NO2,-51,-0.15910699054360783
T2_E2_Elda,O3,T2_E1_Elche,NO2,-50,-0.21221125076532604
T2_E2_Elda,O3,T2_E1_Elche,NO2,-49,-0.2575387012653753
T2_E2_Elda,O3,T2_E1_Elche,NO2,-48,-0.2738285410749827
T2_E2_Elda,O3,T2_E1_Elche,NO2,-47,-0.25136179493791255
T2_E2_Elda,O3,T2_E1_Elche,NO2,-46,-0.20117060030085193
T2_E2_Elda,O3,T2_E1_Elche,NO2,-45,-0.14309672066527845
T2_E2_Elda,O3,T2_E1_Elche,NO2,-44,-0.09388578694477713
T2_E2_Elda,O3,T2_E1_Elche,NO2,-43,-0.06051121164837821
T2_E2_Elda,O3,T2_E1_Elche,NO2,-42,-0.042660277691353075
T2_E2_Elda,O3,T2_E1_Elche,NO2,-41,-0.03866482789616076
T2_E2_Elda,O3,T2_E1_Elche,NO2,-40,-0.046768962717209275
T2_E2_Elda,O3,T2_E1_Elche,NO2,-39,-0.06187885026871394
T2_E2_Elda,O3,T2_E1_Elche,NO2,-38,-0.07744418943266054
T2_E2_Elda,O3,T2_E1_Elche,NO2,-37,-0.08673042740624955
T2_E2_Elda,O3,T2_E1_Elche,NO2,-36,-0.08778583971317146
T2_E2_Elda,O3,T2_E1_Elche,NO2,-35,-0.07893956382589967
T2_E2_Elda,O3,T2_E1_Elche,NO2,-34,-0.06315085494103163
T2_E2_Elda,O3,T2_E1_Elche,NO2,-33,-0.04698003976189421
T2_E2_Elda,O3,T2_E1_Elche,NO2,-32,-0.036661432179075096
T2_E2_Elda,O3,T2_E1_Elche,NO2,-31,-0.0365521876666301
T2_E2_Elda,O3,T2_E1_Elche,NO2,-30,-0.04853773000350964
T2_E2_Elda,O3,T2_E1_Elche,NO2,-29,-0.07322633580014774
T2_E2_Elda,O3,T2_E1_Elche,NO2,-28,-0.11128508012062244
T2_E2_Elda,O3,T2_E1_Elche,NO2,-27,-0.1609466950170475
T2_E2_Elda,O3,T2_E1_Elche,NO2,-26,-0.21660655626399636
T2_E2_Elda,O3,T2_E1_Elche,NO2,-25,-0.2660629811119476
T2_E2_Elda,O3,T2_E1_Elche,NO2,-24,-0.2869875645842877
T2_E2_Elda,O3,T2_E1_Elche,NO2,-23,-0.26619472166595987
T2_E2_Elda,O3,T2_E1_Elche,NO2,-22,-0.21436049028903073
T2_E2_Elda,O3,T2_E1_Elche,NO2,-21,-0.15484380742957088
T2_E2_Elda,O3,T2_E1_Elche,NO2,-20,-0.10457272431384702
T2_E2_Elda,O3,T2_E1_Elche,NO2,-19,-0.07016228677849852
T2_E2_Elda,O3,T2_E1_Elche,NO2,-18,-0.052180367467728014
T2_E2_Elda,O3,T2_E1_Elche,NO2,-17,-0.04978073734061988
T2_E2_Elda,O3,T2_E1_Elche,NO2,-16,-0.058600908388545106
T2_E2_Elda,O3,T2_E1_Elche,NO2,-15,-0.07397445741549522
T2_E2_Elda,O3,T2_E1_Elche,NO2,-14,-0.0913513483011266
T2_E2_Elda,O3,T2_E1_Elche,NO2,-13,-0.1045580877309319
T2_E2_Elda,O3,T2_E1_Elche,NO2,-12,-0.10831076819119874
T2_E2_Elda,O3,T2_E1_Elche,NO2,-11,-0.10110194891950747
T2_E2_Elda,O3,T2_E1_Elche,NO2,-10,-0.08583488779804603
T2_E2_Elda,O3,T2_E1_Elche,NO2,-9,-0.069451403865752
T2_E2_Elda,O3,T2_E1_Elche,NO2,-8,-0.059609598211163795
T2_E2_Elda,O3,T2_E1_Elche,NO2,-7,-0.061251218579813006
T2_E2_Elda,O3,T2_E1_Elche,NO2,-6,-0.07722126823575146
T2_E2_Elda,O3,T2_E1_Elche,NO2,-5,-0.10967727814618027
T2_E2_Elda,O3,T2_E1_Elche,NO2,-4,-0.15834041723260447
T2_E2_Elda,O3,T2_E1_Elche,NO2,-3,-0.22229298111064352
T2_E2_Elda,O3,T2_E1_Elche,NO2,-2,-0.29746608708009736
T2_E2_Elda,O3,T2_E1_Elche,NO2,-1,-0.36443897435620626
T2_E2_Elda,O3,T2_E1_Elche,NO2,0,-0.39269069814210644
T2_E2_Elda,O3,T2_E1_Elche,NO2,1,-0.3635440652042111
T2_E2_Elda,O3,T2_E1_Elche,NO2,2,-0.2940988121896813
T2_E2_Elda,O3,T2_E1_Elche,NO2,3,-0.21723022731964553
T2_E2_Elda,O3,T2_E1_Elche,NO2,4,-0.15493641252622667
T2_E2_Elda,O3,T2_E1_Elche,NO2,5,-0.11440972716123085
T2_E2_Elda,O3,T2_E1_Elche,NO2,6,-0.09358913321348633
T2_E2_Elda,O3,T2_E1_Elche,NO2,7,-0.08893795219817041
T2_E2_Elda,O3,T2_E1_Elche,NO2,8,-0.09583204140484365
T2_E2_Elda,O3,T2_E1_Elche,NO2,9,-0.10988991801535318
T2_E2_Elda,O3,T2_E1_Elche,NO2,10,-0.1258723613225104
T2_E2_Elda,O3,T2_E1_Elche,NO2,11,-0.13729600298436442
T2_E2_Elda,O3,T2_E1_Elche,NO2,12,-0.13909461897429196
T2_E2_Elda,O3,T2_E1_Elche,NO2,13,-0.12882829223596395
T2_E2_Elda,O3,T2_E1_Elche,NO2,14,-0.10940315976344646
T2_E2_Elda,O3,T2_E1_Elche,NO2,15,-0.08952530280934906
T2_E2_Elda,O3,T2_E1_Elche,NO2,16,-0.07744217264518714
T2_E2_Elda,O3,T2_E1_Elche,NO2,17,-0.07626275651314676
T2_E2_Elda,O3,T2_E1_Elche,NO2,18,-0.08813888392351263
T2_E2_Elda,O3,T2_E1_Elche,NO2,19,-0.11340228891466836
T2_E2_Elda,O3,T2_E1_Elche,NO2,20,-0.15316699735890865
T2_E2_Elda,O3,T2_E1_Elche,NO2,21,-0.20483145340403025
T2_E2_Elda,O3,T2_E1_Elche,NO2,22,-0.26359255341302384
T2_E2_Elda,O3,T2_E1_Elche,NO2,23,-0.31423237723595704
T2_E2_Elda,O3,T2_E1_Elche,NO2,24,-0.3339238146238916
T2_E2_Elda,O3,T2_E1_Elche,NO2,25,-0.3088816056298174
T2_E2_Elda,O3,T2_E1_Elche,NO2,26,-0.2514568495626134
T2_E2_Elda,O3,T2_E1_Elche,NO2,27,-0.18747632448191934
T2_E2_Elda,O3,T2_E1_Elche,NO2,28,-0.1330136907612936
T2_E2_Elda,O3,T2_E1_Elche,NO2,29,-0.09560161311593475
T2_E2_Elda,O3,T2_E1_Elche,NO2,30,-0.07519645250288964
T2_E2_Elda,O3,T2_E1_Elche,NO2,31,-0.07027258898553869
T2_E2_Elda,O3,T2_E1_Elche,NO2,32,-0.07557674346757548
T2_E2_Elda,O3,T2_E1_Elche,NO2,33,-0.08602864475842505
T2_E2_Elda,O3,T2_E1_Elche,NO2,34,-0.09760087541148625
T2_E2_Elda,O3,T2_E1_Elche,NO2,35,-0.10575315696213844
T2_E2_Elda,O3,T2_E1_Elche,NO2,36,-0.10791731698920652
T2_E2_Elda,O3,T2_E1_Elche,NO2,37,-0.1007814412849835
T2_E2_Elda,O3,T2_E1_Elche,NO2,38,-0.08630152126148168
T2_E2_Elda,O3,T2_E1_Elche,NO2,39,-0.07055692950172361
T2_E2_Elda,O3,T2_E1_Elche,NO2,40,-0.061074055304621386
T2_E2_Elda,O3,T2_E1_Elche,NO2,41,-0.06131704132066742
T2_E2_Elda,O3,T2_E1_Elche,NO2,42,-0.07240220823457319
T2_E2_Elda,O3,T2_E1_Elche,NO2,43,-0.09514106983927853
T2_E2_Elda,O3,T2_E1_Elche,NO2,44,-0.1306027201284817
T2_E2_Elda,O3,T2_E1_Elche,NO2,45,-0.17810439200376502
T2_E2_Elda,O3,T2_E1_Elche,NO2,46,-0.2318607920213844
T2_E2_Elda,O3,T2_E1_Elche,NO2,47,-0.2787696089710246
T2_E2_Elda,O3,T2_E1_Elche,NO2,48,-0.2979592733339651
T2_E2_Elda,O3,T2_E1_Elche,NO2,49,-0.2781802187807896
T2_E2_Elda,O3,T2_E1_Elche,NO2,50,-0.23063880554663427
T2_E2_Elda,O3,T2_E1_Elche,NO2,51,-0.17434350789039627
T2_E2_Elda,O3,T2_E1_Elche,NO2,52,-0.12554088127317778
T2_E2_Elda,O3,T2_E1_Elche,NO2,53,-0.09245464568513004
T2_E2_Elda,O3,T2_E1_Elche,NO2,54,-0.07412119614160054
T2_E2_Elda,O3,T2_E1_Elche,NO2,55,-0.0694555463415927
T2_E2_Elda,O3,T2_E1_Elche,NO2,56,-0.07412617983259058
T2_E2_Elda,O3,T2_E1_Elche,NO2,57,-0.08498976243063337
T2_E2_Elda,O3,T2_E1_Elche,NO2,58,-0.09672461861469596
T2_E2_Elda,O3,T2_E1_Elche,NO2,59,-0.10535274756952273
T2_E2_Elda,O3,T2_E1_Elche,NO2,60,-0.10802944874698163
T2_E2_Elda,O3,T2_E1_Elche,NO2,61,-0.10240151559926293
T2_E2_Elda,O3,T2_E1_Elche,NO2,62,-0.08936835785027163
T2_E2_Elda,O3,T2_E1_Elche,NO2,63,-0.0763090348870656
T2_E2_Elda,O3,T2_E1_Elche,NO2,64,-0.0690167993891734
T2_E2_Elda,O3,T2_E1_Elche,NO2,65,-0.06974654775123612
T2_E2_Elda,O3,T2_E1_Elche,NO2,66,-0.08040267260469397
T2_E2_Elda,O3,T2_E1_Elche,NO2,67,-0.10368086959650498
T2_E2_Elda,O3,T2_E1_Elche,NO2,68,-0.1387692145043287
T2_E2_Elda,O3,T2_E1_Elche,NO2,69,-0.18435995245899475
T2_E2_Elda,O3,T2_E1_Elche,NO2,70,-0.23549318073280887
T2_E2_Elda,O3,T2_E1_Elche,NO2,71,-0.2789719035359709
T2_E2_Elda,O3,T2_E1_Elche,NO2,72,-0.29397583855895226
T2_E2_Elda,O3,T2_E1_Elche,O3,-72,0.6185461588900099
T2_E2_Elda,O3,T2_E1_Elche,O3,-71,0.6098392533869045
T2_E2_Elda,O3,T2_E1_Elche,O3,-70,0.5615510371149973
T2_E2_Elda,O3,T2_E1_Elche,O3,-69,0.48768648963336075
T2_E2_Elda,O3,T2_E1_Elche,O3,-68,0.4008776337420692
T2_E2_Elda,O3,T2_E1_Elche,O3,-67,0.31097857360245534
T2_E2_Elda,O3,T2_E1_Elche,O3,-66,0.22288075381316344
T2_E2_Elda,O3,T2_E1_Elche,O3,-65,0.13973982825645892
T2_E2_Elda,O3,T2_E1_Elche,O3,-64,0.06440672634422588
T2_E2_Elda,O3,T2_E1_Elche,O3,-63,-0.0008903012086945406
T2_E2_Elda,O3,T2_E1_Elche,O3,-62,-0.05488752093986419
T2_E2_Elda,O3,T2_E1_Elche,O3,-61,-0.0954807853100226
T2_E2_Elda,O3,T2_E1_Elche,O3,-60,-0.12013253094690177
T2_E2_Elda,O3,T2_E1_Elche,O3,-59,-0.12631065122373428
T2_E2_Elda,O3,T2_E1_Elche,O3,-58,-0.11288196741151757
T2_E2_Elda,O3,T2_E1_Elche,O3,-57,-0.0790686598151865
T2_E2_Elda,O3,T2_E1_Elche,O3,-56,-0.02512296323202645
T2_E2_Elda,O3,T2_E1_Elche,O3,-55,0.045970930326640264
T2_E2_Elda,O3,T2_E1_Elche,O3,-54,0.13192081754697887
T2_E2_Elda,O3,T2_E1_Elche,O3,-53,0.22889209486011855
T2_E2_Elda,O3,T2_E1_Elche,O3,-52,0.33188796520554875
T2_E2_Elda,O3,T2_E1_Elche,O3,-51,0.4343204956340683
T2_E2_Elda,O3,T2_E1_Elche,O3,-50,0.5284894757113643
T2_E2_Elda,O3,T2_E1_Elche,O3,-49,0.601533612615588
T2_E2_Elda,O3,T2_E1_Elche,O3,-48,0.6371119069123732
T2_E2_Elda,O3,T2_E1_Elche,O3,-47,0.627159583316498
T2_E2_Elda,O3,T2_E1_Elche,O3,-46,0.57697653357916
T2_E2_Elda,O3,T2_E1_Elche,O3,-45,0.5005682058288236
T2_E2_Elda,O3,T2_E1_Elche,O3,-44,0.41127992536387503
T2_E2_Elda,O3,T2_E1_Elche,O3,-43,0.3188911497722938
T2_E2_Elda,O3,T2_E1_Elche,O3,-42,0.2292285730072321
T2_E2_Elda,O3,T2_E1_Elche,O3,-41,0.14551969077638024
T2_E2_Elda,O3,T2_E1_Elche,O3,-40,0.07031479657232083
T2_E2_Elda,O3,T2_E1_Elche,O3,-39,0.005656492754236479
T2_E2_Elda,O3,T2_E1_Elche,O3,-38,-0.047238102312608145
T2_E2_Elda,O3,T2_E1_Elche,O3,-37,-0.08735221960802246
T2_E2_Elda,O3,T2_E1_Elche,O3,-36,-0.1112594016181753
T2_E2_Elda,O3,T2_E1_Elche,O3,-35,-0.11657045289370725
T2_E2_Elda,O3,T2_E1_Elche,O3,-34,-0.10204569543978517
T2_E2_Elda,O3,T2_E1_Elche,O3,-33,-0.06731154349846645
T2_E2_Elda,O3,T2_E1_Elche,O3,-32,-0.013416588558017013
T2_E2_Elda,O3,T2_E1_Elche,O3,-31,0.05778642093562662
T2_E2_Elda,O3,T2_E1_Elche,O3,-30,0.1444430673291521
T2_E2_Elda,O3,T2_E1_Elche,O3,-29,0.2427912188853792
T2_E2_Elda,O3,T2_E1_Elche,O3,-28,0.34834363977754756
T2_E2_Elda,O3,T2_E1_Elche,O3,-27,0.4548167180745254
T2_E2_Elda,O3,T2_E1_Elche,O3,-26,0.5531894112766137
T2_E2_Elda,O3,T2_E1_Elche,O3,-25,0.6306342309990277
T2_E2_Elda,O3,T2_E1_Elche,O3,-24,0.6708338092853361
T2_E2_Elda,O3,T2_E1_Elche,O3,-23,0.6626715750900043
T2_E2_Elda,O3,T2_E1_Elche,O3,-22,0.6117557316185575
T2_E2_Elda,O3,T2_E1_Elche,O3,-21,0.5335162087316654
T2_E2_Elda,O3,T2_E1_Elche,O3,-20,0.4422011572616184
T2_E2_Elda,O3,T2_E1_Elche,O3,-19,0.34802863444729665
T2_E2_Elda,O3,T2_E1_Elche,O3,-18,0.256694738321001
T2_E2_Elda,O3,T2_E1_Elche,O3,-17,0.17158247428707496
T2_E2_Elda,O3,T2_E1_Elche,O3,-16,0.09484454558436825
T2_E2_Elda,O3,T2_E1_Elche,O3,-15,0.02848911794116843
T2_E2_Elda,O3,T2_E1_Elche,O3,-14,-0.0249220776434175
T2_E2_Elda,O3,T2_E1_Elche,O3,-13,-0.06376914963676786
T2_E2_Elda,O3,T2_E1_Elche,O3,-12,-0.08596384561721124
T2_E2_Elda,O3,T2_E1_Elche,O3,-11,-0.0893484072996833
T2_E2_Elda,O3,T2_E1_Elche,O3,-10,-0.07252880268977341
T2_E2_Elda,O3,T2_E1_Elche,O3,-9,-0.035529645793031785
T2_E2_Elda,O3,T2_E1_Elche,O3,-8,0.021830235524133428
T2_E2_Elda,O3,T2_E1_Elche,O3,-7,0.09939131631670425
T2_E2_Elda,O3,T2_E1_Elche,O3,-6,0.19510711302357564
T2_E2_Elda,O3,T2_E1_Elche,O3,-5,0.3055953038285722
T2_E2_Elda,O3,T2_E1_Elche,O3,-4,0.42512153498781446
T2_E2_Elda,O3,T2_E1_Elche,O3,-3,0.5470157946509775
T2_E2_Elda,O3,T2_E1_Elche,O3,-2,0.6626409137919672
T2_E2_Elda,O3,T2_E1_Elche,O3,-1,0.755190147006886
T2_E2_Elda,O3,T2_E1_Elche,O3,0,0.8030903689033598
T2_E2_Elda,O3,T2_E1_Elche,O3,1,0.7918578301671345
T2_E2_Elda,O3,T2_E1_Elche,O3,2,0.7285860603349008
T2_E2_Elda,O3,T2_E1_Elche,O3,3,0.6350014375733471
T2_E2_Elda,O3,T2_E1_Elche,O3,4,0.5287198454890734
T2_E2_Elda,O3,T2_E1_Elche,O3,5,0.42165699805106616
T2_E2_Elda,O3,T2_E1_Elche,O3,6,0.31864517565181666
T2_E2_Elda,O3,T2_E1_Elche,O3,7,0.22290717982242123
T2_E2_Elda,O3,T2_E1_Elche,O3,8,0.13646516676482945
T2_E2_Elda,O3,T2_E1_Elche,O3,9,0.06222632631292368
T2_E2_Elda,O3,T2_E1_Elche,O3,10,0.0020010021301171835
T2_E2_Elda,O3,T2_E1_Elche,O3,11,-0.042957177858015144
T2_E2_Elda,O3,T2_E1_Elche,O3,12,-0.07066287094580984
T2_E2_Elda,O3,T2_E1_Elche,O3,13,-0.07885846381805663
T2_E2_Elda,O3,T2_E1_Elche,O3,14,-0.06723575127068217
T2_E2_Elda,O3,T2_E1_Elche,O3,15,-0.03466067837880936
T2_E2_Elda,O3,T2_E1_Elche,O3,16,0.018969815536224968
T2_E2_Elda,O3,T2_E1_Elche,O3,17,0.09051151514102826
T2_E2_Elda,O3,T2_E1_Elche,O3,18,0.17800397502969328
T2_E2_Elda,O3,T2_E1_Elche,O3,19,0.2770484176342744
T2_E2_Elda,O3,T2_E1_Elche,O3,20,0.38279137627532667
T2_E2_Elda,O3,T2_E1_Elche,O3,21,0.4882607053819539
T2_E2_Elda,O3,T2_E1_Elche,O3,22,0.5859348337043329
T2_E2_Elda,O3,T2_E1_Elche,O3,23,0.6612846555031185
T2_E2_Elda,O3,T2_E1_Elche,O3,24,0.69737069950561
T2_E2_Elda,O3,T2_E1_Elche,O3,25,0.6840197418562394
T2_E2_Elda,O3,T2_E1_Elche,O3,26,0.6266337888676956
T2_E2_Elda,O3,T2_E1_Elche,O3,27,0.5416639075380659
T2_E2_Elda,O3,T2_E1_Elche,O3,28,0.44452327606532155
T2_E2_Elda,O3,T2_E1_Elche,O3,29,0.3457004274555339
T2_E2_Elda,O3,T2_E1_Elche,O3,30,0.2506471742041822
T2_E2_Elda,O3,T2_E1_Elche,O3,31,0.16251286099298567
T2_E2_Elda,O3,T2_E1_Elche,O3,32,0.08305366174353672
T2_E2_Elda,O3,T2_E1_Elche,O3,33,0.013967529137574862
T2_E2_Elda,O3,T2_E1_Elche,O3,34,-0.04262028229780164
T2_E2_Elda,O3,T2_E1_Elche,O3,35,-0.08469377674579383
T2_E2_Elda,O3,T2_E1_Elche,O3,36,-0.10927692763213713
T2_E2_Elda,O3,T2_E1_Elche,O3,37,-0.11486688265632639
T2_E2_Elda,O3,T2_E1_Elche,O3,38,-0.10108156152427746
T2_E2_Elda,O3,T2_E1_Elche,O3,39,-0.067228325678154
T2_E2_Elda,O3,T2_E1_Elche,O3,40,-0.014139624115444886
T2_E2_Elda,O3,T2_E1_Elche,O3,41,0.05629986349518266
T2_E2_Elda,O3,T2_E1_Elche,O3,42,0.14094133588772975
T2_E2_Elda,O3,T2_E1_Elche,O3,43,0.23623650779705802
T2_E2_Elda,O3,T2_E1_Elche,O3,44,0.3374962818904217
T2_E2_Elda,O3,T2_E1_Elche,O3,45,0.4387470696584241
T2_E2_Elda,O3,T2_E1_Elche,O3,46,0.5315102478684723
T2_E2_Elda,O3,T2_E1_Elche,O3,47,0.6037119265743325
T2_E2_Elda,O3,T2_E1_Elche,O3,48,0.6408366411263767
T2_E2_Elda,O3,T2_E1_Elche,O3,49,0.6328162651962569
T2_E2_Elda,O3,T2_E1_Elche,O3,50,0.5843680887298391
T2_E2_Elda,O3,T2_E1_Elche,O3,51,0.507922927209917
T2_E2_Elda,O3,T2_E1_Elche,O3,52,0.4177248332626832
T2_E2_Elda,O3,T2_E1_Elche,O3,53,0.32464127772367907
T2_E2_Elda,O3,T2_E1_Elche,O3,54,0.2341695383492344
T2_E2_Elda,O3,T2_E1_Elche,O3,55,0.14951458271217466
T2_E2_Elda,O3,T2_E1_Elche,O3,56,0.0726640184787474
T2_E2_Elda,O3,T2_E1_Elche,O3,57,0.005356883362343136
T2_E2_Elda,O3,T2_E1_Elche,O3,58,-0.049679834485762527
T2_E2_Elda,O3,T2_E1_Elche,O3,59,-0.0896382117598342
T2_E2_Elda,O3,T2_E1_Elche,O3,60,-0.11181862238828891
T2_E2_Elda,O3,T2_E1_Elche,O3,61,-0.11505518231448572
T2_E2_Elda,O3,T2_E1_Elche,O3,62,-0.09973021444744616
T2_E2_Elda,O3,T2_E1_Elche,O3,63,-0.06575748184805305
T2_E2_Elda,O3,T2_E1_Elche,O3,64,-0.01300760256255711
T2_E2_Elda,O3,T2_E1_Elche,O3,65,0.056176824010295175
T2_E2_Elda,O3,T2_E1_Elche,O3,66,0.13961700657380402
T2_E2_Elda,O3,T2_E1_Elche,O3,67,0.23450710472370043
T2_E2_Elda,O3,T2_E1_Elche,O3,68,0.33506010051846397
T2_E2_Elda,O3,T2_E1_Elche,O3,69,0.4347786652732294
T2_E2_Elda,O3,T2_E1_Elche,O3,70,0.5252068637748759
T2_E2_Elda,O3,T2_E1_Elche,O3,71,0.5950642149953836
T2_E2_Elda,O3,T2_E1_Elche,O3,72,0.6292075381830569
